0.5202807017543863,0.5365660818713452,0.5237286549707603,0.5130970760233919,0.5245520467836259,0.5097309941520469,0.51186432748538,0.5026339181286549,0.4921847953216375,0.5027111111111111,0.4953801169590643,0.485808187134503,0.4708935672514621,0.4752818713450294,0.4734473152578416,0.48798511430090385,0.47389537480063804,0.5044894881832682,0.47971019283746574,0.41922201044810886,0.42411478859934715,0.44151578947368414,0.4913204775022958,0.5147636111200984,0.5197219104725136,0.4650917382932095,0.459141520467836,0.4689239766081871,0.48200701754385955,0.49013567251461976,0.5119064327485381,0.5005824561403508,0.501216374269006,0.5073309941520469,0.5146549707602339,0.5114853801169589,0.5095999999999999,0.5106385964912281,0.5007274853801169,0.5148561403508772
-0.2674385964912279,-0.2701005847953217,-0.26293801169590647,-0.252166081871345,-0.24562339181286544,-0.24640935672514616,-0.24252163742690064,-0.230348538011696,-0.20325380116959055,-0.17623625730994158,-0.13619883040935676,-0.081209356725146,-0.007352046783625716,0.07563274853801186,0.13976310473152578,0.1748272195640616,0.21073748006379595,0.11343685660432082,0.18778036827606184,0.29325709816740697,0.2837639114063647,0.23730526315789427,-0.042921946740128614,-0.18289189127224634,-0.18466405443976716,0.027372440047595255,-0.00892865497076045,-0.07879532163742696,-0.14501052631578945,-0.19653099415204692,-0.21967251461988313,-0.21906666666666663,-0.21913450292397646,-0.23582690058479533,-0.2393801169590644,-0.22711111111111132,-0.22724210526315788,-0.22515087719298235,-0.227693567251462,-0.23812631578947369
-0.7604210526315789,-0.7613286549707603,-0.7643415204678363,-0.768306432748538,-0.7719391812865496,-0.7727251461988304,-0.7688374269005849,-0.7678923976608188,-0.7716748538011696,-0.776587134502924,-0.7853216374269006,-0.7948935672514619,-0.8108608187134503,-0.8219111111111111,-0.8297105794790005,-0.8435938330675173,-0.86154322169059,-0.8693701609395389,-0.8827459475134116,-0.8818306211308387,-0.875885211400653,-0.8651508771929826,-0.8453142912377364,-0.8265282549086099,-0.8211552825099426,-0.8217503669699486,-0.8085777777777778,-0.7942339181286551,-0.7811508771929825,-0.7733730994152047,-0.7652865497076025,-0.7629263157894737,-0.7619415204678361,-0.7631953216374269,-0.7660467836257311,-0.769216374269006,-0.771101754385965,-0.7690105263157894,-0.7641847953216374,-0.7644421052631579
0.5360701754385967,0.5369169590643277,0.5339040935672517,0.5299391812865499,0.5263064327485383,0.5255204678362576,0.528004678362573,0.5135111111111111,0.5090269005847953,0.5041146198830408,0.4953801169590643,0.485808187134503,0.4596654970760235,0.4486152046783628,0.45134205209994677,0.45289739500265824,0.4251234449760769,0.42582775119617244,0.4079485573437727,0.38413429114986297,0.38727268333618914,0.39941052631578955,0.4400851577980765,0.4524136254394156,0.44766343972765765,0.42561805408268316,0.43843976608187124,0.46822222222222204,0.48200701754385955,0.4897847953216374,0.4996257309941521,0.516021052631579,0.5029707602339184,0.5164538011695906,0.5146549707602339,0.5114853801169589,0.5095999999999999,0.5106385964912281,0.5000257309941522,0.5032771929824562
-0.1446315789473683,-0.1472935672514621,-0.14013099415204683,-0.12935906432748537,-0.12281637426900566,-0.1236023391812864,-0.11971461988304087,-0.10754152046783623,-0.08781520467836264,-0.07097309941520473,-0.03269005847953223,0.004053801169590835,0.04563040935672534,0.09773801169590655,0.14888591174906968,0.15991493886230732,0.21880765550239245,0.2043140495867767,0.2305873858199217,0.25992376483407353,0.26271127982741727,0.24221754385964894,0.12476545357885047,-0.09545967436634509,-0.04782194917660869,0.07298647513531457,0.02159766081871327,-0.03247953216374275,-0.06781754385964926,-0.09267134502923986,-0.11440935672514628,-0.11380350877192974,-0.11281871345029215,-0.11407251461988291,-0.11657309941520466,-0.10430409356725154,-0.10443508771929831,-0.10339649122807017,-0.11400935672514609,-0.1153192982456139
-0.7604210526315789,-0.7613286549707603,-0.7643415204678363,-0.768306432748538,-0.7719391812865496,-0.7727251461988304,-0.7688374269005849,-0.7678923976608188,-0.7716748538011696,-0.776587134502924,-0.7853216374269006,-0.7948935672514619,-0.8108608187134503,-0.8219111111111111,-0.8297105794790005,-0.8435938330675173,-0.86154322169059,-0.8693701609395389,-0.8827459475134116,-0.8818306211308387,-0.875885211400653,-0.8651508771929826,-0.8453142912377364,-0.8265282549086099,-0.8211552825099426,-0.8217503669699486,-0.8085777777777778,-0.7942339181286551,-0.7811508771929825,-0.7733730994152047,-0.7652865497076025,-0.7629263157894737,-0.7619415204678361,-0.7631953216374269,-0.7660467836257311,-0.769216374269006,-0.771101754385965,-0.7690105263157894,-0.7641847953216374,-0.7644421052631579
0.41501754385964923,0.4141099415204677,0.4110970760233918,0.40713216374269007,0.4077099415204681,0.40446783625731014,0.40660116959064324,0.39737076023391804,0.3862198830409357,0.3809567251461989,0.35853801169590643,0.36265029239766094,0.34703391812865503,0.34335204678362596,0.34572801701222755,0.33359914938862323,0.3181059011164276,0.31370653907496004,0.3017284616499927,0.29045008062354716,0.2820095254414523,0.2941473684210527,0.33854535788507073,0.3499629731615655,0.34937103327953106,0.32035489618794605,0.3317730994152046,0.3461169590643274,0.35253333333333337,0.3659251461988303,0.3908538011695906,0.3949684210526315,0.3959532163742691,0.3946994152046784,0.39640935672514627,0.40622222222222204,0.4043368421052631,0.39625263157894747,0.3937099415204679,0.3934526315789474
-0.1305964912280701,-0.1339602339181288,-0.12258713450292391,-0.11848187134502913,-0.10667602339181277,-0.10605847953216371,-0.10217076023391819,-0.09105029239766095,-0.07939415204678363,-0.05378011695906431,-0.03093567251461992,0.00545730994152063,0.052297076023391925,0.09773801169590655,0.15344731525784172,0.17570441254651795,0.21915853269537483,0.20747194432361907,0.259359315644483,0.2918535893954772,0.2820095254414523,0.25976140350877186,0.21012430525349166,0.15908578017910932,0.14691489292865387,0.07298647513531457,0.023001169590643064,-0.02476023391812875,-0.05869473684210534,-0.09267134502923986,-0.11440935672514628,-0.11380350877192974,-0.11281871345029215,-0.11407251461988291,-0.11236257309941515,-0.10254970760233935,-0.10443508771929831,-0.10234385964912275,-0.0982198830409356,-0.11391578947368411
-0.7604210526315789,-0.7613286549707603,-0.7643415204678363,-0.768306432748538,-0.7719391812865496,-0.7727251461988304,-0.7688374269005849,-0.7678923976608188,-0.7716748538011696,-0.776587134502924,-0.7853216374269006,-0.7948935672514619,-0.8108608187134503,-0.8219111111111111,-0.8297105794790005,-0.8435938330675173,-0.86154322169059,-0.8693701609395389,-0.8827459475134116,-0.8818306211308387,-0.875885211400653,-0.8651508771929826,-0.8453142912377364,-0.8265282549086099,-0.8211552825099426,-0.8217503669699486,-0.8085777777777778,-0.7942339181286551,-0.7811508771929825,-0.7733730994152047,-0.7652865497076025,-0.7629263157894737,-0.7619415204678361,-0.7631953216374269,-0.7660467836257311,-0.769216374269006,-0.771101754385965,-0.7690105263157894,-0.7641847953216374,-0.7644421052631579
0.2237894736842108,0.23832046783625715,0.23565847953216384,0.2316935672514621,0.2280608187134505,0.22727485380116974,0.21818011695906436,0.2145637426900585,0.2107812865497077,0.2058690058479533,0.1971345029239767,0.20475555555555558,0.23054269005847958,0.22159766081871338,0.1980087187666135,0.19500265816055293,0.19073748006379582,0.18326141800782955,0.16988563143395677,0.1708009578165297,0.17674636754671544,0.18677894736842093,0.19836991928857947,0.20171735912647784,0.19147629643742578,0.16246015934584104,0.16089590643274845,0.17067836257309932,0.18656842105263144,0.24873216374268997,0.21980116959064327,0.2195298245614036,0.22051461988304116,0.22662923976608204,0.23395321637426908,0.2307836257309941,0.22889824561403516,0.23098947368421072,0.23581520467836276,0.23555789473684224
-0.2849824561403507,-0.28764444444444454,-0.2794292397660818,-0.260587134502924,-0.2628163742690058,-0.24991812865497073,-0.25831111111111116,-0.24122573099415215,-0.2207976608187135,-0.18956959064327486,-0.15198830409356726,-0.0829637426900583,0.017209356725146563,0.10633450292397677,0.18186836788942048,0.2774587985114302,0.343018181818182,0.40185790923589987,0.3979558068725533,0.3988711332551262,0.40481654298531194,0.42221754385964916,0.3724050070078776,0.28908578017910935,0.23007278766549602,0.13965314180198118,0.044404678362572995,-0.04844444444444456,-0.10308070175438594,-0.1428467836257312,-0.23458479532163753,-0.2681894736842106,-0.2886081871345028,-0.298633918128655,-0.29236257309941527,-0.29553216374269026,-0.2974175438596492,-0.29532631578947366,-0.29120233918128646,-0.3068982456140351
-0.7604210526315789,-0.7613286549707603,-0.7643415204678363,-0.768306432748538,-0.7719391812865496,-0.7727251461988304,-0.7688374269005849,-0.7678923976608188,-0.7716748538011696,-0.776587134502924,-0.7853216374269006,-0.7948935672514619,-0.8108608187134503,-0.8219111111111111,-0.8297105794790005,-0.8435938330675173,-0.86154322169059,-0.8693701609395389,-0.8827459475134116,-0.8818306211308387,-0.875885211400653,-0.8651508771929826,-0.8453142912377364,-0.8265282549086099,-0.8211552825099426,-0.8217503669699486,-0.8085777777777778,-0.7942339181286551,-0.7811508771929825,-0.7733730994152047,-0.7652865497076025,-0.7629263157894737,-0.7619415204678361,-0.7631953216374269,-0.7660467836257311,-0.769216374269006,-0.771101754385965,-0.7690105263157894,-0.7641847953216374,-0.7644421052631579
0.13256140350877213,0.13340818713450295,0.130395321637427,0.12643040935672525,0.12279766081871364,0.1220116959064329,0.12449590643274863,0.11000233918128643,0.10481637426900585,0.08446549707602333,0.07432748538011692,0.05177309941520473,0.021069005847953435,0.010018713450292526,0.024547793726741287,0.05050505050505057,0.047579585326953895,0.0709807162534436,0.08111370160939532,0.08273078237793316,0.0732375956168909,0.06923508771929807,0.08451027016577241,0.09592788544226731,0.09112541924444348,0.0887759488195252,0.04335204678362571,-0.00370760233918133,-0.00676491228070182,0.03539883040935683,0.059274853801169605,0.07602105263157916,0.10823391812865511,0.13119064327485375,0.14483040935672525,0.14306432748538006,0.14117894736842113,0.14221754385964927,0.13897309941520494,0.14783859649122819
-0.46392982456140336,-0.4788725146198831,-0.4657450292397661,-0.4462011695906433,-0.43860584795321633,-0.43939181286549706,-0.4355040935672515,-0.4335064327485381,-0.41378011695906436,-0.3822011695906433,-0.32742690058479534,-0.24261286549707586,-0.1350713450292395,0.01984327485380146,0.18186836788942048,0.31430090377458797,0.45424625199362045,0.5762438741481802,0.6388329998550092,0.677818501676179,0.6679744377221543,0.6011649122807016,0.5034576385868249,0.36645420123174116,0.2841078753847942,0.2694777032054901,0.0872116959064321,-0.04616374269005855,-0.16676491228070164,-0.2751274853801171,-0.3617777777777778,-0.42538245614035103,-0.45667836257309935,-0.48144093567251456,-0.4849941520467837,-0.47272514619883055,-0.47285614035087725,-0.471817543859649,-0.4824304093567251,-0.48830175438596496
-0.7604210526315789,-0.7613286549707603,-0.7643415204678363,-0.768306432748538,-0.7719391812865496,-0.7727251461988304,-0.7688374269005849,-0.7678923976608188,-0.7716748538011696,-0.776587134502924,-0.7853216374269006,-0.7948935672514619,-0.8108608187134503,-0.8219111111111111,-0.8297105794790005,-0.8435938330675173,-0.86154322169059,-0.8693701609395389,-0.8827459475134116,-0.8818306211308387,-0.875885211400653,-0.8651508771929826,-0.8453142912377364,-0.8265282549086099,-0.8211552825099426,-0.8217503669699486,-0.8085777777777778,-0.7942339181286551,-0.7811508771929825,-0.7733730994152047,-0.7652865497076025,-0.7629263157894737,-0.7619415204678361,-0.7631953216374269,-0.7660467836257311,-0.769216374269006,-0.771101754385965,-0.7690105263157894,-0.7641847953216374,-0.7644421052631579
0.6448421052631579,0.6593730994152044,0.6465356725146196,0.6359040935672513,0.6477099415204677,0.6465730994152046,0.635022222222222,0.6254409356725146,0.6142900584795324,0.609377777777778,0.6023976608187136,0.5952818713450295,0.5751040935672518,0.556685380116959,0.5436227538543329,0.5581605528973951,0.5289830940988837,0.5369456285341453,0.5295347542409743,0.4893974490445998,0.492535841230926,0.5278315789473684,0.5488947851722971,0.5590931615175042,0.5608827098139448,0.5314569803376004,0.5566853801169593,0.5910292397660819,0.6048140350877195,0.6125918128654972,0.6206783625730996,0.6230385964912283,0.6240233918128658,0.6301380116959064,0.6374619883040935,0.6342923976608186,0.6324070175438596,0.624322807017544,0.6217801169590647,0.6215228070175441
-0.1463859649122806,-0.1472935672514621,-0.14013099415204683,-0.12935906432748537,-0.12281637426900566,-0.1236023391812864,-0.11971461988304087,-0.11771695906432755,-0.09799064327485371,-0.07132397660818712,-0.04672514619883042,-0.007876023391812668,0.04492865497076044,0.09843976608187145,0.15976310473152577,0.12658160552897388,0.18091291866028714,0.19624387414818045,0.2218154559953603,0.21466060693933686,0.22762356052917168,0.21870877192982444,0.11103339616258243,-0.09553941918293218,0.07884471749005759,0.07298647513531457,0.010018713450292151,-0.04230409356725155,-0.06887017543859641,-0.09267134502923986,-0.11440935672514628,-0.11380350877192974,-0.11387134502923957,-0.12319532163742695,-0.11692397660818706,-0.12009356725146204,-0.1089964912280702,-0.10339649122807017,-0.11400935672514609,-0.1153192982456139
-0.7604210526315789,-0.7613286549707603,-0.7643415204678363,-0.768306432748538,-0.7719391812865496,-0.7727251461988304,-0.7688374269005849,-0.7678923976608188,-0.7716748538011696,-0.776587134502924,-0.7853216374269006,-0.7948935672514619,-0.8108608187134503,-0.8219111111111111,-0.8297105794790005,-0.8435938330675173,-0.86154322169059,-0.8693701609395389,-0.8827459475134116,-0.8818306211308387,-0.875885211400653,-0.8651508771929826,-0.8453142912377364,-0.8265282549086099,-0.8211552825099426,-0.8217503669699486,-0.8085777777777778,-0.7942339181286551,-0.7811508771929825,-0.7733730994152047,-0.7652865497076025,-0.7629263157894737,-0.7619415204678361,-0.7631953216374269,-0.7660467836257311,-0.769216374269006,-0.771101754385965,-0.7690105263157894,-0.7641847953216374,-0.7644421052631579
0.7851929824561406,0.7997239766081874,0.7868865497076023,0.776254970760234,0.787709941520468,0.7728888888888891,0.7750222222222222,0.765791812865497,0.7546409356725149,0.7451672514619885,0.7234502923976606,0.7008959064327485,0.6519461988304096,0.6422994152046785,0.6309911749069645,0.6300903774587987,0.612140988835726,0.6144894881832683,0.6091838770479917,0.6255377999217927,0.631132332458996,0.6264280701754383,0.6459137789377022,0.6646998152668286,0.6655113841567242,0.6519338435563674,0.6651064327485382,0.679450292397661,0.6932350877192983,0.7164514619883041,0.7259415204678361,0.7297052631578946,0.7461286549707602,0.7529450292397661,0.7602690058479534,0.7570994152046784,0.7552140350877194,0.757305263157895,0.7621309941520471,0.7664350877192984
-0.32007017543859634,-0.32273216374269015,-0.3155695906432749,-0.31146432748538005,-0.2996584795321636,-0.3007953216374269,-0.3007672514619883,-0.30999766081871355,-0.29097309941520455,-0.264306432748538,-0.2432163742690059,-0.22366549707602315,-0.12068538011695881,-0.14191111111111104,-0.085500053163211,-0.020786815523657673,0.040562041467304674,0.1158929969551979,0.15093826301290417,0.1736079753603893,0.17674636754671544,0.15590175438596482,0.13854535788507075,0.1062787626352497,0.04902015608654864,-0.014732823110299458,-0.06471812865497097,-0.12370760233918139,-0.18115087719298248,-0.23618011695906435,-0.27405847953216383,-0.29029473684210527,-0.3050994152046782,-0.30705497076023386,-0.30990643274853796,-0.31307602339181295,-0.31496140350877194,-0.31287017543859635,-0.30804444444444434,-0.30830175438596485
-0.7604210526315789,-0.7613286549707603,-0.7643415204678363,-0.768306432748538,-0.7719391812865496,-0.7727251461988304,-0.7688374269005849,-0.7678923976608188,-0.7716748538011696,-0.776587134502924,-0.7853216374269006,-0.7948935672514619,-0.8108608187134503,-0.8219111111111111,-0.8297105794790005,-0.8435938330675173,-0.86154322169059,-0.8693701609395389,-0.8827459475134116,-0.8818306211308387,-0.875885211400653,-0.8651508771929826,-0.8453142912377364,-0.8265282549086099,-0.8211552825099426,-0.8217503669699486,-0.8085777777777778,-0.7942339181286551,-0.7811508771929825,-0.7733730994152047,-0.7652865497076025,-0.7629263157894737,-0.7619415204678361,-0.7631953216374269,-0.7660467836257311,-0.769216374269006,-0.771101754385965,-0.7690105263157894,-0.7641847953216374,-0.7644421052631579
0.8202807017543859,0.8348116959064327,0.8310970760233918,0.8123953216374268,0.823148538011696,0.8220116959064329,0.8104608187134502,0.8100023391812864,0.7900795321637428,0.7683251461988304,0.7409941520467835,0.7114222222222223,0.6621216374269008,0.6033520467836259,0.5530964380648593,0.5248272195640616,0.5226673046251993,0.5218579092358997,0.5260259823111495,0.5437834139568807,0.560956893862505,0.5634456140350877,0.5939839543762988,0.6145243766703374,0.6205991034549698,0.6343899839072444,0.661948538011696,0.6962923976608187,0.7107789473684208,0.7343461988304093,0.7610292397660817,0.7805824561403509,0.7920935672514623,0.8055766081871345,0.8129005847953216,0.8097309941520466,0.8208280701754385,0.8173052631578949,0.81546432748538,0.8306456140350877
-0.499017543859649,-0.5139602339181287,-0.501885380116959,-0.4977801169590643,-0.49544795321637425,-0.49553216374269005,-0.5053286549707603,-0.5036818713450293,-0.49132397660818716,-0.47483274853801166,-0.4519883040935672,-0.44156023391812854,-0.28700116959064287,-0.25980584795321654,-0.23988601807549179,-0.14183944710260502,-0.022244976076554946,0.1271210671306365,0.15514878932869355,0.22062551922003854,0.22762356052917168,0.20134035087719282,0.16836991928857944,0.13066472754753042,0.05235348941988193,-0.06736440205766787,-0.14156023391812866,-0.23879532163742698,-0.3211508771929826,-0.39758362573099437,-0.4652865497076024,-0.4948561403508773,-0.5089590643274853,-0.5175812865497076,-0.5204327485380117,-0.5236023391812867,-0.5254877192982457,-0.5233964912280701,-0.5178690058479531,-0.5026877192982456
-0.7604210526315789,-0.7613286549707603,-0.7643415204678363,-0.768306432748538,-0.7719391812865496,-0.7727251461988304,-0.7688374269005849,-0.7678923976608188,-0.7716748538011696,-0.776587134502924,-0.7853216374269006,-0.7948935672514619,-0.8108608187134503,-0.8219111111111111,-0.8297105794790005,-0.8435938330675173,-0.86154322169059,-0.8693701609395389,-0.8827459475134116,-0.8818306211308387,-0.875885211400653,-0.8651508771929826,-0.8453142912377364,-0.8265282549086099,-0.8211552825099426,-0.8217503669699486,-0.8085777777777778,-0.7942339181286551,-0.7811508771929825,-0.7733730994152047,-0.7652865497076025,-0.7629263157894737,-0.7619415204678361,-0.7631953216374269,-0.7660467836257311,-0.769216374269006,-0.771101754385965,-0.7690105263157894,-0.7641847953216374,-0.7644421052631579
0.5360701754385967,0.5369169590643277,0.5328514619883042,0.5208163742690062,0.5263064327485383,0.5255204678362576,0.5294081871345031,0.5303532163742691,0.5258690058479534,0.5058690058479534,0.5111695906432749,0.5033520467836261,0.4772093567251463,0.45879064327485375,0.446780648591175,0.43535353535353544,0.41915853269537484,0.4215070320429175,0.4081312454690447,0.3988711332551262,0.40481654298531194,0.41555087719298234,0.43433483156928115,0.4510156047405127,0.4448096297707591,0.4414075277668935,0.45458011695906425,0.4689239766081871,0.48200701754385955,0.4897847953216374,0.49787134502923963,0.5002315789473684,0.501216374269006,0.5073309941520469,0.5146549707602339,0.5114853801169589,0.5095999999999999,0.501515789473684,0.49897309941520473,0.4987157894736842
0.27642105263157907,0.27375906432748526,0.29109707602339174,0.30186900584795334,0.2982362573099417,0.29745029239766096,0.3013380116959065,0.30333567251461996,0.3156935672514619,0.33183391812865504,0.3409941520467836,0.36370292397660836,0.39440233918128664,0.4142292397660817,0.43239468367889417,0.4371079213184479,0.4507374800637958,0.46431404958677686,0.46637685950413205,0.448695694658635,0.45218496403794356,0.4194105263157893,0.40731728770963216,0.40715595561770596,0.348493840297075,0.3098285803984725,0.32300116959064323,0.337345029239766,0.34867368421052636,0.313293567251462,0.30488888888888893,0.3072491228070176,0.3082339181286552,0.30698011695906446,0.3041286549707603,0.3009590643274853,0.31065263157894724,0.30186666666666684,0.305990643274854,0.31029473684210546
-0.7604210526315789,-0.7613286549707603,-0.7643415204678363,-0.768306432748538,-0.7719391812865496,-0.7727251461988304,-0.7688374269005849,-0.7678923976608188,-0.7716748538011696,-0.776587134502924,-0.7853216374269006,-0.7948935672514619,-0.8108608187134503,-0.8219111111111111,-0.8297105794790005,-0.8435938330675173,-0.86154322169059,-0.8693701609395389,-0.8827459475134116,-0.8818306211308387,-0.875885211400653,-0.8651508771929826,-0.8453142912377364,-0.8265282549086099,-0.8211552825099426,-0.8217503669699486,-0.8085777777777778,-0.7942339181286551,-0.7811508771929825,-0.7733730994152047,-0.7652865497076025,-0.7629263157894737,-0.7619415204678361,-0.7631953216374269,-0.7660467836257311,-0.769216374269006,-0.771101754385965,-0.7690105263157894,-0.7641847953216374,-0.7644421052631579
0.4518596491228073,0.46498713450292395,0.44688654970760217,0.44292163742690066,0.45472748538011704,0.4553450292397661,0.4462502923976606,0.4426339181286549,0.4388514619883041,0.4339391812865497,0.4252046783625731,0.4156327485380118,0.3894900584795323,0.3710713450292397,0.36362275385433274,0.3651780967570442,0.3489830940988836,0.3502789618674786,0.335499666521676,0.33009920343056476,0.3346411043888207,0.32081403508771933,0.35608921753419354,0.3675068328106883,0.3627043666128645,0.3361443698721567,0.36229941520467845,0.381204678362573,0.3942877192982455,0.4066269005847954,0.4276959064327484,0.4170736842105264,0.41454970760233933,0.4287345029239766,0.42693567251461984,0.42376608187134485,0.4218807017543859,0.42291929824561403,0.4123064327485381,0.4109964912280702
0.26063157894736855,0.27340818713450277,0.28197426900584793,0.3008163742690059,0.2982362573099417,0.29745029239766096,0.3013380116959065,0.30333567251461996,0.3156935672514619,0.33183391812865504,0.33923976608187145,0.35949239766081875,0.39440233918128664,0.4142292397660817,0.43204380648591156,0.42131844763423726,0.4461760765550238,0.45519124256923305,0.46602598231114967,0.46448516834284564,0.4556937359677682,0.4351999999999999,0.39889623507805316,0.3894366573720918,0.3518271736304083,0.3361443698721567,0.3349309941520466,0.318046783625731,0.30691929824561415,0.2982058479532164,0.30488888888888893,0.3072491228070176,0.3082339181286552,0.30698011695906446,0.3041286549707603,0.3009590643274853,0.2990736842105264,0.3011649122807019,0.305990643274854,0.30573333333333347
-0.7604210526315789,-0.7613286549707603,-0.7643415204678363,-0.768306432748538,-0.7719391812865496,-0.7727251461988304,-0.7688374269005849,-0.7678923976608188,-0.7716748538011696,-0.776587134502924,-0.7853216374269006,-0.7948935672514619,-0.8108608187134503,-0.8219111111111111,-0.8297105794790005,-0.8435938330675173,-0.86154322169059,-0.8693701609395389,-0.8827459475134116,-0.8818306211308387,-0.875885211400653,-0.8651508771929826,-0.8453142912377364,-0.8265282549086099,-0.8211552825099426,-0.8217503669699486,-0.8085777777777778,-0.7942339181286551,-0.7811508771929825,-0.7733730994152047,-0.7652865497076025,-0.7629263157894737,-0.7619415204678361,-0.7631953216374269,-0.7660467836257311,-0.769216374269006,-0.771101754385965,-0.7690105263157894,-0.7641847953216374,-0.7644421052631579
0.44835087719298267,0.4491976608187133,0.44513216374269,0.43309707602339187,0.438587134502924,0.4360467836257311,0.42309239766081885,0.4082479532163743,0.3956935672514621,0.36516725146198825,0.3541520467836257,0.32896608187134513,0.2849286549707604,0.26580818713450305,0.25800871876661363,0.24412546517809686,0.22617607655502406,0.21834913730607527,0.20497335073220252,0.20588867711477546,0.21183408684496116,0.22256842105263155,0.2424050070078778,0.26119104333700416,0.26656401573567157,0.26596893127566557,0.29352748538011714,0.3278713450292397,0.34902456140350874,0.37189005847953216,0.4083976608187134,0.41251228070175433,0.4191111111111111,0.4292608187134503,0.42693567251461984,0.42376608187134485,0.4218807017543859,0.4137964912280703,0.4112538011695907,0.4109964912280702
0.5395789473684213,0.5383204678362574,0.5517988304093566,0.5639742690058479,0.5656046783625731,0.5623625730994154,0.5644959064327485,0.5664935672514619,0.5855181286549708,0.5963953216374269,0.6015204678362575,0.6061590643274855,0.6028233918128655,0.599141520467836,0.5913420520999466,0.5792131844763423,0.5767023923444979,0.570278961867479,0.5712891402058867,0.5500992034305648,0.553939350002856,0.5451999999999999,0.5581944806920882,0.5762787626352498,0.5704236648584786,0.5659689312756656,0.5759836257309942,0.5748888888888889,0.5799017543859648,0.5771532163742691,0.5698011695906433,0.5718105263157894,0.5826198830409358,0.5780327485380118,0.5848304093567251,0.5816608187134501,0.5927578947368422,0.5892350877192981,0.5866923976608188,0.5864350877192982
-0.7604210526315789,-0.7613286549707603,-0.7643415204678363,-0.768306432748538,-0.7719391812865496,-0.7727251461988304,-0.7688374269005849,-0.7678923976608188,-0.7716748538011696,-0.776587134502924,-0.7853216374269006,-0.7948935672514619,-0.8108608187134503,-0.8219111111111111,-0.8297105794790005,-0.8435938330675173,-0.86154322169059,-0.8693701609395389,-0.8827459475134116,-0.8818306211308387,-0.875885211400653,-0.8651508771929826,-0.8453142912377364,-0.8265282549086099,-0.8211552825099426,-0.8217503669699486,-0.8085777777777778,-0.7942339181286551,-0.7811508771929825,-0.7733730994152047,-0.7652865497076025,-0.7629263157894737,-0.7619415204678361,-0.7631953216374269,-0.7660467836257311,-0.769216374269006,-0.771101754385965,-0.7690105263157894,-0.7641847953216374,-0.7644421052631579
0.4053684210526317,0.40603976608187137,0.4107461988304094,0.40713216374269007,0.4034994152046784,0.4027134502923977,0.40660116959064324,0.39737076023391804,0.3862198830409357,0.38130760233918126,0.37257309941520467,0.3630011695906434,0.33685847953216386,0.3184397660818713,0.31064029771398194,0.29675704412546516,0.2917901116427434,0.28852457590256636,0.2744470349427288,0.25992376483407353,0.26446566579232944,0.27519999999999983,0.29503658595524607,0.31382262228437247,0.31463419117426783,0.3028110365388235,0.33142222222222223,0.3461169590643274,0.3599017543859647,0.38311812865497075,0.3926081871345028,0.3949684210526315,0.3959532163742691,0.3946994152046784,0.3918479532163742,0.38867836257309923,0.39837192982456127,0.38853333333333345,0.38125380116959057,0.3927508771929826
0.8711578947368422,0.8702502923976607,0.8682900584795322,0.886430409356725,0.883148538011696,0.8921871345029241,0.8806362573099414,0.881230409356725,0.8774479532163743,0.8725356725146198,0.8629239766081871,0.8405450292397662,0.838612865497076,0.8437029239766081,0.8369560871876661,0.8230728335991494,0.8051234449760766,0.7972965057271277,0.7905873858199216,0.7862395543077577,0.7907814552660137,0.789936842105263,0.8195979894640181,0.831015604740513,0.845511384156724,0.8449162996967181,0.8465099415204679,0.8615555555555554,0.8679719298245613,0.8757497076023392,0.8838362573099414,0.8861964912280701,0.8871812865497077,0.8862783625730993,0.8913216374269005,0.8965730994152046,0.8955649122807017,0.8976561403508773,0.8984467836257309,0.8853824561403509
-0.7604210526315789,-0.7613286549707603,-0.7643415204678363,-0.768306432748538,-0.7719391812865496,-0.7727251461988304,-0.7688374269005849,-0.7678923976608188,-0.7716748538011696,-0.776587134502924,-0.7853216374269006,-0.7948935672514619,-0.8108608187134503,-0.8219111111111111,-0.8297105794790005,-0.8435938330675173,-0.86154322169059,-0.8693701609395389,-0.8827459475134116,-0.8818306211308387,-0.875885211400653,-0.8651508771929826,-0.8453142912377364,-0.8265282549086099,-0.8211552825099426,-0.8217503669699486,-0.8085777777777778,-0.7942339181286551,-0.7811508771929825,-0.7733730994152047,-0.7652865497076025,-0.7629263157894737,-0.7619415204678361,-0.7631953216374269,-0.7660467836257311,-0.769216374269006,-0.771101754385965,-0.7690105263157894,-0.7641847953216374,-0.7644421052631579
0.6080000000000001,0.6070923976608186,0.6040795321637427,0.6001146198830409,0.5964818713450293,0.5956959064327486,0.5995836257309941,0.6005286549707601,0.5967461988304094,0.5918339181286549,0.5830994152046783,0.573527485380117,0.5575602339181287,0.5391415204678363,0.521517490696438,0.5230728335991495,0.5068778309409888,0.4990508916920401,0.48497335073220255,0.4704500806235472,0.47499198158180317,0.48572631578947356,0.5055629017447197,0.5243489380738462,0.5297219104725135,0.5291268260125076,0.5422994152046783,0.556643274853801,0.5697263157894736,0.5775040935672514,0.5855906432748537,0.5879508771929824,0.58893567251462,0.5876818713450292,0.5890409356725147,0.5851695906432748,0.5839859649122805,0.5818666666666668,0.5866923976608188,0.5864350877192982
0.2781754385964914,0.2909520467836256,0.29846549707602343,0.3022198830409357,0.3063064327485381,0.30622222222222223,0.3101099415204678,0.3115812865497075,0.31621988304093573,0.33183391812865504,0.34011695906432754,0.3558081871345031,0.39405146198830426,0.4142292397660817,0.43239468367889417,0.4371079213184479,0.46231642743221707,0.46501580397274184,0.45971019283746545,0.4469413086937226,0.4381498763186454,0.4190596491228069,0.40731728770963216,0.3997875345650741,0.3423534894198821,0.3361443698721567,0.3493169590643274,0.3636608187134502,0.3767438596491227,0.3659251461988303,0.3083976608187135,0.3230385964912281,0.3089356725146201,0.30698011695906446,0.30447953216374285,0.3149941520467834,0.3124070175438597,0.3187087719298247,0.3235345029239768,0.3232771929824563
-0.7604210526315789,-0.7613286549707603,-0.7643415204678363,-0.768306432748538,-0.7719391812865496,-0.7727251461988304,-0.7688374269005849,-0.7678923976608188,-0.7716748538011696,-0.776587134502924,-0.7853216374269006,-0.7948935672514619,-0.8108608187134503,-0.8219111111111111,-0.8297105794790005,-0.8435938330675173,-0.86154322169059,-0.8693701609395389,-0.8827459475134116,-0.8818306211308387,-0.875885211400653,-0.8651508771929826,-0.8453142912377364,-0.8265282549086099,-0.8211552825099426,-0.8217503669699486,-0.8085777777777778,-0.7942339181286551,-0.7811508771929825,-0.7733730994152047,-0.7652865497076025,-0.7629263157894737,-0.7619415204678361,-0.7631953216374269,-0.7660467836257311,-0.769216374269006,-0.771101754385965,-0.7690105263157894,-0.7641847953216374,-0.7644421052631579
0.6413333333333335,0.6421801169590642,0.6391672514619883,0.6352023391812865,0.6361309941520467,0.6465730994152046,0.6480046783625729,0.6531602339181283,0.6567461988304094,0.6623602339181288,0.6690643274853801,0.6612467836257311,0.6396654970760236,0.617211695906433,0.6092367889420524,0.6107921318447636,0.596000637958533,0.6036122952008122,0.5842715963462376,0.5858886771147752,0.58025513947654,0.5909894736842104,0.6006506210429654,0.6113664819334954,0.6013008578409346,0.5993022646089985,0.6124748538011693,0.6166432748538009,0.622357894736842,0.6301356725146199,0.63646783625731,0.6233894736842107,0.6240233918128658,0.6227695906432751,0.619918128654971,0.6167485380116959,0.614863157894737,0.6159017543859652,0.605288888888889,0.6039789473684211
0.5536140350877194,0.5502502923976608,0.5626760233918129,0.5881847953216376,0.5849029239766083,0.5939415204678364,0.5823906432748537,0.5850900584795321,0.605518128654971,0.6083251461988306,0.6164327485380118,0.6086152046783626,0.5982619883040935,0.5986152046783623,0.5913420520999466,0.5774587985114298,0.5710883572567783,0.5523842250253732,0.5383066840655355,0.543432536763898,0.5469218061432065,0.5429192982456137,0.5581944806920882,0.5769805170212146,0.582353489419882,0.581758404959876,0.5819485380116959,0.591730994152047,0.5974456140350879,0.5946970760233918,0.5890994152046783,0.5921614035087718,0.58893567251462,0.5876818713450292,0.5855321637426901,0.6132397660818714,0.601880701754386,0.5983578947368421,0.5877450292397662,0.5864350877192982
-0.7604210526315789,-0.7613286549707603,-0.7643415204678363,-0.768306432748538,-0.7719391812865496,-0.7727251461988304,-0.7688374269005849,-0.7678923976608188,-0.7716748538011696,-0.776587134502924,-0.7853216374269006,-0.7948935672514619,-0.8108608187134503,-0.8219111111111111,-0.8297105794790005,-0.8435938330675173,-0.86154322169059,-0.8693701609395389,-0.8827459475134116,-0.8818306211308387,-0.875885211400653,-0.8651508771929826,-0.8453142912377364,-0.8265282549086099,-0.8211552825099426,-0.8217503669699486,-0.8085777777777778,-0.7942339181286551,-0.7811508771929825,-0.7733730994152047,-0.7652865497076025,-0.7629263157894737,-0.7619415204678361,-0.7631953216374269,-0.7660467836257311,-0.769216374269006,-0.771101754385965,-0.7690105263157894,-0.7641847953216374,-0.7644421052631579
0.6781754385964915,0.6772678362573101,0.6732023391812867,0.6611672514619884,0.6666573099415207,0.6658713450292401,0.6567766081871342,0.6531602339181283,0.6493777777777775,0.6444654970760231,0.6357309941520465,0.6247555555555554,0.5933497076023391,0.5808959064327487,0.5580087187666137,0.5581605528973951,0.5419655502392344,0.5341386109902857,0.5207628244164129,0.5216781507989858,0.5276235605291716,0.5383578947368419,0.5581944806920882,0.5696120959685832,0.5648096297707594,0.5642145453107534,0.590369590643275,0.6082222222222221,0.6132350877192982,0.6346970760233916,0.6540116959064325,0.6409333333333332,0.6471812865497076,0.6573309941520465,0.655005847953216,0.6518362573099411,0.6499508771929822,0.6509894736842103,0.6403766081871346,0.6390666666666667
0.8711578947368422,0.8702502923976607,0.8672374269005848,0.8639742690058481,0.8757801169590644,0.8763976608187135,0.880285380116959,0.881230409356725,0.8774479532163743,0.8725356725146198,0.8638011695906432,0.8556327485380117,0.8551040935672514,0.8447555555555555,0.8369560871876661,0.8230728335991494,0.8051234449760766,0.7972965057271277,0.783920719153255,0.784836045535828,0.7907814552660137,0.8015157894736841,0.8202997438499829,0.8236471836878813,0.8325289280163732,0.8431619137318059,0.8422994152046782,0.8615555555555554,0.8679719298245613,0.8757497076023392,0.8838362573099414,0.8847929824561404,0.8759532163742692,0.8846994152046785,0.8718479532163742,0.8956959064327484,0.8955649122807017,0.8874807017543861,0.8889730994152049,0.896961403508772
-0.7604210526315789,-0.7613286549707603,-0.7643415204678363,-0.768306432748538,-0.7719391812865496,-0.7727251461988304,-0.7688374269005849,-0.7678923976608188,-0.7716748538011696,-0.776587134502924,-0.7853216374269006,-0.7948935672514619,-0.8108608187134503,-0.8219111111111111,-0.8297105794790005,-0.8435938330675173,-0.86154322169059,-0.8693701609395389,-0.8827459475134116,-0.8818306211308387,-0.875885211400653,-0.8651508771929826,-0.8453142912377364,-0.8265282549086099,-0.8211552825099426,-0.8217503669699486,-0.8085777777777778,-0.7942339181286551,-0.7811508771929825,-0.7733730994152047,-0.7652865497076025,-0.7629263157894737,-0.7619415204678361,-0.7631953216374269,-0.7660467836257311,-0.769216374269006,-0.771101754385965,-0.7690105263157894,-0.7641847953216374,-0.7644421052631579
0.5009824561403509,0.5018292397660817,0.4988163742690058,0.4948514619883041,0.49121871345029244,0.4904327485380117,0.48133801169590645,0.4777216374269005,0.4739391812865497,0.46937777777777767,0.47608187134502905,0.4682643274853802,0.4533497076023393,0.4614222222222223,0.45993854332801715,0.4555289739500265,0.4500038277511961,0.45846078004929713,0.46549966652167624,0.4023799051849508,0.40481654298531194,0.41414736842105254,0.4429632207239862,0.4967412825714537,0.5021780508233908,0.44579349267917423,0.4373871345029238,0.45138011695906427,0.46446315789473674,0.4722409356725146,0.4803274853801168,0.48268771929824555,0.48367251461988314,0.4824187134502924,0.47956725146198825,0.47639766081871326,0.47451228070175433,0.47660350877192986,0.48142923976608193,0.4857333333333332
-0.28849122807017535,-0.30343391812865506,-0.29030643274853807,-0.2781309941520468,-0.28036023391812853,-0.26746198830409346,-0.2758549707602339,-0.258769590643275,-0.2383415204678363,-0.20711345029239767,-0.17128654970760238,-0.120507602339181,-0.04243976608187133,0.04650994152046806,0.08397363104731538,0.1371079213184477,0.1903547049441788,0.08407481513701623,0.14093826301290416,0.28097639641302097,0.26622005175724167,0.24642807017543844,0.07592972790101932,-0.21568295985278857,-0.22010265093099515,-0.021750366969948556,-0.042963742690058655,-0.10616374269005859,-0.16360701754385967,-0.2186362573099416,-0.25476023391812874,-0.2541543859649123,-0.254222222222222,-0.26354619883040936,-0.25727485380116966,-0.26044444444444464,-0.2623298245614036,-0.260238596491228,-0.255412865497076,-0.2556701754385965
-0.7604210526315789,-0.7613286549707603,-0.7643415204678363,-0.768306432748538,-0.7719391812865496,-0.7727251461988304,-0.7688374269005849,-0.7678923976608188,-0.7716748538011696,-0.776587134502924,-0.7853216374269006,-0.7948935672514619,-0.8108608187134503,-0.8219111111111111,-0.8297105794790005,-0.8435938330675173,-0.86154322169059,-0.8693701609395389,-0.8827459475134116,-0.8818306211308387,-0.875885211400653,-0.8651508771929826,-0.8453142912377364,-0.8265282549086099,-0.8211552825099426,-0.8217503669699486,-0.8085777777777778,-0.7942339181286551,-0.7811508771929825,-0.7733730994152047,-0.7652865497076025,-0.7629263157894737,-0.7619415204678361,-0.7631953216374269,-0.7660467836257311,-0.769216374269006,-0.771101754385965,-0.7690105263157894,-0.7641847953216374,-0.7644421052631579
0.5536140350877194,0.5544608187134502,0.5514479532163743,0.5474830409356725,0.5438502923976609,0.5430643274853801,0.5339695906432749,0.5303532163742691,0.5265707602339184,0.5220093567251464,0.5287134502923977,0.5208959064327486,0.5049286549707603,0.501246783625731,0.5039736310473152,0.5055289739500264,0.48582519936204144,0.4625901116427434,0.4647428157169784,0.4374676244831964,0.44165864824846973,0.5002877192982457,0.5179711952056447,0.5326902458888381,0.5372657701216365,0.4826355979423323,0.48966783625731014,0.5029590643274855,0.5079719298245616,0.5248725146198833,0.5329590643274855,0.5353192982456142,0.5363040935672518,0.5350502923976611,0.5321988304093569,0.529029239766082,0.5401263157894738,0.5366035087719299,0.5340608187134506,0.5383649122807018
-0.30252631578947353,-0.30378479532163755,-0.29030643274853807,-0.2781309941520468,-0.28036023391812853,-0.26746198830409346,-0.2758549707602339,-0.258769590643275,-0.2383415204678363,-0.20711345029239767,-0.16953216374269006,-0.10331461988304082,-0.035071345029239594,0.050194152046783735,0.09292099946836797,0.152020202020202,0.19057799043062212,0.08346875453095555,0.13286808757430765,0.2564149929042492,0.26446566579232944,-0.021115789473685607,-0.3042616596587894,-0.23547562332966265,-0.21115528250994256,-0.00683808626819402,-0.031033918128655153,-0.10546198830409369,-0.17027368421052627,-0.2200397660818714,-0.25476023391812874,-0.2541543859649123,-0.254222222222222,-0.26354619883040936,-0.25727485380116966,-0.26044444444444464,-0.2623298245614036,-0.260238596491228,-0.255412865497076,-0.2556701754385965
-0.7604210526315789,-0.7613286549707603,-0.7643415204678363,-0.768306432748538,-0.7719391812865496,-0.7727251461988304,-0.7688374269005849,-0.7678923976608188,-0.7716748538011696,-0.776587134502924,-0.7853216374269006,-0.7948935672514619,-0.8108608187134503,-0.8219111111111111,-0.8297105794790005,-0.8435938330675173,-0.86154322169059,-0.8693701609395389,-0.8827459475134116,-0.8818306211308387,-0.875885211400653,-0.8651508771929826,-0.8453142912377364,-0.8265282549086099,-0.8211552825099426,-0.8217503669699486,-0.8085777777777778,-0.7942339181286551,-0.7811508771929825,-0.7733730994152047,-0.7652865497076025,-0.7629263157894737,-0.7619415204678361,-0.7631953216374269,-0.7660467836257311,-0.769216374269006,-0.771101754385965,-0.7690105263157894,-0.7641847953216374,-0.7644421052631579
0.4658947368421055,0.4667415204678361,0.4637286549707602,0.4597637426900585,0.45613099415204683,0.4553450292397661,0.4462502923976606,0.4426339181286549,0.4388514619883041,0.4339391812865497,0.4269590643274855,0.4328257309941522,0.41720935672514625,0.41352748538011697,0.4159034556087188,0.4037745879851142,0.38828133971291884,0.38500710453820514,0.37456302740321884,0.3606255192200384,0.3521849640379435,0.3629192982456139,0.38170325262191274,0.38873490298612706,0.400072787665496,0.39053033478443727,0.40194853801169583,0.41523976608187124,0.4135859649122808,0.43574970760233916,0.4452397660818712,0.44619649122807015,0.44191812865497093,0.4473309941520468,0.44447953216374264,0.44130994152046765,0.4394245614035087,0.44151578947368425,0.4463415204678363,0.4460842105263158
-0.27094736842105255,-0.28589005847953225,-0.27276257309941515,-0.260587134502924,-0.2628163742690058,-0.24991812865497073,-0.259714619883041,-0.2478923976608188,-0.2214994152046784,-0.20570994152046787,-0.16953216374269006,-0.1177005847953214,-0.06945730994152031,-0.0012093567251460812,0.07309643806485916,0.13798511430090393,0.18266730462519956,0.13098071625344362,0.15655229810062346,0.24062551922003844,0.23113233245899617,0.21134035087719272,0.17889623507805316,0.12855946438963584,0.07217805082339075,-0.012978437145387028,-0.06191111111111138,-0.13037426900584798,-0.18115087719298248,-0.2270573099415205,-0.23897076023391825,-0.25380350877192986,-0.2531695906432747,-0.2544233918128655,-0.25692397660818717,-0.24465497076023413,-0.24478596491228077,-0.2426947368421052,-0.2452374269005848,-0.2556701754385965
-0.7604210526315789,-0.7613286549707603,-0.7643415204678363,-0.768306432748538,-0.7719391812865496,-0.7727251461988304,-0.7688374269005849,-0.7678923976608188,-0.7716748538011696,-0.776587134502924,-0.7853216374269006,-0.7948935672514619,-0.8108608187134503,-0.8219111111111111,-0.8297105794790005,-0.8435938330675173,-0.86154322169059,-0.8693701609395389,-0.8827459475134116,-0.8818306211308387,-0.875885211400653,-0.8651508771929826,-0.8453142912377364,-0.8265282549086099,-0.8211552825099426,-0.8217503669699486,-0.8085777777777778,-0.7942339181286551,-0.7811508771929825,-0.7733730994152047,-0.7652865497076025,-0.7629263157894737,-0.7619415204678361,-0.7631953216374269,-0.7660467836257311,-0.769216374269006,-0.771101754385965,-0.7690105263157894,-0.7641847953216374,-0.7644421052631579
0.5887017543859648,0.6011274853801171,0.5872374269005847,0.5825707602339181,0.5789380116959065,0.5781520467836258,0.5806362573099415,0.5661426900584795,0.5616584795321637,0.5570970760233918,0.5638011695906431,0.5559836257309942,0.540016374269006,0.4294923976608184,0.28432450824029787,0.2704412546517811,0.3105620414673047,0.44047034942728747,0.5305873858199217,0.4578185016761791,0.5539393500028558,0.590638596491228,0.6167909719201584,0.5811910433370042,0.5809499806479521,0.518600510223034,0.5247555555555555,0.5390994152046783,0.5521824561403508,0.5599602339181287,0.5680467836257309,0.5704070175438596,0.5713918128654972,0.5701380116959064,0.571847953216374,0.5816608187134501,0.5797754385964912,0.5808140350877193,0.5702011695906434,0.5734526315789472
-0.27094736842105255,-0.28589005847953225,-0.27276257309941515,-0.260587134502924,-0.2628163742690058,-0.24991812865497073,-0.259714619883041,-0.2478923976608188,-0.2214994152046784,-0.20535906432748538,-0.15549707602339188,-0.1159461988304091,-0.04243976608187133,-0.067700584795322,-0.18935970228601806,-0.20324295587453484,-0.13329760765550228,-0.02271944323618912,0.12393521821081627,-0.1350603521074164,-0.46168733880782603,-0.487782456140351,-0.45952481755352587,-0.24372123736475035,-0.22010265093099515,-0.023504752934860863,-0.04857777777777796,-0.11388304093567257,-0.17272982456140346,-0.21407485380116964,-0.23721637426900594,-0.23801403508771932,-0.25246783625730984,-0.2544233918128655,-0.25692397660818717,-0.24465497076023413,-0.24478596491228077,-0.2426947368421052,-0.23786900584795315,-0.23812631578947369
-0.7604210526315789,-0.7613286549707603,-0.7643415204678363,-0.768306432748538,-0.7719391812865496,-0.7727251461988304,-0.7688374269005849,-0.7678923976608188,-0.7716748538011696,-0.776587134502924,-0.7853216374269006,-0.7948935672514619,-0.8108608187134503,-0.8219111111111111,-0.8297105794790005,-0.8435938330675173,-0.86154322169059,-0.8693701609395389,-0.8827459475134116,-0.8818306211308387,-0.875885211400653,-0.8651508771929826,-0.8453142912377364,-0.8265282549086099,-0.8211552825099426,-0.8217503669699486,-0.8085777777777778,-0.7942339181286551,-0.7811508771929825,-0.7733730994152047,-0.7652865497076025,-0.7629263157894737,-0.7619415204678361,-0.7631953216374269,-0.7660467836257311,-0.769216374269006,-0.771101754385965,-0.7690105263157894,-0.7641847953216374,-0.7644421052631579
0.7483508771929823,0.7474432748538008,0.7444304093567249,0.7404654970760232,0.7368327485380115,0.7360467836257307,0.7399345029239763,0.7398269005847949,0.7206058479532164,0.7146409356725146,0.7059064327485379,0.6963345029239767,0.6701918128654971,0.6517730994152049,0.6439736310473155,0.6300903774587987,0.6251234449760767,0.6218579092358997,0.6011137016093956,0.5918535893954773,0.597798999125663,0.6085333333333335,0.6283699192885797,0.647155955617706,0.6525289280163734,0.6519338435563674,0.6651064327485382,0.679450292397661,0.6932350877192983,0.7164514619883041,0.7259415204678361,0.7283017543859649,0.7292865497076024,0.7287345029239765,0.740970760233918,0.7255204678362569,0.7373192982456138,0.7295859649122806,0.7203766081871347,0.7253824561403509
0.9413333333333335,0.9404257309941519,0.9475883040935672,0.950991812865497,0.9473590643274854,0.9465730994152047,0.9504608187134502,0.9514058479532163,0.9476233918128655,0.942711111111111,0.9339766081871345,0.9244046783625732,0.9094900584795322,0.9138783625730994,0.9071315257841573,0.8932482721956406,0.8868778309409888,0.8692263302885312,0.8639207191532551,0.8665904315007402,0.860956893862505,0.8716912280701753,0.8915278140254216,0.9103138503545479,0.9156868227532153,0.9150917382932093,0.92826432748538,0.9426081871345029,0.9549894736842104,0.9473286549707601,0.9557660818713448,0.9735649122807017,0.9738479532163743,0.9645239766081874,0.9711461988304092,0.9834152046783625,0.9832842105263158,0.9752000000000001,0.9726573099415206,0.9678385964912279
-0.7604210526315789,-0.7613286549707603,-0.7643415204678363,-0.768306432748538,-0.7719391812865496,-0.7727251461988304,-0.7688374269005849,-0.7678923976608188,-0.7716748538011696,-0.776587134502924,-0.7853216374269006,-0.7948935672514619,-0.8108608187134503,-0.8219111111111111,-0.8297105794790005,-0.8435938330675173,-0.86154322169059,-0.8693701609395389,-0.8827459475134116,-0.8818306211308387,-0.875885211400653,-0.8651508771929826,-0.8453142912377364,-0.8265282549086099,-0.8211552825099426,-0.8217503669699486,-0.8085777777777778,-0.7942339181286551,-0.7811508771929825,-0.7733730994152047,-0.7652865497076025,-0.7629263157894737,-0.7619415204678361,-0.7631953216374269,-0.7660467836257311,-0.769216374269006,-0.771101754385965,-0.7690105263157894,-0.7641847953216374,-0.7644421052631579
0.7483508771929823,0.7474432748538008,0.7444304093567249,0.7404654970760232,0.7368327485380115,0.7360467836257307,0.7399345029239763,0.7398269005847949,0.7206058479532164,0.7146409356725146,0.7059064327485379,0.6963345029239767,0.6803672514619884,0.6693169590643274,0.6615174906964381,0.6476342371079213,0.6296848484848485,0.6218579092358997,0.608482122662027,0.6093974490445999,0.6153428587747856,0.626077192982456,0.6459137789377022,0.6646998152668286,0.6700727876654959,0.66947770320549,0.6826502923976607,0.6969941520467835,0.7100771929824561,0.7178549707602339,0.7259415204678361,0.7283017543859649,0.7303391812865498,0.7445239766081868,0.7427251461988301,0.7395555555555551,0.7376701754385961,0.7295859649122806,0.7270432748538013,0.7267859649122808
0.9413333333333335,0.9404257309941519,0.9384654970760234,0.946254970760234,0.9385871345029241,0.9369239766081872,0.9330923976608188,0.9440374269005847,0.9476233918128655,0.942711111111111,0.9339766081871345,0.9244046783625732,0.9135251461988306,0.9061590643274854,0.898359595959596,0.8844763423710792,0.8730181818181821,0.867471944323619,0.8540961577497462,0.8550114841323192,0.860956893862505,0.8594105263157893,0.8824050070078777,0.9015419205299865,0.9069148929286539,0.9063198084686479,0.9201941520467837,0.9371695906432748,0.9465684210526316,0.9466269005847954,0.9540116959064326,0.9577754385964912,0.9640233918128656,0.9568046783625732,0.969391812865497,0.9676257309941518,0.9657403508771929,0.9678315789473685,0.965288888888889,0.9548561403508772
-0.7604210526315789,-0.7613286549707603,-0.7643415204678363,-0.768306432748538,-0.7719391812865496,-0.7727251461988304,-0.7688374269005849,-0.7678923976608188,-0.7716748538011696,-0.776587134502924,-0.7853216374269006,-0.7948935672514619,-0.8108608187134503,-0.8219111111111111,-0.8297105794790005,-0.8435938330675173,-0.86154322169059,-0.8693701609395389,-0.8827459475134116,-0.8818306211308387,-0.875885211400653,-0.8651508771929826,-0.8453142912377364,-0.8265282549086099,-0.8211552825099426,-0.8217503669699486,-0.8085777777777778,-0.7942339181286551,-0.7811508771929825,-0.7733730994152047,-0.7652865497076025,-0.7629263157894737,-0.7619415204678361,-0.7631953216374269,-0.7660467836257311,-0.769216374269006,-0.771101754385965,-0.7690105263157894,-0.7641847953216374,-0.7644421052631579
0.6588771929824561,0.6597239766081868,0.6465356725146196,0.6425707602339179,0.6491134502923974,0.6465730994152046,0.635022222222222,0.6356163742690057,0.6311321637426902,0.6111321637426902,0.6155555555555556,0.5935274853801173,0.5740514619883044,0.5475625730994153,0.5387104731525785,0.5248272195640616,0.5198602870813399,0.5165947513411632,0.5025172103813254,0.4879939402726703,0.49429022719583837,0.519059649122807,0.5238085157798076,0.5418927977229689,0.5472657701216364,0.5466706856616304,0.571422222222222,0.5748888888888889,0.5879719298245615,0.6115391812865498,0.6347134502923978,0.6233894736842107,0.629637426900585,0.639787134502924,0.6332514619883042,0.6325380116959064,0.6324070175438596,0.6334456140350877,0.6228327485380121,0.6215228070175441
0.888701754385965,0.8877941520467835,0.8949567251461987,0.8983602339181287,0.899288888888889,0.9114853801169591,0.9153730994152046,0.9071953216374269,0.9114830409356725,0.9076233918128654,0.8988888888888888,0.8893169590643276,0.8733497076023392,0.8622994152046783,0.854499946836789,0.8423710792131849,0.8268778309409888,0.8148403653762506,0.8021663331883429,0.8181693788691614,0.8118340868449614,0.824673684210526,0.8557383403412109,0.8685594643896359,0.8791955946830399,0.8800040189949637,0.8815976608187137,0.896643274853801,0.9097263157894735,0.9118900584795322,0.9048888888888889,0.9079508771929823,0.9047251461988305,0.9108397660818713,0.9223742690058483,0.9185029239766083,0.930301754385965,0.9225684210526317,0.9266923976608187,0.9211719298245614
-0.7604210526315789,-0.7613286549707603,-0.7643415204678363,-0.768306432748538,-0.7719391812865496,-0.7727251461988304,-0.7688374269005849,-0.7678923976608188,-0.7716748538011696,-0.776587134502924,-0.7853216374269006,-0.7948935672514619,-0.8108608187134503,-0.8219111111111111,-0.8297105794790005,-0.8435938330675173,-0.86154322169059,-0.8693701609395389,-0.8827459475134116,-0.8818306211308387,-0.875885211400653,-0.8651508771929826,-0.8453142912377364,-0.8265282549086099,-0.8211552825099426,-0.8217503669699486,-0.8085777777777778,-0.7942339181286551,-0.7811508771929825,-0.7733730994152047,-0.7652865497076025,-0.7629263157894737,-0.7619415204678361,-0.7631953216374269,-0.7660467836257311,-0.769216374269006,-0.771101754385965,-0.7690105263157894,-0.7641847953216374,-0.7644421052631579
0.3623859649122808,0.3614783625730993,0.3584654970760234,0.35520233918128663,0.36209590643274864,0.33429239766081875,0.33642573099415196,0.33737076023391804,0.3335883040935672,0.32867602339181284,0.3199415204678362,0.30896608187134517,0.2673847953216375,0.24826432748538022,0.24081573631047337,0.24237107921318457,0.22617607655502406,0.22852457590256647,0.21444703494272882,0.19430972974635446,0.21271127982741714,0.23484912280701759,0.2359137789377024,0.2529454293019164,0.2576166473146188,0.2510566505739112,0.2715976608187135,0.2671695906432748,0.2886736842105262,0.3152233918128654,0.3320818713450291,0.3305824561403508,0.333497076023392,0.34101520467836266,0.3392163742690058,0.3360467836257308,0.3355649122807018,0.35204210526315793,0.3458152046783627,0.35187368421052634
0.9237894736842106,0.9228818713450291,0.9300444444444443,0.9334479532163743,0.9343766081871346,0.9456959064327486,0.9418643274853802,0.9375461988304091,0.9230619883040939,0.917974269005848,0.9155555555555558,0.8931766081871345,0.9003672514619885,0.897387134502924,0.8892367889420522,0.8616693248272196,0.8574041467304626,0.8499280846744962,0.8439207191532551,0.8504500806235472,0.8425358412309261,0.8404631578947367,0.8732821999903337,0.8927699907054251,0.8981429631040925,0.8957934926791743,0.9079134502923977,0.9413801169590643,0.9470947368421053,0.9420654970760236,0.9347134502923979,0.9461964912280704,0.949637426900585,0.9399625730994152,0.943953216374269,0.9509590643274851,0.9639859649122807,0.9499368421052633,0.9386222222222224,0.9373122807017544
-0.7604210526315789,-0.7613286549707603,-0.7643415204678363,-0.768306432748538,-0.7719391812865496,-0.7727251461988304,-0.7688374269005849,-0.7678923976608188,-0.7716748538011696,-0.776587134502924,-0.7853216374269006,-0.7948935672514619,-0.8108608187134503,-0.8219111111111111,-0.8297105794790005,-0.8435938330675173,-0.86154322169059,-0.8693701609395389,-0.8827459475134116,-0.8818306211308387,-0.875885211400653,-0.8651508771929826,-0.8453142912377364,-0.8265282549086099,-0.8211552825099426,-0.8217503669699486,-0.8085777777777778,-0.7942339181286551,-0.7811508771929825,-0.7733730994152047,-0.7652865497076025,-0.7629263157894737,-0.7619415204678361,-0.7631953216374269,-0.7660467836257311,-0.769216374269006,-0.771101754385965,-0.7690105263157894,-0.7641847953216374,-0.7644421052631579
0.36063157894736864,0.3614783625730993,0.3584654970760234,0.35450058479532165,0.3505169590643275,0.33429239766081875,0.33642573099415196,0.33737076023391804,0.3335883040935672,0.32867602339181284,0.3199415204678362,0.30896608187134517,0.2673847953216375,0.24826432748538022,0.24081573631047337,0.24061669324827212,0.22196555023923456,0.2194017688850227,0.2067277366971148,0.19290622097442467,0.21183408684496116,0.22116491228070176,0.22556290174471988,0.24364718368788138,0.24902015608654873,0.2501794575914551,0.2715976608187135,0.2813801169590643,0.2981473684210526,0.3185567251461988,0.3540116959064326,0.3311087719298245,0.333497076023392,0.34101520467836266,0.3392163742690058,0.3360467836257308,0.3341614035087719,0.34537543859649145,0.3458152046783627,0.35187368421052634
0.908,0.9053380116959063,0.9125005847953216,0.9232725146198834,0.9298152046783627,0.9290292397660819,0.9329169590643275,0.9328093567251461,0.9135883040935673,0.9118339181286553,0.900643274853801,0.8893169590643276,0.8937005847953217,0.896685380116959,0.8776578415736309,0.8616693248272196,0.8574041467304626,0.8499280846744962,0.8439207191532551,0.8504500806235472,0.8416586482484699,0.8383578947368419,0.8732821999903337,0.8927699907054251,0.8981429631040925,0.8957934926791743,0.9007204678362574,0.9196257309941519,0.9290245614035088,0.9266269005847954,0.9198011695906431,0.9342666666666666,0.94893567251462,0.9399625730994152,0.943953216374269,0.9492046783625729,0.9481964912280701,0.9401122807017545,0.9338853801169592,0.9262596491228073
-0.7604210526315789,-0.7613286549707603,-0.7643415204678363,-0.768306432748538,-0.7719391812865496,-0.7727251461988304,-0.7688374269005849,-0.7678923976608188,-0.7716748538011696,-0.776587134502924,-0.7853216374269006,-0.7948935672514619,-0.8108608187134503,-0.8219111111111111,-0.8297105794790005,-0.8435938330675173,-0.86154322169059,-0.8693701609395389,-0.8827459475134116,-0.8818306211308387,-0.875885211400653,-0.8651508771929826,-0.8453142912377364,-0.8265282549086099,-0.8211552825099426,-0.8217503669699486,-0.8085777777777778,-0.7942339181286551,-0.7811508771929825,-0.7733730994152047,-0.7652865497076025,-0.7629263157894737,-0.7619415204678361,-0.7631953216374269,-0.7660467836257311,-0.769216374269006,-0.771101754385965,-0.7690105263157894,-0.7641847953216374,-0.7644421052631579
0.4229122807017545,0.4235836257309939,0.4272374269005848,0.41555321637426906,0.4210432748538012,0.4202573099415205,0.42274152046783625,0.4082479532163743,0.4037637426900585,0.39885146198830407,0.3901169590643275,0.3805450292397662,0.35440233918128666,0.3359836257309941,0.3285350345560871,0.3300903774587986,0.31389537480063795,0.30606843555168917,0.29269264897781644,0.28939744904459996,0.2977989991256629,0.31028771929824545,0.3199488666570005,0.33136648193349527,0.3367394543321626,0.3361443698721567,0.3507204678362575,0.38050292397660823,0.387621052631579,0.40066198830409355,0.4101520467836256,0.41110877192982453,0.40226900584795333,0.4117169590643275,0.40939181286549703,0.40622222222222204,0.4043368421052631,0.4053754385964912,0.39879766081871365,0.4102947368421054
0.888701754385965,0.8877941520467835,0.885833918128655,0.9039742690058479,0.9006923976608189,0.909730994152047,0.9097590643274854,0.9005286549707601,0.9041146198830409,0.8900795321637427,0.88046783625731,0.8580888888888889,0.8561567251461988,0.8612467836257309,0.854499946836789,0.8406166932482722,0.8226673046251993,0.8148403653762506,0.8081312454690444,0.8037834139568806,0.8083253149151365,0.8074807017543859,0.8371418491131409,0.8485594643896357,0.8630552438058469,0.8624601593458409,0.8640538011695906,0.8892748538011694,0.8963929824561404,0.9048725146198829,0.9013801169590642,0.915319298245614,0.9054269005847956,0.9034713450292398,0.9030760233918128,0.9158713450292395,0.930301754385965,0.9225684210526317,0.9200257309941521,0.9152070175438596
-0.7604210526315789,-0.7613286549707603,-0.7643415204678363,-0.768306432748538,-0.7719391812865496,-0.7727251461988304,-0.7688374269005849,-0.7678923976608188,-0.7716748538011696,-0.776587134502924,-0.7853216374269006,-0.7948935672514619,-0.8108608187134503,-0.8219111111111111,-0.8297105794790005,-0.8435938330675173,-0.86154322169059,-0.8693701609395389,-0.8827459475134116,-0.8818306211308387,-0.875885211400653,-0.8651508771929826,-0.8453142912377364,-0.8265282549086099,-0.8211552825099426,-0.8217503669699486,-0.8085777777777778,-0.7942339181286551,-0.7811508771929825,-0.7733730994152047,-0.7652865497076025,-0.7629263157894737,-0.7619415204678361,-0.7631953216374269,-0.7660467836257311,-0.769216374269006,-0.771101754385965,-0.7690105263157894,-0.7641847953216374,-0.7644421052631579
