0.4010808080808081,0.40067676767676763,0.40167676767676763,0.4014242424242424,0.4015555555555556,0.40182828282828276,0.40252525252525256,0.4019898989898989,0.39590909090909093,0.38752917605810167,0.3821404068690455,0.377256928964531,0.3715561717729292,0.3626565656565655,0.3553838383838383,0.34894949494949495,0.34260606060606064,0.3333535353535354,0.32547474747474736,0.319151515151515,0.3132323232323231,0.3071515151515151,0.3037867935553885,0.29992042134341157,0.29666317570900597,0.2961313131313132,0.3068677685950413,0.3142516069788797,0.32059312129560064,0.33348935637365384,0.3431111111111111,0.35380808080808074,0.3612424242424242,0.3717272727272727,0.37874747474747483,0.38557300275482087,0.3911386593204775,0.3945050505050505,0.39280808080808083,0.3925454545454546
-0.22013131313131312,-0.22053535353535358,-0.218020202020202,-0.2046363636363636,-0.21814141414141408,-0.21938383838383843,-0.21868686868686862,-0.20558585858585868,-0.19499999999999995,-0.17080415727523168,-0.14058686585822724,-0.10986428315668109,-0.08147413125737377,-0.04643434343434356,-0.009767676767676755,0.015616161616161646,0.05321212121212133,0.07729292929292944,0.11335353535353533,0.13733333333333322,0.16323232323232323,0.18745454545454557,0.21287770264629763,0.22567799710098746,0.24969347873930905,0.24916161616161633,0.22959504132231406,0.1915243342516071,0.1387749394774189,0.09106511394941143,0.026444444444444465,-0.024979797979798043,-0.07815151515151517,-0.1282727272727273,-0.16670707070707064,-0.18866942148760335,-0.1982552800734619,-0.19640404040404036,-0.19810101010101008,-0.19836363636363635
-0.6746767676767677,-0.6750808080808082,-0.6740808080808081,-0.6743333333333333,-0.6742020202020201,-0.6739292929292929,-0.6732323232323232,-0.6737676767676768,-0.6798484848484848,-0.688228399699474,-0.6936171688885303,-0.6985006467930448,-0.7042014039846465,-0.7131010101010102,-0.7203737373737374,-0.7268080808080808,-0.7331515151515151,-0.7424040404040404,-0.7502828282828284,-0.7566060606060607,-0.7625252525252526,-0.7686060606060606,-0.7719707822021872,-0.7758371544141642,-0.7790944000485698,-0.7796262626262626,-0.7688898071625345,-0.761505968778696,-0.7551644544619751,-0.7422682193839218,-0.7326464646464647,-0.721949494949495,-0.7145151515151515,-0.704030303030303,-0.697010101010101,-0.6901845730027549,-0.6846189164370983,-0.6812525252525252,-0.682949494949495,-0.6832121212121212
0.41623232323232323,0.41582828282828277,0.4168282828282828,0.4165757575757576,0.41670707070707075,0.4154646464646465,0.41616161616161607,0.4156262626262626,0.3974242424242424,0.4026806912096168,0.39729192202056063,0.39240844411604614,0.3867076869244444,0.37629292929292923,0.3553838383838383,0.34894949494949495,0.34260606060606064,0.3333535353535354,0.32547474747474736,0.319151515151515,0.3132323232323231,0.3071515151515151,0.3037867935553885,0.29992042134341157,0.29666317570900597,0.2961313131313132,0.3068677685950413,0.3142516069788797,0.32059312129560064,0.33348935637365384,0.3431111111111111,0.35380808080808074,0.3612424242424242,0.38536363636363624,0.38026262626262647,0.3992093663911844,0.4062901744719926,0.4096565656565657,0.40795959595959597,0.3940606060606062
-0.11255555555555552,-0.09932323232323238,-0.09832323232323234,-0.09857575757575758,-0.09844444444444439,-0.09817171717171722,-0.09747474747474742,-0.09801010101010108,-0.0889393939393939,-0.06701627848735275,-0.04058686585822724,-0.01365216194455986,0.023071323288080862,0.05659595959595943,0.08114141414141415,0.10652525252525255,0.13048484848484862,0.16517171717171727,0.1891111111111111,0.213090909090909,0.23747474747474734,0.26169696969696965,0.27499891476750987,0.28628405770704785,0.29666317570900597,0.2961313131313132,0.3038374655647382,0.26728191000918283,0.21604766675014597,0.18197420485850235,0.11735353535353538,0.06592929292929287,0.026393939393939463,-0.022212121212121228,-0.06064646464646459,-0.07048760330578509,-0.08007346189164377,-0.0903434343434343,-0.09204040404040402,-0.09230303030303029
-0.6746767676767677,-0.6750808080808082,-0.6740808080808081,-0.6743333333333333,-0.6742020202020201,-0.6739292929292929,-0.6732323232323232,-0.6737676767676768,-0.6798484848484848,-0.688228399699474,-0.6936171688885303,-0.6985006467930448,-0.7042014039846465,-0.7131010101010102,-0.7203737373737374,-0.7268080808080808,-0.7331515151515151,-0.7424040404040404,-0.7502828282828284,-0.7566060606060607,-0.7625252525252526,-0.7686060606060606,-0.7719707822021872,-0.7758371544141642,-0.7790944000485698,-0.7796262626262626,-0.7688898071625345,-0.761505968778696,-0.7551644544619751,-0.7422682193839218,-0.7326464646464647,-0.721949494949495,-0.7145151515151515,-0.704030303030303,-0.697010101010101,-0.6901845730027549,-0.6846189164370983,-0.6812525252525252,-0.682949494949495,-0.6832121212121212
0.295020202020202,0.29461616161616155,0.2956161616161616,0.2953636363636364,0.29549494949494953,0.29576767676767673,0.29646464646464654,0.2959292929292929,0.2898484848484849,0.28146856999749564,0.2760798008084394,0.2711963229039249,0.2654955657123232,0.2565959595959595,0.24932323232323225,0.24288888888888893,0.2365454545454546,0.22729292929292932,0.21941414141414128,0.213090909090909,0.20717171717171703,0.20109090909090907,0.19772618749478246,0.19385981528280552,0.1906025696483999,0.19007070707070714,0.2008071625344352,0.20819100091827367,0.21453251523499456,0.2274287503130478,0.23705050505050504,0.2477474747474747,0.2551818181818182,0.26566666666666666,0.27268686868686876,0.2795123966942148,0.2850780532598714,0.2884444444444445,0.28674747474747475,0.2864848484848485
-0.11407070707070696,-0.11447474747474742,-0.11271717171717177,-0.10615151515151515,-0.09920202020202011,-0.11180808080808083,-0.11262626262626246,-0.0995252525252525,-0.0889393939393939,-0.034440520911595204,-0.03452625979762109,-0.03410670739910523,0.010950111166868675,0.044474747474747355,0.0796262626262625,0.09288888888888905,0.11836363636363655,0.16517171717171727,0.18759595959595954,0.21157575757575756,0.23747474747474734,0.26018181818181824,0.27348376325235824,0.28476890619189643,0.2951480241938545,0.2961313131313132,0.3038374655647382,0.26652433425160715,0.23347190917438848,0.16985299273729026,0.12341414141414142,0.07350505050505045,0.027909090909090998,-0.034333333333333306,-0.05913131313131305,-0.08109366391184575,-0.09219467401285585,-0.0903434343434343,-0.09204040404040402,-0.09230303030303029
-0.6746767676767677,-0.6750808080808082,-0.6740808080808081,-0.6743333333333333,-0.6742020202020201,-0.6739292929292929,-0.6732323232323232,-0.6737676767676768,-0.6798484848484848,-0.688228399699474,-0.6936171688885303,-0.6985006467930448,-0.7042014039846465,-0.7131010101010102,-0.7203737373737374,-0.7268080808080808,-0.7331515151515151,-0.7424040404040404,-0.7502828282828284,-0.7566060606060607,-0.7625252525252526,-0.7686060606060606,-0.7719707822021872,-0.7758371544141642,-0.7790944000485698,-0.7796262626262626,-0.7688898071625345,-0.761505968778696,-0.7551644544619751,-0.7422682193839218,-0.7326464646464647,-0.721949494949495,-0.7145151515151515,-0.704030303030303,-0.697010101010101,-0.6901845730027549,-0.6846189164370983,-0.6812525252525252,-0.682949494949495,-0.6832121212121212
0.11320202020202032,0.11279797979797986,0.11379797979797988,0.11354545454545464,0.11367676767676783,0.1003131313131314,0.09949494949494965,0.098959595959596,0.105,0.08601402454295029,0.09274646747510616,0.07422662593422809,0.06852586874262631,0.05962626262626261,0.05235353535353539,0.045919191919192054,0.03957575757575771,0.030323232323232457,0.022444444444444423,0.016121212121212123,0.010202020202020183,0.004121212121212206,0.0007564905250856066,-0.003109881686891343,0.007269236315066637,0.006737373737373897,0.003837465564738333,0.011978879706152412,0.0311991819016612,0.0380348109191084,0.047656565656565654,0.05835353535353529,0.06578787878787877,0.07627272727272726,0.08329292929292935,0.09011845730027543,0.08886593204775015,0.09147474747474763,0.10341414141414151,0.1046666666666668
-0.3564949494949494,-0.35008080808080816,-0.34832323232323237,-0.34175757575757576,-0.3408686868686868,-0.3405959595959596,-0.3535353535353535,-0.34194949494949506,-0.2586363636363636,-0.3094405209115953,-0.28301110828246967,-0.24244004073243866,-0.20420140398464642,-0.1691616161616163,-0.1370404040404041,-0.098020202020202,-0.06648484848484845,-0.031797979797979686,-0.007858585858585988,0.029757575757575736,0.05565656565656553,0.07836363636363643,0.09015042991902499,0.10143557285856318,0.16787529692112715,0.1673434343434344,0.10686776859504143,0.07410009182736456,0.06832039402287347,-0.13620761332331585,-0.12658585858585858,-0.11588888888888894,-0.10845454545454547,-0.09796969696969698,-0.09094949494949489,-0.08412396694214881,-0.2967401285583104,-0.3176161616161616,-0.2374949494949495,-0.22866666666666666
-0.6746767676767677,-0.6750808080808082,-0.6740808080808081,-0.6743333333333333,-0.6742020202020201,-0.6739292929292929,-0.6732323232323232,-0.6737676767676768,-0.6798484848484848,-0.688228399699474,-0.6936171688885303,-0.6985006467930448,-0.7042014039846465,-0.7131010101010102,-0.7203737373737374,-0.7268080808080808,-0.7331515151515151,-0.7424040404040404,-0.7502828282828284,-0.7566060606060607,-0.7625252525252526,-0.7686060606060606,-0.7719707822021872,-0.7758371544141642,-0.7790944000485698,-0.7796262626262626,-0.7688898071625345,-0.761505968778696,-0.7551644544619751,-0.7422682193839218,-0.7326464646464647,-0.721949494949495,-0.7145151515151515,-0.704030303030303,-0.697010101010101,-0.6901845730027549,-0.6846189164370983,-0.6812525252525252,-0.682949494949495,-0.6832121212121212
0.09805050505050517,0.0976464646464647,0.09864646464646473,0.09839393939393949,0.09852525252525268,0.09879797979797986,0.09949494949494965,0.098959595959596,0.09287878787878802,0.08449887302779875,0.07911010383874255,0.07422662593422809,0.06852586874262631,0.04598989898989889,0.037202020202020125,0.030767676767676798,0.024424242424242452,0.015171717171717197,0.007292929292929163,0.0024848484848483997,0.010202020202020183,0.004121212121212206,0.0007564905250856066,-0.003109881686891343,-0.006367127321296978,-0.006898989898989718,-0.00979889807162539,-0.003930211202938454,0.0024113031137824323,0.015307538191835677,0.02492929292929293,0.03562626262626256,0.04306060606060604,0.05354545454545453,0.06056565656565662,0.0673911845730027,0.07295684113865929,0.07632323232323236,0.08826262626262636,0.0880000000000001
-0.46255555555555555,-0.462959595959596,-0.46044444444444443,-0.46069696969696966,-0.46208080808080804,-0.46180808080808083,-0.4611111111111111,-0.46013131313131317,-0.451060606060606,-0.43065264212371646,-0.3921020173733788,-0.35153094982334765,-0.32389837368161617,-0.3009797979797981,-0.2521919191919193,-0.22529292929292924,-0.18769696969696967,-0.1530101010101009,-0.11543434343434358,-0.08993939393939404,-0.06555555555555558,-0.04133333333333325,-0.01591017614158119,-0.003109881686891343,0.008784387830218173,0.006737373737373897,-0.011314049586776925,-0.035748393021120185,-0.09001293931045991,-0.15135912847483088,-0.20234343434343435,-0.3105858585858587,-0.313,-0.3025151515151515,-0.38564646464646457,-0.4159421487603306,-0.4255280073461892,-0.43731313131313126,-0.4405252525252525,-0.4271515151515151
-0.6746767676767677,-0.6750808080808082,-0.6740808080808081,-0.6743333333333333,-0.6742020202020201,-0.6739292929292929,-0.6732323232323232,-0.6737676767676768,-0.6798484848484848,-0.688228399699474,-0.6936171688885303,-0.6985006467930448,-0.7042014039846465,-0.7131010101010102,-0.7203737373737374,-0.7268080808080808,-0.7331515151515151,-0.7424040404040404,-0.7502828282828284,-0.7566060606060607,-0.7625252525252526,-0.7686060606060606,-0.7719707822021872,-0.7758371544141642,-0.7790944000485698,-0.7796262626262626,-0.7688898071625345,-0.761505968778696,-0.7551644544619751,-0.7422682193839218,-0.7326464646464647,-0.721949494949495,-0.7145151515151515,-0.704030303030303,-0.697010101010101,-0.6901845730027549,-0.6846189164370983,-0.6812525252525252,-0.682949494949495,-0.6832121212121212
0.5222929292929295,0.5218888888888891,0.5228888888888891,0.5226363636363639,0.522767676767677,0.5230404040404042,0.5237373737373741,0.5232020202020203,0.5171212121212124,0.5087412972702231,0.5033525280811669,0.49846905017665244,0.49276829298505065,0.48386868686868695,0.47659595959595974,0.4701616161616164,0.4638181818181821,0.4545656565656568,0.4466868686868688,0.44036363636363646,0.4344444444444445,0.42836363636363656,0.42499891476750995,0.421132542555533,0.41787529692112735,0.4173434343434346,0.42807988980716266,0.43546372819100115,0.441805242507722,0.4547014775857753,0.4643232323232325,0.4750202020202022,0.48245454545454564,0.4929393939393941,0.4999595959595962,0.5067851239669423,0.5123507805325989,0.515717171717172,0.5140202020202023,0.513757575757576
-0.0989191919191919,-0.09250505050505052,-0.08392929292929291,-0.09024242424242429,-0.09768686868686868,-0.09817171717171722,-0.09747474747474742,-0.09649494949494954,-0.07454545454545447,-0.06625870272977716,-0.03452625979762109,0.02422662593422802,0.023071323288080755,0.055080808080808,0.08114141414141415,0.10652525252525255,0.13048484848484862,0.15305050505050521,0.1891111111111111,0.213090909090909,0.23747474747474734,0.26018181818181824,0.27348376325235824,0.28628405770704785,0.29666317570900597,0.2953737373737375,0.28489807162534425,0.22334251606978883,0.2296840303865097,0.1713681442524417,0.11583838383838384,0.06592929292929287,0.012757575757575846,-0.023727272727272763,-0.04852525252525251,-0.08109366391184575,-0.0770431588613407,-0.08882828282828276,-0.09204040404040402,-0.0801818181818182
-0.6746767676767677,-0.6750808080808082,-0.6740808080808081,-0.6743333333333333,-0.6742020202020201,-0.6739292929292929,-0.6732323232323232,-0.6737676767676768,-0.6798484848484848,-0.688228399699474,-0.6936171688885303,-0.6985006467930448,-0.7042014039846465,-0.7131010101010102,-0.7203737373737374,-0.7268080808080808,-0.7331515151515151,-0.7424040404040404,-0.7502828282828284,-0.7566060606060607,-0.7625252525252526,-0.7686060606060606,-0.7719707822021872,-0.7758371544141642,-0.7790944000485698,-0.7796262626262626,-0.7688898071625345,-0.761505968778696,-0.7551644544619751,-0.7422682193839218,-0.7326464646464647,-0.721949494949495,-0.7145151515151515,-0.704030303030303,-0.697010101010101,-0.6901845730027549,-0.6846189164370983,-0.6812525252525252,-0.682949494949495,-0.6832121212121212
0.7041111111111111,0.7037070707070706,0.7047070707070707,0.7044545454545454,0.7045858585858586,0.7048585858585859,0.7055555555555556,0.705020202020202,0.698939393939394,0.6905594790884048,0.6851707098993485,0.680287231994834,0.6745864748032323,0.6656868686868685,0.6584141414141413,0.651979797979798,0.6456363636363637,0.6363838383838384,0.6285050505050503,0.6221818181818181,0.6162626262626262,0.6101818181818182,0.6068170965856916,0.6029507243737147,0.599693478739309,0.5991616161616162,0.6098980716253443,0.6172819100091828,0.6236234243259037,0.6365196594039569,0.6461414141414141,0.6568383838383838,0.6642727272727272,0.6747575757575758,0.6817777777777778,0.688603305785124,0.6941689623507805,0.6975353535353536,0.6958383838383838,0.6955757575757576
-0.18982828282828282,-0.19023232323232328,-0.18923232323232325,-0.18948484848484848,-0.19086868686868685,-0.20423232323232324,-0.20353535353535343,-0.1904343434343435,-0.17303030303030295,-0.10489506636614075,-0.11028383555519695,-0.11516731345971142,-0.12086807065131319,-0.05173737373737377,-0.008252525252525218,0.015616161616161646,0.04109090909090925,0.0757777777777778,0.11183838383838379,0.09490909090909085,0.08595959595959594,0.07987878787878797,0.07651406628266136,0.07264769407068442,0.06939044843627878,0.06885858585858604,0.0795950413223141,0.08697887970615256,0.09332039402287345,0.07439844728274485,0.035535353535353684,-0.06285858585858592,-0.06300000000000013,-0.12372727272727278,-0.15307070707070702,-0.17503305785123974,-0.1846189164370983,-0.19337373737373728,-0.18294949494949495,-0.1832121212121212
-0.6746767676767677,-0.6750808080808082,-0.6740808080808081,-0.6743333333333333,-0.6742020202020201,-0.6739292929292929,-0.6732323232323232,-0.6737676767676768,-0.6798484848484848,-0.688228399699474,-0.6936171688885303,-0.6985006467930448,-0.7042014039846465,-0.7131010101010102,-0.7203737373737374,-0.7268080808080808,-0.7331515151515151,-0.7424040404040404,-0.7502828282828284,-0.7566060606060607,-0.7625252525252526,-0.7686060606060606,-0.7719707822021872,-0.7758371544141642,-0.7790944000485698,-0.7796262626262626,-0.7688898071625345,-0.761505968778696,-0.7551644544619751,-0.7422682193839218,-0.7326464646464647,-0.721949494949495,-0.7145151515151515,-0.704030303030303,-0.697010101010101,-0.6901845730027549,-0.6846189164370983,-0.6812525252525252,-0.682949494949495,-0.6832121212121212
0.7647171717171717,0.7643131313131313,0.7653131313131313,0.7650606060606061,0.7651919191919192,0.7654646464646464,0.7661616161616163,0.7656262626262625,0.7595454545454546,0.7511655396944653,0.7457767705054091,0.7408932926008946,0.7351925354092929,0.7262929292929292,0.7190202020202019,0.7125858585858587,0.7062424242424242,0.696989898989899,0.689111111111111,0.6827878787878787,0.6768686868686867,0.6707878787878787,0.6674231571917522,0.6635567849797752,0.6602995393453696,0.6597676767676769,0.6705041322314049,0.6778879706152434,0.6842294849319642,0.6971257200100175,0.7067474747474748,0.7174444444444443,0.7248787878787879,0.7353636363636363,0.7423838383838385,0.7492093663911845,0.7547750229568411,0.7581414141414142,0.7564444444444445,0.7561818181818182
-0.40194949494949495,-0.4023535353535354,-0.40135353535353535,-0.40160606060606063,-0.40147474747474743,-0.4012020202020202,-0.4005050505050505,-0.4010404040404041,-0.3116666666666666,-0.3094405209115953,-0.3148292901006515,-0.31971276800516596,-0.32541352519676775,-0.2373434343434345,-0.1915858585858587,-0.16620202020202018,-0.14072727272727267,-0.10452525252525248,-0.06846464646464659,-0.042969696969697053,-0.006464646464646614,0.004121212121212206,0.029544369312964374,0.04082951225250257,0.05423893328476352,0.0673434343434345,0.04929201101928368,0.012736455463728341,-0.02789172718924776,-0.09075306786877038,-0.15688888888888888,-0.20831313131313128,-0.2766363636363635,-0.3267575757575758,-0.35155555555555545,-0.3735179063360882,-0.3952249770431589,-0.3933737373737373,-0.3950707070707071,-0.3953333333333333
-0.6746767676767677,-0.6750808080808082,-0.6740808080808081,-0.6743333333333333,-0.6742020202020201,-0.6739292929292929,-0.6732323232323232,-0.6737676767676768,-0.6798484848484848,-0.688228399699474,-0.6936171688885303,-0.6985006467930448,-0.7042014039846465,-0.7131010101010102,-0.7203737373737374,-0.7268080808080808,-0.7331515151515151,-0.7424040404040404,-0.7502828282828284,-0.7566060606060607,-0.7625252525252526,-0.7686060606060606,-0.7719707822021872,-0.7758371544141642,-0.7790944000485698,-0.7796262626262626,-0.7688898071625345,-0.761505968778696,-0.7551644544619751,-0.7422682193839218,-0.7326464646464647,-0.721949494949495,-0.7145151515151515,-0.704030303030303,-0.697010101010101,-0.6901845730027549,-0.6846189164370983,-0.6812525252525252,-0.682949494949495,-0.6832121212121212
0.41623232323232323,0.41582828282828277,0.4031919191919193,0.4014242424242424,0.4015555555555556,0.40182828282828276,0.40252525252525256,0.4019898989898989,0.39590909090909093,0.38752917605810167,0.3836555583841969,0.37877208047968264,0.3715561717729292,0.3490202020202018,0.34023232323232316,0.3459191919191921,0.3274545454545455,0.33183838383838393,0.3133535353535353,0.319151515151515,0.3132323232323231,0.3071515151515151,0.3037867935553885,0.29992042134341157,0.29666317570900597,0.2961313131313132,0.3068677685950413,0.3142516069788797,0.30847190917438855,0.3231587778612571,0.32795959595959595,0.3386565656565656,0.34609090909090906,0.37021212121212127,0.37874747474747483,0.38557300275482087,0.3911386593204775,0.3945050505050505,0.39280808080808083,0.3925454545454546
0.31017171717171715,0.3097676767676767,0.31076767676767675,0.3090000000000001,0.30913131313131326,0.3230404040404042,0.3101010101010102,0.3095656565656566,0.3337878787878789,0.367832206361132,0.368504043232682,0.39240844411604614,0.41549556571232327,0.43992929292929295,0.4493232323232323,0.45652525252525267,0.478969696969697,0.5015353535353537,0.5224444444444445,0.5312727272727271,0.5420202020202018,0.564727272727273,0.5780292177978129,0.5893143607373509,0.6012086302544604,0.6006767676767677,0.5932314049586775,0.5703122130394859,0.5342294849319644,0.48803481091910844,0.4506868686868688,0.4295656565656567,0.39306060606060617,0.3853636363636364,0.3651111111111111,0.356785123966942,0.35932047750229573,0.3354141414141416,0.34583838383838394,0.3334545454545456
-0.6746767676767677,-0.6750808080808082,-0.6740808080808081,-0.6743333333333333,-0.6742020202020201,-0.6739292929292929,-0.6732323232323232,-0.6737676767676768,-0.6798484848484848,-0.688228399699474,-0.6936171688885303,-0.6985006467930448,-0.7042014039846465,-0.7131010101010102,-0.7203737373737374,-0.7268080808080808,-0.7331515151515151,-0.7424040404040404,-0.7502828282828284,-0.7566060606060607,-0.7625252525252526,-0.7686060606060606,-0.7719707822021872,-0.7758371544141642,-0.7790944000485698,-0.7796262626262626,-0.7688898071625345,-0.761505968778696,-0.7551644544619751,-0.7422682193839218,-0.7326464646464647,-0.721949494949495,-0.7145151515151515,-0.704030303030303,-0.697010101010101,-0.6901845730027549,-0.6846189164370983,-0.6812525252525252,-0.682949494949495,-0.6832121212121212
0.3404747474747475,0.340070707070707,0.3274343434343435,0.32566666666666666,0.32579797979797986,0.3139494949494949,0.3267676767676768,0.32623232323232315,0.3201515151515152,0.29965038817931383,0.3063828311114697,0.28786298957059153,0.2806470808638383,0.2702323232323232,0.26295959595959595,0.25804040404040407,0.25169696969696975,0.24244444444444446,0.23456565656565642,0.24187878787878786,0.23747474747474734,0.23139393939393937,0.2295443693129644,0.23779920922219955,0.2209055999514302,0.22037373737373744,0.2311101928374655,0.23849403122130397,0.23119918190166114,0.23045905334335087,0.2522020202020202,0.25077777777777777,0.2703333333333333,0.28157575757575753,0.3007171717171719,0.3083002754820937,0.31538108356290173,0.3187474747474748,0.3170505050505051,0.3167878787878788
0.3071414141414141,0.3082525252525253,0.31076767676767675,0.3090000000000001,0.30913131313131326,0.3230404040404042,0.3101010101010102,0.3095656565656566,0.3337878787878789,0.367832206361132,0.3669888917175303,0.39240844411604614,0.41549556571232327,0.4232626262626261,0.44629292929292924,0.45652525252525267,0.4774545454545456,0.4985050505050506,0.5088080808080808,0.5312727272727271,0.5420202020202018,0.564727272727273,0.5780292177978129,0.5893143607373509,0.599693478739309,0.5976464646464648,0.5917162534435261,0.5581910009182738,0.5342294849319644,0.47439844728274494,0.4491717171717174,0.42805050505050507,0.3900303030303031,0.38384848484848477,0.36662626262626274,0.35830027548209364,0.34719926538108364,0.34753535353535364,0.34583838383838394,0.3334545454545456
-0.6746767676767677,-0.6750808080808082,-0.6740808080808081,-0.6743333333333333,-0.6742020202020201,-0.6739292929292929,-0.6732323232323232,-0.6737676767676768,-0.6798484848484848,-0.688228399699474,-0.6936171688885303,-0.6985006467930448,-0.7042014039846465,-0.7131010101010102,-0.7203737373737374,-0.7268080808080808,-0.7331515151515151,-0.7424040404040404,-0.7502828282828284,-0.7566060606060607,-0.7625252525252526,-0.7686060606060606,-0.7719707822021872,-0.7758371544141642,-0.7790944000485698,-0.7796262626262626,-0.7688898071625345,-0.761505968778696,-0.7551644544619751,-0.7422682193839218,-0.7326464646464647,-0.721949494949495,-0.7145151515151515,-0.704030303030303,-0.697010101010101,-0.6901845730027549,-0.6846189164370983,-0.6812525252525252,-0.682949494949495,-0.6832121212121212
0.26471717171717185,0.2643131313131314,0.2516767676767678,0.24990909090909103,0.2500404040404042,0.2503131313131314,0.2510101010101012,0.23532323232323227,0.21560606060606066,0.220862509391435,0.21395858868722728,0.19392359563119765,0.18519253540929292,0.15053535353535352,0.14326262626262629,0.13531313131313144,0.11533333333333347,0.10759595959595974,0.11183838383838379,0.09187878787878788,0.08747474747474748,0.09503030303030312,0.07954436931296444,0.08779920922219957,0.08454196358779394,0.08401010101010119,0.09474655647382924,0.10213039485766771,0.1084719091743886,0.13500450788880547,0.15977777777777785,0.17198989898989892,0.1794242424242424,0.1899090909090909,0.19844444444444453,0.22042148760330574,0.23962350780532607,0.24298989898989914,0.24129292929292942,0.24103030303030315
0.6571414141414142,0.6552222222222224,0.6577373737373738,0.659,0.6591313131313132,0.6594040404040403,0.6601010101010102,0.6610808080808082,0.6686363636363639,0.6617716003005261,0.6578979826266212,0.6651357168433188,0.6609501111668685,0.6656868686868685,0.672050505050505,0.6686464646464646,0.6774545454545454,0.6818383838383839,0.6875959595959595,0.6964242424242424,0.6920202020202019,0.6995757575757576,0.6856049753735706,0.6817386031615936,0.6769662060120362,0.674919191919192,0.6856556473829201,0.6930394857667586,0.6993810000834794,0.6918226897069872,0.6787171717171718,0.6735050505050504,0.6794242424242424,0.6633939393939394,0.6795050505050505,0.6734517906336087,0.6790174471992654,0.6687474747474749,0.6655353535353538,0.6652727272727275
-0.6746767676767677,-0.6750808080808082,-0.6740808080808081,-0.6743333333333333,-0.6742020202020201,-0.6739292929292929,-0.6732323232323232,-0.6737676767676768,-0.6798484848484848,-0.688228399699474,-0.6936171688885303,-0.6985006467930448,-0.7042014039846465,-0.7131010101010102,-0.7203737373737374,-0.7268080808080808,-0.7331515151515151,-0.7424040404040404,-0.7502828282828284,-0.7566060606060607,-0.7625252525252526,-0.7686060606060606,-0.7719707822021872,-0.7758371544141642,-0.7790944000485698,-0.7796262626262626,-0.7688898071625345,-0.761505968778696,-0.7551644544619751,-0.7422682193839218,-0.7326464646464647,-0.721949494949495,-0.7145151515151515,-0.704030303030303,-0.697010101010101,-0.6901845730027549,-0.6846189164370983,-0.6812525252525252,-0.682949494949495,-0.6832121212121212
0.20411111111111113,0.20370707070707064,0.19107070707070717,0.20293939393939403,0.20458585858585865,0.19273737373737374,0.2040404040404042,0.1898686868686869,0.18378787878787894,0.1769231154520412,0.18365555838419706,0.16513571684331899,0.15943495965171722,0.15053535353535352,0.14326262626262629,0.13682828282828297,0.13048484848484862,0.1227474747474749,0.11486868686868687,0.10703030303030303,0.1011111111111111,0.09654545454545466,0.10681709658569156,0.10295072437371461,0.09969347873930898,0.09916161616161623,0.10989807162534429,0.11576675849403133,0.1084719091743886,0.12136814425244184,0.1309898989898991,0.14168686868686872,0.1491212121212122,0.1596060606060607,0.1666262626262628,0.1749669421487604,0.19265381083562907,0.18238383838383854,0.1806868686868688,0.18042424242424254
0.8889595959595962,0.8991616161616162,0.9001616161616163,0.899909090909091,0.8879191919191919,0.9003131313131314,0.8888888888888888,0.9019898989898989,0.895909090909091,0.8875291760581017,0.8821404068690455,0.877256928964531,0.8700410202577779,0.8611414141414141,0.8553838383838384,0.848949494949495,0.8304848484848488,0.8333535353535354,0.8254747474747474,0.8191515151515151,0.8147474747474746,0.8207878787878788,0.8037867935553885,0.7999204213434116,0.8102995393453697,0.8112828282828284,0.8083829201101926,0.8157667584940311,0.8357446364471157,0.848640871525169,0.8582626262626263,0.8825959595959596,0.8915454545454545,0.9005151515151516,0.9060202020202021,0.9128457300275481,0.9062901744719927,0.9217777777777778,0.9215959595959597,0.9092121212121211
-0.6746767676767677,-0.6750808080808082,-0.6740808080808081,-0.6743333333333333,-0.6742020202020201,-0.6739292929292929,-0.6732323232323232,-0.6737676767676768,-0.6798484848484848,-0.688228399699474,-0.6936171688885303,-0.6985006467930448,-0.7042014039846465,-0.7131010101010102,-0.7203737373737374,-0.7268080808080808,-0.7331515151515151,-0.7424040404040404,-0.7502828282828284,-0.7566060606060607,-0.7625252525252526,-0.7686060606060606,-0.7719707822021872,-0.7758371544141642,-0.7790944000485698,-0.7796262626262626,-0.7688898071625345,-0.761505968778696,-0.7551644544619751,-0.7422682193839218,-0.7326464646464647,-0.721949494949495,-0.7145151515151515,-0.704030303030303,-0.697010101010101,-0.6901845730027549,-0.6846189164370983,-0.6812525252525252,-0.682949494949495,-0.6832121212121212
0.491989898989899,0.4900707070707071,0.47743434343434343,0.47718181818181815,0.47731313131313136,0.47758585858585856,0.4782828282828283,0.4777474747474747,0.4716666666666667,0.4648019033308289,0.4609282856569243,0.4545296562372584,0.4594349596517171,0.4384141414141413,0.4190202020202018,0.41258585858585844,0.40624242424242407,0.40911111111111115,0.3875959595959594,0.3812727272727271,0.3889898989898989,0.38290909090909087,0.3795443693129643,0.3756779971009873,0.358784387830218,0.3567373737373738,0.3811101928374656,0.3778879706152432,0.38422948493196407,0.3978144252441773,0.4037171717171717,0.41441414141414135,0.4218484848484848,0.445969696969697,0.4545050505050506,0.4613305785123966,0.4668962350780532,0.4702626262626263,0.4685656565656566,0.46830303030303033
0.32229292929292946,0.3097676767676767,0.32288888888888906,0.3105151515151515,0.3242828282828284,0.326070707070707,0.3252525252525254,0.3232020202020203,0.3337878787878789,0.3572261457550714,0.3700191947478334,0.39240844411604614,0.41549556571232327,0.43992929292929295,0.4493232323232323,0.45652525252525267,0.478969696969697,0.500020202020202,0.5209292929292929,0.5312727272727271,0.5420202020202018,0.564727272727273,0.5780292177978129,0.5893143607373509,0.599693478739309,0.5976464646464648,0.5917162534435261,0.5566758494031222,0.5327143334168127,0.48803481091910844,0.4506868686868688,0.4295656565656567,0.3945757575757576,0.38612121212121214,0.3522323232323233,0.356785123966942,0.34719926538108364,0.3490505050505051,0.34735353535353536,0.33496969696969703
-0.6746767676767677,-0.6750808080808082,-0.6740808080808081,-0.6743333333333333,-0.6742020202020201,-0.6739292929292929,-0.6732323232323232,-0.6737676767676768,-0.6798484848484848,-0.688228399699474,-0.6936171688885303,-0.6985006467930448,-0.7042014039846465,-0.7131010101010102,-0.7203737373737374,-0.7268080808080808,-0.7331515151515151,-0.7424040404040404,-0.7502828282828284,-0.7566060606060607,-0.7625252525252526,-0.7686060606060606,-0.7719707822021872,-0.7758371544141642,-0.7790944000485698,-0.7796262626262626,-0.7688898071625345,-0.761505968778696,-0.7551644544619751,-0.7422682193839218,-0.7326464646464647,-0.721949494949495,-0.7145151515151515,-0.704030303030303,-0.697010101010101,-0.6901845730027549,-0.6846189164370983,-0.6812525252525252,-0.682949494949495,-0.6832121212121212
0.523808080808081,0.5218888888888891,0.5228888888888891,0.5226363636363639,0.522767676767677,0.5230404040404042,0.5237373737373741,0.5368383838383839,0.5474242424242425,0.55571099423992,0.565473740202379,0.5742266259342282,0.5700410202577778,0.5732626262626263,0.565989898989899,0.5625858585858585,0.5698787878787877,0.5606262626262625,0.5527474747474744,0.5464242424242421,0.5405050505050502,0.5344242424242421,0.5310595208281156,0.5271931486161386,0.523935902981733,0.5218888888888888,0.5189889807162533,0.5263728191000918,0.5327143334168127,0.5440954169797145,0.5400808080808083,0.5371414141414143,0.5415454545454547,0.5376363636363639,0.5310202020202021,0.5370881542699721,0.5290174471992652,0.5187474747474748,0.5155353535353537,0.513757575757576
0.6147171717171717,0.6264343434343432,0.6289494949494947,0.6286969696969695,0.6409494949494949,0.6427373737373738,0.6449494949494952,0.64289898989899,0.636818181818182,0.6451049336338595,0.6685040432326819,0.6651357168433188,0.6730713232880808,0.6793232323232323,0.675080808080808,0.6822828282828283,0.675939393939394,0.6803232323232324,0.6739595959595959,0.6812727272727273,0.6768686868686867,0.6707878787878787,0.6674231571917522,0.6635567849797752,0.6466631757090059,0.6582525252525254,0.6705041322314049,0.6778879706152434,0.6842294849319642,0.6834893563736538,0.6900808080808082,0.6735050505050504,0.6642727272727272,0.6717272727272726,0.6514747474747475,0.6567851239669422,0.6623507805325988,0.6535959595959597,0.6534141414141417,0.6652727272727275
-0.6746767676767677,-0.6750808080808082,-0.6740808080808081,-0.6743333333333333,-0.6742020202020201,-0.6739292929292929,-0.6732323232323232,-0.6737676767676768,-0.6798484848484848,-0.688228399699474,-0.6936171688885303,-0.6985006467930448,-0.7042014039846465,-0.7131010101010102,-0.7203737373737374,-0.7268080808080808,-0.7331515151515151,-0.7424040404040404,-0.7502828282828284,-0.7566060606060607,-0.7625252525252526,-0.7686060606060606,-0.7719707822021872,-0.7758371544141642,-0.7790944000485698,-0.7796262626262626,-0.7688898071625345,-0.761505968778696,-0.7551644544619751,-0.7422682193839218,-0.7326464646464647,-0.721949494949495,-0.7145151515151515,-0.704030303030303,-0.697010101010101,-0.6901845730027549,-0.6846189164370983,-0.6812525252525252,-0.682949494949495,-0.6832121212121212
0.5525959595959594,0.5521919191919189,0.553191919191919,0.5529393939393937,0.5530707070707069,0.553343434343434,0.5540404040404039,0.5535050505050503,0.5474242424242423,0.5390443275732529,0.5336555583841968,0.5287720804796823,0.5230713232880806,0.5141717171717168,0.5068989898989896,0.5004646464646463,0.49412121212121196,0.48486868686868667,0.47698989898989863,0.47066666666666634,0.4647474747474744,0.45866666666666644,0.45530194507053984,0.4514355728585629,0.44817832722415724,0.4476464646464645,0.45838292011019255,0.46576675849403104,0.4721082728107519,0.48500450788880517,0.4946262626262624,0.5053232323232321,0.5127575757575755,0.5232424242424241,0.5302626262626261,0.5370881542699721,0.5426538108356288,0.5460202020202019,0.5443232323232321,0.5440606060606059
0.901080808080808,0.9006767676767676,0.9016767676767676,0.9014242424242425,0.9015555555555556,0.9018282828282828,0.9025252525252526,0.9019898989898989,0.895909090909091,0.8875291760581017,0.8821404068690455,0.877256928964531,0.8715561717729292,0.8762929292929292,0.8705353535353535,0.8625858585858587,0.8426060606060606,0.8333535353535354,0.839111111111111,0.8343030303030302,0.8283838383838382,0.8223030303030303,0.8189383087069037,0.8150719364949267,0.7996934787393091,0.8097676767676769,0.8068677685950413,0.8278879706152434,0.8357446364471157,0.8501560230403205,0.8734141414141414,0.8841111111111111,0.8915454545454545,0.902030303030303,0.9090505050505051,0.9158760330578511,0.9214416896235078,0.9248080808080809,0.9231111111111111,0.9228484848484849
-0.6746767676767677,-0.6750808080808082,-0.6740808080808081,-0.6743333333333333,-0.6742020202020201,-0.6739292929292929,-0.6732323232323232,-0.6737676767676768,-0.6798484848484848,-0.688228399699474,-0.6936171688885303,-0.6985006467930448,-0.7042014039846465,-0.7131010101010102,-0.7203737373737374,-0.7268080808080808,-0.7331515151515151,-0.7424040404040404,-0.7502828282828284,-0.7566060606060607,-0.7625252525252526,-0.7686060606060606,-0.7719707822021872,-0.7758371544141642,-0.7790944000485698,-0.7796262626262626,-0.7688898071625345,-0.761505968778696,-0.7551644544619751,-0.7422682193839218,-0.7326464646464647,-0.721949494949495,-0.7145151515151515,-0.704030303030303,-0.697010101010101,-0.6901845730027549,-0.6846189164370983,-0.6812525252525252,-0.682949494949495,-0.6832121212121212
0.38592929292929296,0.3855252525252525,0.3865252525252525,0.38627272727272727,0.38640404040404047,0.3866767676767676,0.3873737373737374,0.38683838383838376,0.3807575757575758,0.3723776609065865,0.3669888917175303,0.36210541381301586,0.3564046566214141,0.3475050505050504,0.34023232323232316,0.3337979797979798,0.3274545454545455,0.3182020202020202,0.31032323232323217,0.3039999999999999,0.29808080808080795,0.292,0.2886352784038734,0.28476890619189643,0.2815116605574908,0.28097979797979805,0.2917162534435261,0.2991000918273646,0.30544160614408544,0.3183378412221387,0.32795959595959595,0.3386565656565656,0.34609090909090906,0.35657575757575755,0.36359595959595964,0.37042148760330573,0.37598714416896234,0.3793535353535354,0.3776565656565657,0.3773939393939394
-0.2352828282828283,-0.23568686868686875,-0.2346868686868687,-0.23493939393939395,-0.23480808080808077,-0.2345353535353536,-0.2338383838383838,-0.2336161616161616,-0.2245454545454545,-0.2018647633358377,-0.16331413858549998,-0.1363794346718326,-0.09814079792404046,-0.06234343434343442,-0.04385858585858585,-0.0010505050505049348,0.024424242424242452,0.059111111111111225,0.08456565656565646,0.12218181818181818,0.14656565656565643,0.17078787878787888,0.18408982385841896,0.19537496679795716,0.21939044843627875,0.21885858585858603,-0.0022231404958678136,-0.019081726354453606,-0.012740212037732719,0.00015602304032052479,0.009777777777777778,0.020474747474747413,0.02790909090909089,0.038393939393939376,0.02117171717171721,-0.20533608815427004,-0.21643709825528012,-0.22670707070707066,-0.2284040404040404,-0.22866666666666666
-0.6746767676767677,-0.6750808080808082,-0.6740808080808081,-0.6743333333333333,-0.6742020202020201,-0.6739292929292929,-0.6732323232323232,-0.6737676767676768,-0.6798484848484848,-0.688228399699474,-0.6936171688885303,-0.6985006467930448,-0.7042014039846465,-0.7131010101010102,-0.7203737373737374,-0.7268080808080808,-0.7331515151515151,-0.7424040404040404,-0.7502828282828284,-0.7566060606060607,-0.7625252525252526,-0.7686060606060606,-0.7719707822021872,-0.7758371544141642,-0.7790944000485698,-0.7796262626262626,-0.7688898071625345,-0.761505968778696,-0.7551644544619751,-0.7422682193839218,-0.7326464646464647,-0.721949494949495,-0.7145151515151515,-0.704030303030303,-0.697010101010101,-0.6901845730027549,-0.6846189164370983,-0.6812525252525252,-0.682949494949495,-0.6832121212121212
0.43138383838383837,0.4309797979797979,0.43197979797979796,0.43172727272727274,0.4318585858585859,0.4321313131313131,0.4328282828282829,0.43229292929292923,0.42621212121212126,0.417832206361132,0.41244343717207577,0.40755995926756133,0.40185920207595954,0.39295959595959584,0.38568686868686863,0.3792525252525253,0.3729090909090909,0.3636565656565657,0.35577777777777764,0.34945454545454535,0.3435353535353534,0.33745454545454545,0.33408982385841884,0.3302234516464419,0.32696620601203624,0.3264343434343435,0.33717079889807156,0.34455463728191005,0.3508961515986309,0.3637923866766842,0.3734141414141414,0.38411111111111107,0.39154545454545453,0.402030303030303,0.4090505050505051,0.4158760330578512,0.42144168962350775,0.42480808080808086,0.4231111111111111,0.42284848484848486
-0.2352828282828283,-0.23568686868686875,-0.2346868686868687,-0.23493939393939395,-0.23480808080808077,-0.2345353535353536,-0.2338383838383838,-0.2328585858585859,-0.22378787878787873,-0.2018647633358377,-0.16331413858549998,-0.1363794346718326,-0.09814079792404046,-0.06310101010101024,-0.037040404040404096,0.0004646464646466019,0.024424242424242452,0.059111111111111225,0.08456565656565646,0.12218181818181818,0.14656565656565643,0.17078787878787888,0.18408982385841896,0.20749617891916924,0.21939044843627875,0.21885858585858603,0.03186776859504128,0.018797061524334274,0.02513857584105516,0.0380348109191084,0.047656565656565654,0.05835353535353529,0.045333333333333295,-0.15706060606060607,-0.1818585858585858,-0.20533608815427004,-0.21643709825528012,-0.22670707070707066,-0.2284040404040404,-0.2165454545454545
-0.6746767676767677,-0.6750808080808082,-0.6740808080808081,-0.6743333333333333,-0.6742020202020201,-0.6739292929292929,-0.6732323232323232,-0.6737676767676768,-0.6798484848484848,-0.688228399699474,-0.6936171688885303,-0.6985006467930448,-0.7042014039846465,-0.7131010101010102,-0.7203737373737374,-0.7268080808080808,-0.7331515151515151,-0.7424040404040404,-0.7502828282828284,-0.7566060606060607,-0.7625252525252526,-0.7686060606060606,-0.7719707822021872,-0.7758371544141642,-0.7790944000485698,-0.7796262626262626,-0.7688898071625345,-0.761505968778696,-0.7551644544619751,-0.7422682193839218,-0.7326464646464647,-0.721949494949495,-0.7145151515151515,-0.704030303030303,-0.697010101010101,-0.6901845730027549,-0.6846189164370983,-0.6812525252525252,-0.682949494949495,-0.6832121212121212
0.3404747474747475,0.340070707070707,0.3410707070707071,0.3408181818181818,0.340949494949495,0.34122222222222215,0.34191919191919196,0.34138383838383835,0.3353030303030303,0.32692311545204106,0.3215343462629849,0.3166508683584704,0.31095011116686866,0.3020505050505049,0.2947777777777777,0.28834343434343435,0.28200000000000003,0.2727474747474748,0.26486868686868675,0.2585454545454544,0.2526262626262625,0.2465454545454545,0.24318073294932793,0.23931436073735096,0.23605711510294533,0.2355252525252526,0.24626170798898064,0.2536455463728191,0.25998706068954003,0.27288329576759324,0.2825050505050505,0.29320202020202013,0.3006363636363636,0.31112121212121213,0.3181414141414142,0.32496694214876026,0.33053259871441687,0.3338989898989899,0.3322020202020202,0.331939393939394
-0.22013131313131312,-0.22053535353535358,-0.21953535353535356,-0.21978787878787878,-0.2196565656565656,-0.21938383838383843,-0.21868686868686862,-0.20558585858585868,-0.19499999999999995,-0.154137490608565,-0.1557383810097424,-0.1235006467930447,-0.07768625246949498,-0.06234343434343442,-0.024919191919191907,0.0004646464646466019,0.03806060606060618,0.06062626262626276,0.08456565656565646,0.12218181818181818,0.14656565656565643,0.16927272727272732,0.18257467234326744,0.19537496679795716,0.21939044843627875,0.21885858585858603,0.19929201101928376,0.16122130394857678,0.10998706068954003,0.07591359879789639,0.011292929292929422,-0.04013131313131319,-0.09330303030303032,-0.1419090909090909,-0.16670707070707064,-0.18866942148760335,-0.1982552800734619,-0.21004040404040397,-0.2117373737373737,-0.19987878787878788
-0.6746767676767677,-0.6750808080808082,-0.6740808080808081,-0.6743333333333333,-0.6742020202020201,-0.6739292929292929,-0.6732323232323232,-0.6737676767676768,-0.6798484848484848,-0.688228399699474,-0.6936171688885303,-0.6985006467930448,-0.7042014039846465,-0.7131010101010102,-0.7203737373737374,-0.7268080808080808,-0.7331515151515151,-0.7424040404040404,-0.7502828282828284,-0.7566060606060607,-0.7625252525252526,-0.7686060606060606,-0.7719707822021872,-0.7758371544141642,-0.7790944000485698,-0.7796262626262626,-0.7688898071625345,-0.761505968778696,-0.7551644544619751,-0.7422682193839218,-0.7326464646464647,-0.721949494949495,-0.7145151515151515,-0.704030303030303,-0.697010101010101,-0.6901845730027549,-0.6846189164370983,-0.6812525252525252,-0.682949494949495,-0.6832121212121212
0.4616868686868687,0.46128282828282824,0.46228282828282824,0.462030303030303,0.4621616161616162,0.46243434343434336,0.46313131313131317,0.4625959595959595,0.45651515151515154,0.4481352366641623,0.4427464674751061,0.4378629895705916,0.4321622323789898,0.4232626262626261,0.4159898989898989,0.40955555555555556,0.40321212121212124,0.393959595959596,0.38608080808080797,0.3797575757575756,0.3738383838383837,0.3677575757575757,0.3643928541614491,0.3605264819494722,0.3572692363150666,0.3567373737373738,0.3674738292011019,0.3748576675849403,0.38119918190166124,0.39409541697971445,0.4037171717171717,0.41441414141414135,0.4218484848484848,0.4323333333333333,0.4393535353535354,0.4461790633608815,0.4517447199265381,0.45511111111111113,0.45341414141414144,0.4531515151515152
-0.20497979797979793,-0.2053838383838384,-0.20438383838383833,-0.2114545454545454,-0.21208080808080798,-0.21862626262626267,-0.21868686868686862,-0.20558585858585868,-0.18742424242424238,-0.11247082394189832,-0.11785959313095452,-0.122743071035469,-0.12844382822707076,-0.05401010101010113,-0.02340404040404037,0.0019797979797981386,0.03957575757575771,0.06062626262626276,0.09668686868686864,0.12218181818181818,0.14656565656565643,0.17078787878787888,0.19621103597963105,0.20901133043432066,0.2209055999514302,0.21885858585858603,0.2008071625344352,0.16425160697887986,0.12362342432590376,0.07591359879789639,0.0234141414141415,-0.04013131313131319,-0.09330303030303032,-0.1297878787878788,-0.16670707070707064,-0.18866942148760335,-0.1846189164370983,-0.19488888888888883,-0.19810101010101008,-0.19836363636363635
-0.6746767676767677,-0.6750808080808082,-0.6740808080808081,-0.6743333333333333,-0.6742020202020201,-0.6739292929292929,-0.6732323232323232,-0.6737676767676768,-0.6798484848484848,-0.688228399699474,-0.6936171688885303,-0.6985006467930448,-0.7042014039846465,-0.7131010101010102,-0.7203737373737374,-0.7268080808080808,-0.7331515151515151,-0.7424040404040404,-0.7502828282828284,-0.7566060606060607,-0.7625252525252526,-0.7686060606060606,-0.7719707822021872,-0.7758371544141642,-0.7790944000485698,-0.7796262626262626,-0.7688898071625345,-0.761505968778696,-0.7551644544619751,-0.7422682193839218,-0.7326464646464647,-0.721949494949495,-0.7145151515151515,-0.704030303030303,-0.697010101010101,-0.6901845730027549,-0.6846189164370983,-0.6812525252525252,-0.682949494949495,-0.6832121212121212
0.6366868686868689,0.6347676767676768,0.6289494949494947,0.6286969696969695,0.6288282828282826,0.6291010101010098,0.6297979797979796,0.629262626262626,0.6231818181818181,0.6198106686701729,0.614585098302194,0.6049569535944099,0.6010554100153606,0.5899292929292926,0.5826565656565653,0.5762222222222221,0.5698787878787877,0.5606262626262625,0.5527474747474744,0.5464242424242421,0.5405050505050502,0.5344242424242421,0.5310595208281156,0.5271931486161386,0.523935902981733,0.5234040404040403,0.5341404958677684,0.5415243342516067,0.5478658485683277,0.5607620836463809,0.5703838383838382,0.5810808080808078,0.5885151515151513,0.5989999999999998,0.6060202020202019,0.6191129476584021,0.6186179981634525,0.6217777777777777,0.6200808080808079,0.6198181818181816
0.9616868686868687,0.9612828282828282,0.9622828282828283,0.962030303030303,0.9621616161616162,0.9624343434343434,0.9631313131313132,0.9625959595959596,0.9565151515151515,0.9481352366641623,0.9442616189902575,0.939378141085743,0.9306470808638384,0.9156868686868685,0.9159898989898989,0.8974343434343435,0.9032121212121212,0.893959595959596,0.8875959595959594,0.8949090909090908,0.8874747474747474,0.8813939393939395,0.8795443693129643,0.8756779971009874,0.8724207514665817,0.8718888888888889,0.882625344352617,0.8900091827364555,0.8963506970531764,0.9092469321312296,0.9188686868686868,0.931080808080808,0.9506363636363637,0.9482424242424242,0.96889898989899,0.9764820936639118,0.9820477502295684,0.9854141414141414,0.9837171717171717,0.9834545454545455
-0.6746767676767677,-0.6750808080808082,-0.6740808080808081,-0.6743333333333333,-0.6742020202020201,-0.6739292929292929,-0.6732323232323232,-0.6737676767676768,-0.6798484848484848,-0.688228399699474,-0.6936171688885303,-0.6985006467930448,-0.7042014039846465,-0.7131010101010102,-0.7203737373737374,-0.7268080808080808,-0.7331515151515151,-0.7424040404040404,-0.7502828282828284,-0.7566060606060607,-0.7625252525252526,-0.7686060606060606,-0.7719707822021872,-0.7758371544141642,-0.7790944000485698,-0.7796262626262626,-0.7688898071625345,-0.761505968778696,-0.7551644544619751,-0.7422682193839218,-0.7326464646464647,-0.721949494949495,-0.7145151515151515,-0.704030303030303,-0.697010101010101,-0.6901845730027549,-0.6846189164370983,-0.6812525252525252,-0.682949494949495,-0.6832121212121212
0.6435050505050507,0.6431010101010103,0.6304646464646464,0.6423333333333334,0.6439797979797982,0.6442525252525254,0.6434343434343436,0.629262626262626,0.6246969696969696,0.6299534184823443,0.6245646492932881,0.6196811713887737,0.6124652626820203,0.5899292929292926,0.5826565656565653,0.5762222222222221,0.5698787878787877,0.5606262626262625,0.5527474747474744,0.5464242424242421,0.5405050505050502,0.5344242424242421,0.5310595208281156,0.5271931486161386,0.523935902981733,0.5234040404040403,0.5341404958677684,0.5415243342516067,0.5478658485683277,0.5607620836463809,0.5703838383838382,0.5810808080808078,0.5885151515151513,0.5989999999999998,0.6075353535353535,0.6279972451790635,0.6320477502295685,0.6232929292929292,0.6215959595959595,0.6198181818181816
0.9616868686868687,0.9612828282828282,0.9486464646464645,0.9605151515151515,0.9621616161616162,0.9624343434343434,0.9616161616161617,0.9474444444444444,0.9428787878787879,0.9481352366641623,0.942746467475106,0.9378629895705917,0.9306470808638384,0.908111111111111,0.9008383838383838,0.8944040404040404,0.8880606060606061,0.8924444444444446,0.8860808080808079,0.8797575757575756,0.8738383838383837,0.8677575757575757,0.8643928541614492,0.8605264819494722,0.8572692363150666,0.8567373737373738,0.8674738292011018,0.8748576675849403,0.8827143334168126,0.8956105684948659,0.9037171717171717,0.9159292929292928,0.9369999999999999,0.9474848484848485,0.956020202020202,0.9764820936639118,0.9820477502295684,0.9854141414141414,0.9715959595959598,0.981939393939394
-0.6746767676767677,-0.6750808080808082,-0.6740808080808081,-0.6743333333333333,-0.6742020202020201,-0.6739292929292929,-0.6732323232323232,-0.6737676767676768,-0.6798484848484848,-0.688228399699474,-0.6936171688885303,-0.6985006467930448,-0.7042014039846465,-0.7131010101010102,-0.7203737373737374,-0.7268080808080808,-0.7331515151515151,-0.7424040404040404,-0.7502828282828284,-0.7566060606060607,-0.7625252525252526,-0.7686060606060606,-0.7719707822021872,-0.7758371544141642,-0.7790944000485698,-0.7796262626262626,-0.7688898071625345,-0.761505968778696,-0.7551644544619751,-0.7422682193839218,-0.7326464646464647,-0.721949494949495,-0.7145151515151515,-0.704030303030303,-0.697010101010101,-0.6901845730027549,-0.6846189164370983,-0.6812525252525252,-0.682949494949495,-0.6832121212121212
0.5374444444444445,0.537040404040404,0.538040404040404,0.5377878787878788,0.537919191919192,0.5381919191919191,0.538888888888889,0.5383535353535353,0.5322727272727273,0.523892812421738,0.5185040432326818,0.5136205653281674,0.5079198081365656,0.4990202020202019,0.49174747474747466,0.48531313131313136,0.478969696969697,0.46971717171717176,0.4618383838383837,0.45551515151515143,0.4495959595959595,0.4435151515151515,0.44015042991902487,0.4362840577070479,0.4330268120726423,0.43249494949494954,0.44323140495867763,0.45061524334251607,0.456956757659237,0.4698529927372902,0.4794747474747475,0.4901717171717171,0.4976060606060606,0.508090909090909,0.5151111111111112,0.5219366391184572,0.5275022956841138,0.5308686868686869,0.5291717171717172,0.5289090909090909
0.9162323232323233,0.9158282828282828,0.9168282828282828,0.9165757575757576,0.9167070707070708,0.9169797979797979,0.9176767676767678,0.917141414141414,0.9110606060606061,0.9026806912096168,0.8972919220205606,0.8924084441160461,0.8867076869244443,0.8914444444444444,0.8856868686868686,0.8792525252525253,0.8607878787878789,0.8515353535353536,0.8557777777777776,0.8494545454545454,0.8435353535353534,0.8374545454545455,0.8340898238584188,0.8302234516464418,0.8148449938908242,0.824919191919192,0.8356556473829201,0.84455463728191,0.8524113031137828,0.8789439018281993,0.8885656565656566,0.8992626262626262,0.9066969696969697,0.9171818181818182,0.9242020202020202,0.9310275482093663,0.936593204775023,0.939959595959596,0.9382626262626262,0.9380000000000001
-0.6746767676767677,-0.6750808080808082,-0.6740808080808081,-0.6743333333333333,-0.6742020202020201,-0.6739292929292929,-0.6732323232323232,-0.6737676767676768,-0.6798484848484848,-0.688228399699474,-0.6936171688885303,-0.6985006467930448,-0.7042014039846465,-0.7131010101010102,-0.7203737373737374,-0.7268080808080808,-0.7331515151515151,-0.7424040404040404,-0.7502828282828284,-0.7566060606060607,-0.7625252525252526,-0.7686060606060606,-0.7719707822021872,-0.7758371544141642,-0.7790944000485698,-0.7796262626262626,-0.7688898071625345,-0.761505968778696,-0.7551644544619751,-0.7422682193839218,-0.7326464646464647,-0.721949494949495,-0.7145151515151515,-0.704030303030303,-0.697010101010101,-0.6901845730027549,-0.6846189164370983,-0.6812525252525252,-0.682949494949495,-0.6832121212121212
0.14350505050505052,0.14310101010101003,0.1441010101010101,0.13021212121212122,0.1303434343434345,0.1306161616161616,0.12979797979797986,0.1292626262626262,0.12318181818181823,0.11480190333082896,0.10886216995444499,0.10377208047968256,0.09125314146989894,0.08159595959595951,0.06902020202020208,0.07622222222222225,0.0698787878787879,0.06062626262626265,0.05274747474747462,0.04642424242424232,0.04050505050505038,0.0344242424242424,0.03203623006928791,0.02707703632872704,0.03605711510294529,0.02340404040404048,0.03420936639118466,0.04159320477502303,0.047596627431338225,0.053674680691209606,0.06962626262626267,0.08108080808080802,0.08851515151515149,0.09899999999999998,0.10602020202020208,0.11284573002754815,0.11841138659320474,0.12177777777777782,0.1200808080808081,0.11981818181818184
0.9616868686868687,0.9612828282828282,0.9622828282828283,0.962030303030303,0.9621616161616162,0.9624343434343434,0.9631313131313132,0.9625959595959596,0.9565151515151515,0.9481352366641623,0.942746467475106,0.9378629895705917,0.9321622323789899,0.9232626262626261,0.9159898989898989,0.9095555555555556,0.9032121212121212,0.893959595959596,0.8860808080808079,0.8797575757575756,0.8753535353535351,0.8829090909090909,0.8689383087069036,0.889314360737351,0.8602995393453698,0.8703737373737376,0.8674738292011018,0.8748576675849403,0.8948355455380249,0.9092469321312296,0.9188686868686868,0.931080808080808,0.9506363636363637,0.9482424242424242,0.9673838383838383,0.9749669421487603,0.9820477502295684,0.9717777777777777,0.9822020202020202,0.9834545454545455
-0.6746767676767677,-0.6750808080808082,-0.6740808080808081,-0.6743333333333333,-0.6742020202020201,-0.6739292929292929,-0.6732323232323232,-0.6737676767676768,-0.6798484848484848,-0.688228399699474,-0.6936171688885303,-0.6985006467930448,-0.7042014039846465,-0.7131010101010102,-0.7203737373737374,-0.7268080808080808,-0.7331515151515151,-0.7424040404040404,-0.7502828282828284,-0.7566060606060607,-0.7625252525252526,-0.7686060606060606,-0.7719707822021872,-0.7758371544141642,-0.7790944000485698,-0.7796262626262626,-0.7688898071625345,-0.761505968778696,-0.7551644544619751,-0.7422682193839218,-0.7326464646464647,-0.721949494949495,-0.7145151515151515,-0.704030303030303,-0.697010101010101,-0.6901845730027549,-0.6846189164370983,-0.6812525252525252,-0.682949494949495,-0.6832121212121212
0.13668686868686866,0.13552525252525258,0.12970707070707066,0.1286969696969697,0.12882828282828288,0.12910101010101005,0.12979797979797986,0.1292626262626262,0.12318181818181823,0.11480190333082896,0.10941313414177274,0.10452965623725828,0.0980713232880808,0.08159595959595951,0.06750505050505054,0.07470707070707082,0.05775757575757583,0.06062626262626265,0.05274747474747462,0.04642424242424232,0.03898989898989895,0.03290909090909097,0.03092177978128397,0.027217054087076583,0.024197724806289865,0.02340404040404048,0.03414049586776853,0.041524334251607,0.0475903664746639,0.05366841973453539,0.06962626262626267,0.08108080808080802,0.08851515151515149,0.09899999999999998,0.10602020202020208,0.11284573002754815,0.11841138659320474,0.12177777777777782,0.1200808080808081,0.11981818181818184
0.9533535353535354,0.9537070707070706,0.9615252525252526,0.962030303030303,0.9621616161616162,0.9624343434343434,0.9631313131313132,0.9489595959595958,0.9428787878787879,0.9481352366641623,0.942746467475106,0.9371054138130159,0.9177682929850504,0.908111111111111,0.9144747474747474,0.8959191919191919,0.8880606060606061,0.8788080808080808,0.8845656565656566,0.866121212121212,0.8617171717171719,0.8692727272727272,0.8537867935553884,0.8726476940706842,0.8557540847999151,0.8567373737373738,0.8553526170798897,0.8748576675849403,0.8827143334168126,0.9092469321312296,0.9188686868686868,0.9295656565656565,0.9369999999999999,0.9474848484848485,0.9545050505050505,0.9613305785123967,0.9668962350780532,0.9702626262626263,0.9685656565656566,0.9683030303030303
-0.6746767676767677,-0.6750808080808082,-0.6740808080808081,-0.6743333333333333,-0.6742020202020201,-0.6739292929292929,-0.6732323232323232,-0.6737676767676768,-0.6798484848484848,-0.688228399699474,-0.6936171688885303,-0.6985006467930448,-0.7042014039846465,-0.7131010101010102,-0.7203737373737374,-0.7268080808080808,-0.7331515151515151,-0.7424040404040404,-0.7502828282828284,-0.7566060606060607,-0.7625252525252526,-0.7686060606060606,-0.7719707822021872,-0.7758371544141642,-0.7790944000485698,-0.7796262626262626,-0.7688898071625345,-0.761505968778696,-0.7551644544619751,-0.7422682193839218,-0.7326464646464647,-0.721949494949495,-0.7145151515151515,-0.704030303030303,-0.697010101010101,-0.6901845730027549,-0.6846189164370983,-0.6812525252525252,-0.682949494949495,-0.6832121212121212
0.2207777777777778,0.2188585858585858,0.2183434343434343,0.21809090909090917,0.2197373737373738,0.22001010101010096,0.21919191919191922,0.20502020202020196,0.20045454545454564,0.20571099423991987,0.20032222505086364,0.19543874714634918,0.18973798995474742,0.1793232323232322,0.15841414141414134,0.15197979797979802,0.14563636363636367,0.13789898989899005,0.14214141414141399,0.12369696969696972,0.12989898989898974,0.11169696969696981,0.12045346022205518,0.10446587588886626,0.11484499389082413,0.11431313131313138,0.12504958677685943,0.13091827364554637,0.12513857584105528,0.1448529927372902,0.1484141414141415,0.1583535353535353,0.1657878787878789,0.1770303030303031,0.19465656565656575,0.20223966942148763,0.20932047750229565,0.20056565656565664,0.1973535353535354,0.1955757575757576
0.9162323232323233,0.9143131313131313,0.9153131313131314,0.9150606060606061,0.903070707070707,0.9154646464646465,0.904040404040404,0.9156262626262627,0.895909090909091,0.8875291760581017,0.8957767705054092,0.8787720804796825,0.8715561717729292,0.8762929292929292,0.8705353535353535,0.8565252525252526,0.844121212121212,0.8485050505050505,0.8406262626262625,0.8343030303030302,0.8283838383838382,0.8223030303030303,0.8189383087069037,0.8150719364949267,0.811814690860521,0.8127979797979797,0.8235344352617079,0.8309182736455463,0.850896151598631,0.8637923866766841,0.8734141414141414,0.8977474747474747,0.9051818181818184,0.902030303030303,0.9090505050505051,0.9158760330578511,0.9214416896235078,0.9248080808080809,0.9231111111111111,0.9243636363636367
-0.6746767676767677,-0.6750808080808082,-0.6740808080808081,-0.6743333333333333,-0.6742020202020201,-0.6739292929292929,-0.6732323232323232,-0.6737676767676768,-0.6798484848484848,-0.688228399699474,-0.6936171688885303,-0.6985006467930448,-0.7042014039846465,-0.7131010101010102,-0.7203737373737374,-0.7268080808080808,-0.7331515151515151,-0.7424040404040404,-0.7502828282828284,-0.7566060606060607,-0.7625252525252526,-0.7686060606060606,-0.7719707822021872,-0.7758371544141642,-0.7790944000485698,-0.7796262626262626,-0.7688898071625345,-0.761505968778696,-0.7551644544619751,-0.7422682193839218,-0.7326464646464647,-0.721949494949495,-0.7145151515151515,-0.704030303030303,-0.697010101010101,-0.6901845730027549,-0.6846189164370983,-0.6812525252525252,-0.682949494949495,-0.6832121212121212
