-0.019578804347825888,-0.019578804347825888,-0.019578804347825888,-0.019578804347825888,-0.019578804347825888,-0.019578804347825888,-0.019578804347825888,-0.019578804347825888,-0.019578804347825888,-0.019578804347825888,-0.019578804347825888,-0.019578804347825888,-0.019578804347825888,-0.019578804347825888,-0.019578804347825888,-0.019578804347825888,-0.019578804347825888,-0.019578804347825888,-0.019578804347825888,-0.019578804347825888,-0.019578804347825888,-0.015774456521738686,0.02063858695652243,0.02389945652173933,0.02389945652173933,0.02389945652173933,0.02389945652173933,0.02389945652173933,0.02389945652173933,0.02389945652173933,0.02389945652173933,0.02389945652173933,0.02389945652173933,0.02389945652173933,0.02389945652173933,0.02389945652173933,0.02389945652173933,0.02389945652173933,0.02389945652173933,0.02389945652173933
-0.4588926630434781,-0.44150135869565177,-0.41650135869565164,-0.4148709239130432,-0.3925883152173909,-0.3531861413043477,-0.3159578804347824,-0.25508831521739117,-0.1545448369565216,-0.034979619565217245,0.1074116847826091,0.463389945652174,0.49762907608695667,0.49762907608695667,0.49762907608695667,0.49762907608695667,0.49762907608695667,0.5123029891304351,0.7682812499999999,0.839476902173913,0.7563247282608698,0.6389334239130436,0.5193682065217395,0.39980298913043494,0.2802377717391309,0.16067255434782624,0.04110733695652189,-0.08661005434782564,-0.21758831521739128,-0.31432744565217363,-0.38171874999999994,-0.41378396739130385,-0.41541440217391257,-0.41541440217391257,-0.41541440217391257,-0.41541440217391257,-0.41541440217391257,-0.41541440217391257,-0.41541440217391257,-0.41541440217391257
0.0,0.0,0.0,0.0,0.0,0.0,0.0,0.0,0.0,0.0,0.0,0.0,0.0,0.0,0.0,0.0,0.0,0.0,0.0,0.0,0.0,0.0,0.0,0.0,0.0,0.0,0.0,0.0,0.0,0.0,0.0,0.0,0.0,0.0,0.0,0.0,0.0,0.0,0.0,0.0
-0.022377717391303457,-0.02672554347826035,-0.02672554347826035,-0.02672554347826035,-0.02672554347826035,-0.02672554347826035,-0.02672554347826035,-0.02672554347826035,-0.02672554347826035,-0.02672554347826035,-0.02672554347826035,-0.02672554347826035,-0.028899456521738486,-0.0615081521739124,-0.07020380434782557,-0.07020380434782557,-0.07020380434782557,-0.052812499999999235,-0.02781249999999973,-0.02672554347826035,-0.024551630434781594,0.008057065217392318,0.016752717391304867,0.016752717391304867,0.016752717391304867,0.016752717391304867,0.016752717391304867,0.024904891304348344,0.03849184782608748,0.0482744565217394,0.02110054347826176,0.04283967391304437,0.06023097826087009,0.06023097826087009,0.06023097826087009,0.06023097826087009,0.06023097826087009,0.06023097826087009,0.06023097826087009,0.06023097826087009
-0.40459239130434843,-0.40296195652173966,-0.37415760869565295,-0.3605706521739138,-0.33937500000000087,-0.3143750000000008,-0.26328804347826174,-0.20350543478260927,-0.13937500000000053,-0.024157608695653063,0.09214673913043377,0.1752989130434773,0.2888858695652166,0.37584239130434705,0.4856249999999992,0.5774728260869558,0.6432336956521734,0.7220380434782597,0.7530163043478252,0.7204076086956519,0.658451086956521,0.5660597826086943,0.4834510869565207,0.3698641304347817,0.2867119565217385,0.17149456521739043,0.05192934782608607,-0.06763586956521828,-0.18502717391304388,-0.2681793478260877,-0.3285054347826096,-0.38557065217391395,-0.40459239130434843,-0.40459239130434843,-0.40459239130434843,-0.40459239130434843,-0.40676630434782685,-0.43937500000000046,-0.4480706521739136,-0.4480706521739136
0.0,0.0,0.0,0.0,0.0,0.0,0.0,0.0,0.0,0.0,0.0,0.0,0.0,0.0,0.0,0.0,0.0,0.0,0.0,0.0,0.0,0.0,0.0,0.0,0.0,0.0,0.0,0.0,0.0,0.0,0.0,0.0,0.0,0.0,0.0,0.0,0.0,0.0,0.0,0.0
0.0035190217391309416,0.0035190217391309416,0.0002581521739131176,-0.03615489130434769,-0.03995923913043459,-0.03995923913043459,-0.03995923913043459,-0.03995923913043459,-0.03995923913043459,-0.03995923913043459,-0.03995923913043459,-0.03995923913043459,-0.03995923913043459,-0.03995923913043459,-0.03995923913043459,-0.04267663043478241,-0.07908967391304322,-0.06604619565217378,-0.041046195652173656,-0.03995923913043459,-0.03778532608695645,-0.005176630434782534,0.0035190217391309416,0.0035190217391309416,0.0035190217391309416,0.0035190217391309416,0.0035190217391309416,0.01167119565217442,0.02525815217391324,0.03884510869565268,0.04699728260869616,0.04699728260869616,0.04699728260869616,0.04699728260869616,0.050258152173913676,0.08667119565217449,0.09047554347826106,0.09047554347826106,0.09047554347826106,0.09047554347826106
-0.3898505434782603,-0.3882201086956516,-0.3594157608695649,-0.34582880434782576,-0.3246331521739128,-0.2996331521739127,-0.24963315217391277,-0.21213315217391257,-0.13332880434782562,-0.05017663043478208,0.06667119565217444,0.1862364130434785,0.3036277173913047,0.3867798913043479,0.4612364130434789,0.5748233695652176,0.6579755434782615,0.7367798913043478,0.7677581521739133,0.7346059782608703,0.6536277173913045,0.5688451086956529,0.45906250000000015,0.36449728260869596,0.2666711956521742,0.18351902173913096,0.06667119565217414,-0.052894021739130215,-0.17028532608695582,-0.25724184782608683,-0.35289402173913015,-0.3909374999999997,-0.42898097826086895,-0.43332880434782556,-0.43332880434782556,-0.43332880434782556,-0.43332880434782556,-0.43332880434782556,-0.43332880434782556,-0.43332880434782556
0.0,0.0,0.0,0.0,0.0,0.0,0.0,0.0,0.0,0.0,0.0,0.0,0.0,0.0,0.0,0.0,0.0,0.0,0.0,0.0,0.0,0.0,0.0,0.0,0.0,0.0,0.0,0.0,0.0,0.0,0.0,0.0,0.0,0.0,0.0,0.0,0.0,0.0,0.0,0.0
0.024735054347826607,-0.011677989130434201,-0.014395380434782027,-0.014395380434782027,-0.016569293478260475,-0.049177989130434384,-0.04483016304347811,-0.016025815217390785,-0.018743206521738612,-0.055156249999999726,-0.05787364130434756,-0.05787364130434756,-0.05787364130434756,-0.05787364130434756,-0.05787364130434756,-0.05787364130434756,-0.05787364130434756,-0.05787364130434756,-0.05787364130434756,-0.05760190217391271,-0.04700407608695625,-0.03640624999999979,-0.029612771739129917,-0.015210597826086561,-0.014395380434782027,0.001365489130434931,0.0008220108695658599,0.025278532608696294,0.02908288043478319,0.02908288043478319,0.03016983695652226,0.05516983695652238,0.0725611413043481,0.07419157608695685,0.09973505434782635,0.08506114130434816,0.11386548913043518,0.11603940217391331,0.11495244565217425,0.08995244565217413
-0.4763383152173912,-0.49101222826086954,-0.4654687499999999,-0.4274252717391303,-0.40242527173913034,-0.37742527173913026,-0.31329483695652177,-0.22199048913043476,-0.12416440217391272,-0.039381793478260735,0.1062703804347828,0.28127038043478275,0.5171399456521739,0.5323573369565218,0.5323573369565218,0.5323573369565218,0.5627921195652176,0.8367051630434786,0.906270380434783,0.8731182065217391,0.7519225543478266,0.6649660326086956,0.6079008152173919,0.4301834239130438,0.36931385869565225,0.23860733695652206,0.08887907608695647,-0.04427309782608701,-0.18286005434782612,-0.2910122282608695,-0.4002513586956522,-0.4643817934782607,-0.4719904891304348,-0.5084035326086955,-0.5143817934782607,-0.5420991847826085,-0.5132948369565217,-0.5111209239130434,-0.5122078804347825,-0.5372078804347826
0.0,0.0,0.0,0.0,0.0,0.0,0.0,0.0,0.0,0.0,0.0,0.0,0.0,0.0,0.0,0.0,0.0,0.0,0.0,0.0,0.0,0.0,0.0,0.0,0.0,0.0,0.0,0.0,0.0,0.0,0.0,0.0,0.0,0.0,0.0,0.0,0.0,0.0,0.0,0.0
-0.007201086956521678,-0.01154891304347826,-0.01154891304347826,-0.01154891304347826,-0.01154891304347826,-0.01154891304347826,-0.01154891304347826,-0.01154891304347826,-0.01154891304347826,-0.013179347826087017,-0.04198369565217404,-0.05502717391304348,-0.05502717391304348,-0.05502717391304348,-0.05502717391304348,-0.05502717391304348,-0.05502717391304348,-0.05502717391304348,-0.05502717391304348,-0.05502717391304348,-0.05285326086956534,-0.020244565217391427,-0.01154891304347826,-0.01154891304347826,-0.01154891304347826,-0.01154891304347826,-0.01154891304347826,-0.002853260869565094,0.02975543478260882,0.031929347826087265,0.04497282608695702,0.07377717391304373,0.07540760869565248,0.07540760869565248,0.07540760869565248,0.07540760869565248,0.07540760869565248,0.07540760869565248,0.07540760869565248,0.07540760869565248
-0.511711956521739,-0.47529891304347816,-0.4725815217391302,-0.4633423913043478,-0.40953804347826067,-0.3823641304347824,-0.33127717391304323,-0.27149456521739124,-0.20736413043478247,-0.09214673913043454,0.030679347826087167,0.18665760869565232,0.3100271739130436,0.4295923913043479,0.5480706521739135,0.6426358695652177,0.744809782608696,0.8627445652173916,0.9502445652173914,0.9839402173913044,0.8969836956521743,0.794809782608696,0.6393750000000002,0.5138315217391305,0.35785326086956537,0.23230978260869567,0.0839402173913043,-0.057364130434782494,-0.20736413043478247,-0.2964945652173912,-0.40627717391304347,-0.49540760869565204,-0.5160597826086956,-0.5160597826086956,-0.5160597826086956,-0.5160597826086956,-0.5160597826086956,-0.5160597826086956,-0.5160597826086956,-0.5160597826086956
0.0,0.0,0.0,0.0,0.0,0.0,0.0,0.0,0.0,0.0,0.0,0.0,0.0,0.0,0.0,0.0,0.0,0.0,0.0,0.0,0.0,0.0,0.0,0.0,0.0,0.0,0.0,0.0,0.0,0.0,0.0,0.0,0.0,0.0,0.0,0.0,0.0,0.0,0.0,0.0
-0.006222826086956423,-0.006222826086956423,-0.006222826086956423,-0.01491847826086959,-0.0475271739130435,-0.049701086956522256,-0.0366576086956522,-0.010570652173913316,-0.045353260869565364,-0.049701086956522256,-0.049701086956522256,-0.049701086956522256,-0.049701086956522256,-0.049701086956522256,-0.049701086956522256,-0.049701086956522256,-0.049701086956522256,-0.048070652173913195,-0.01926630434782648,-0.006222826086956423,-0.006222826086956423,-0.006222826086956423,-0.005135869565217663,0.01986413043478246,0.0329076086956519,0.01388586956521712,0.036168478260868796,0.03725543478260818,0.03725543478260818,0.03725543478260818,0.03725543478260818,0.03725543478260818,0.03725543478260818,0.03725543478260818,0.03725543478260818,0.037798913043477864,0.058994565217390785,0.0801902173913037,0.07964673913043402,0.05464673913043451
-0.4122146739130433,-0.4122146739130433,-0.4089538043478261,-0.3719972826086959,-0.3469972826086958,-0.32199728260869565,-0.27091032608695664,-0.20841032608695667,-0.11221467391304336,-0.029062500000000137,0.08778532608695669,0.2027309782608693,0.2932201086956521,0.3684918478260867,0.4780027173913043,0.569850543478261,0.6356114130434785,0.7144157608695648,0.7486548913043478,0.7437635869565219,0.6530027173913042,0.5584374999999994,0.4769157608695652,0.3856114130434782,0.2877853260869568,0.20300271739130446,0.05735054347826061,-0.0747146739130435,-0.1730842391304346,-0.26764945652173916,-0.3361277173913045,-0.3931929347826088,-0.4122146739130433,-0.4122146739130433,-0.4122146739130433,-0.4122146739130433,-0.4122146739130433,-0.4122146739130433,-0.41330163043478235,-0.4383016304347825
0.0,0.0,0.0,0.0,0.0,0.0,0.0,0.0,0.0,0.0,0.0,0.0,0.0,0.0,0.0,0.0,0.0,0.0,0.0,0.0,0.0,0.0,0.0,0.0,0.0,0.0,0.0,0.0,0.0,0.0,0.0,0.0,0.0,0.0,0.0,0.0,0.0,0.0,0.0,0.0
-0.01471467391304338,-0.033736413043478165,-0.011453804347825865,-0.010366847826086488,-0.010366847826086488,-0.010366847826086488,-0.010366847826086488,-0.010366847826086488,-0.010366847826086488,-0.010366847826086488,-0.010366847826086488,-0.010366847826086488,-0.010366847826086488,-0.014171195652173691,-0.05058423913043542,-0.05384510869565294,-0.05384510869565294,-0.05384510869565294,-0.05384510869565294,-0.05384510869565294,-0.05384510869565294,-0.050040760869565735,-0.013627717391304002,-0.010366847826086488,-0.010366847826086488,-0.008736413043478039,0.02006793478260867,0.024959239130434633,0.01354619565217426,0.03256793478260842,0.03311141304347811,0.03311141304347811,0.03311141304347811,0.03474184782608718,0.06354619565217388,0.07658967391304394,0.07658967391304394,0.07658967391304394,0.07550271739130457,0.05050271739130445
-0.4841644021739134,-0.4651426630434786,-0.4841644021739134,-0.4482948369565221,-0.42112092391304384,-0.36731657608695656,-0.3434035326086958,-0.2730230978260872,-0.1819904891304353,-0.047207880434782766,0.0973573369565217,0.21800951086956513,0.335400815217391,0.4223573369565218,0.533226902173913,0.6500747282608692,0.733226902173913,0.829422554347826,0.8886616847826082,0.8935529891304348,0.8354008152173911,0.7392051630434777,0.620183423913043,0.5006182065217387,0.3767051630434781,0.2190964673913042,0.06474864130434747,-0.08796875000000047,-0.18851222826086972,-0.34231657608695676,-0.41242527173913085,-0.4694904891304352,-0.48851222826087,-0.49014266304347875,-0.5156861413043482,-0.4923165760869569,-0.48851222826087,-0.48851222826087,-0.48851222826087,-0.48851222826087
0.0,0.0,0.0,0.0,0.0,0.0,0.0,0.0,0.0,0.0,0.0,0.0,0.0,0.0,0.0,0.0,0.0,0.0,0.0,0.0,0.0,0.0,0.0,0.0,0.0,0.0,0.0,0.0,0.0,0.0,0.0,0.0,0.0,0.0,0.0,0.0,0.0,0.0,0.0,0.0
-0.02471467391304417,-0.029062500000001063,-0.029062500000001063,-0.029062500000001063,-0.029062500000001063,-0.029062500000001063,-0.029062500000001063,-0.029062500000001063,-0.029062500000001063,-0.029062500000001063,-0.029062500000001063,-0.029062500000001063,-0.029062500000001063,-0.029062500000001063,-0.029062500000001063,-0.029062500000001063,-0.029062500000001063,-0.029062500000001063,-0.029062500000001063,-0.029062500000001063,-0.029062500000001063,-0.025258152173913858,0.011154891304347875,0.01441576086956539,0.01441576086956539,0.01441576086956539,0.01441576086956539,0.01441576086956539,0.01441576086956539,0.01441576086956539,0.01550271739130415,0.040502717391304274,0.05789402173912999,0.05789402173912999,0.05789402173912999,0.05789402173912999,0.05789402173912999,0.05789402173912999,0.05789402173912999,0.05789402173912999
-0.5174252717391307,-0.5000339673913047,-0.4750339673913045,-0.4734035326086959,-0.4500339673913045,-0.39242527173913067,-0.33264266304347834,-0.2728600543478262,-0.20872961956521754,-0.09351222826086979,0.029313858695652083,0.18529211956521754,0.30866168478260847,0.42822690217391285,0.5477921195652172,0.6714334239130436,0.8369225543478261,0.852139945652174,0.852139945652174,0.8814877717391307,0.9488790760869567,0.8412703804347827,0.7086616847826086,0.5602921195652172,0.43474864130434787,0.2597486413043476,0.0836616847826086,-0.058729619565217266,-0.21307744565217382,-0.36362092391304346,-0.44133831521739153,-0.49840353260869585,-0.5174252717391307,-0.5174252717391307,-0.5174252717391307,-0.5174252717391307,-0.5174252717391307,-0.5174252717391307,-0.5174252717391307,-0.5174252717391307
0.0,0.0,0.0,0.0,0.0,0.0,0.0,0.0,0.0,0.0,0.0,0.0,0.0,0.0,0.0,0.0,0.0,0.0,0.0,0.0,0.0,0.0,0.0,0.0,0.0,0.0,0.0,0.0,0.0,0.0,0.0,0.0,0.0,0.0,0.0,0.0,0.0,0.0,0.0,0.0
-0.013559782608695059,-0.013559782608695059,-0.013559782608695059,-0.014103260869564748,-0.03529891304347767,-0.05649456521739059,-0.0450815217391296,-0.04127717391304301,-0.057038043478260275,-0.04127717391304301,-0.0450815217391296,-0.05241847826086885,-0.02551630434782574,-0.013831521739129594,-0.013559782608695059,-0.013559782608695059,-0.013559782608695059,-0.013559782608695059,-0.013559782608695059,-0.013559782608695059,-0.011385869565216304,0.021222826086957608,0.031005434782609535,0.05328804347826183,0.03426630434782705,0.01415760869565289,0.017961956521740093,0.029918478260870157,0.029918478260870157,0.029918478260870157,0.029918478260870157,0.029918478260870157,0.029918478260870157,0.029918478260870157,0.029918478260870157,0.029918478260870157,0.029918478260870157,0.029918478260870157,0.029918478260870157,0.029918478260870157
-0.2642119565217392,-0.2598641304347829,-0.2598641304347829,-0.2593206521739132,-0.2381250000000003,-0.2169293478260874,-0.21421195652173955,-0.16149456521739147,-0.08595108695652204,-0.024538043478260795,0.06404891304347747,0.14149456521739176,0.22817934782608643,0.2996467391304347,0.3477445652173908,0.40644021739130354,0.5183967391304342,0.5635054347826077,0.5662228260869556,0.5564402173913037,0.47709239130434705,0.36350543478260805,0.295570652173913,0.26078804347826096,0.2140489130434782,0.11622282608695647,0.021657608695651632,-0.08758152173913049,-0.15334239130434799,-0.24192934782608688,-0.2609510869565223,-0.28595108695652177,-0.30334239130434815,-0.30334239130434815,-0.30334239130434815,-0.30334239130434815,-0.30334239130434815,-0.30334239130434815,-0.30334239130434815,-0.30334239130434815
0.0,0.0,0.0,0.0,0.0,0.0,0.0,0.0,0.0,0.0,0.0,0.0,0.0,0.0,0.0,0.0,0.0,0.0,0.0,0.0,0.0,0.0,0.0,0.0,0.0,0.0,0.0,0.0,0.0,0.0,0.0,0.0,0.0,0.0,0.0,0.0,0.0,0.0,0.0,0.0
-0.028532608695651863,-0.03288043478260845,-0.03288043478260845,-0.03288043478260845,-0.03505434782608689,-0.06385869565217392,-0.036141304347826274,-0.03288043478260845,-0.03288043478260845,-0.03288043478260845,-0.03288043478260845,-0.03288043478260845,-0.03288043478260845,-0.03288043478260845,-0.020923913043478074,-0.01711956521739149,-0.03288043478260845,-0.03124999999999969,-0.0024456521739129817,0.001902173913043293,-0.028532608695651863,0.001902173913043293,0.011684782608695838,0.033967391304348137,0.014945652173913353,0.01059782608695677,0.01059782608695677,0.018750000000000246,0.03016304347826124,0.011141304347826458,0.022554347826087142,0.029076086956521554,0.0497282608695654,0.05407608695652168,0.05407608695652168,0.05407608695652168,0.05407608695652168,0.05407608695652168,0.05407608695652168,0.05407608695652168
-0.27648097826086926,-0.27648097826086926,-0.2732201086956518,-0.23680706521739064,-0.2308288043478253,-0.2020244565217386,-0.21561141304347772,-0.16235054347826058,-0.1025679347826084,-0.025394021739129892,0.0626494565217393,0.15993206521739198,0.22351902173913074,0.2833016304347829,0.34308423913043506,0.40558423913043506,0.5017798913043484,0.5485190217391305,0.5767798913043481,0.5436277173913046,0.46264945652173944,0.38167119565217433,0.32134510869565247,0.2615625000000009,0.20177989130434812,0.1403668478260875,0.04851902173913048,-0.0694157608695648,-0.16561141304347746,-0.22376358695652118,-0.2460461956521735,-0.2748505434782602,-0.28082880434782553,-0.31724184782608666,-0.3199592391304345,-0.3199592391304345,-0.3199592391304345,-0.3161548913043479,-0.29278532608695623,-0.318328804347826
0.0,0.0,0.0,0.0,0.0,0.0,0.0,0.0,0.0,0.0,0.0,0.0,0.0,0.0,0.0,0.0,0.0,0.0,0.0,0.0,0.0,0.0,0.0,0.0,0.0,0.0,0.0,0.0,0.0,0.0,0.0,0.0,0.0,0.0,0.0,0.0,0.0,0.0,0.0,0.0
0.16845788043478216,0.15758831521739086,0.1450883152173911,0.13530570652173918,0.08150135869565173,0.05432744565217347,0.015197010869564834,-0.03806385869565262,-0.07284646739130467,-0.1076290760869564,-0.16088994565217388,-0.20002038043478282,-0.22502038043478292,-0.24621603260869585,-0.23371603260869608,-0.20491168478260907,-0.20328125000000033,-0.18588994565217398,-0.16088994565217388,-0.1598029891304348,-0.1598029891304348,-0.1559986413043479,-0.12067255434782616,-0.14241168478260877,-0.1554551630434782,-0.11741168478260865,-0.08425951086956504,-0.04811820652173939,-0.006542119565217774,0.05215353260869564,0.11193614130434781,0.17171874999999967,0.22715353260869528,0.24889266304347818,0.2738926630434783,0.2668274456521739,0.2554144021739126,0.2744361413043474,0.2749796195652174,0.2749796195652174
-0.09973505434782512,-0.08886548913043382,-0.07310461956521655,-0.036148097826085746,-0.03234374999999854,-0.028539402173911956,-0.0035394021739118325,0.008417119565218232,0.032873641304348666,0.05896059782608817,0.09646059782608804,0.0986345108695668,0.11765625000000159,0.10624320652174059,0.09809103260869712,0.09809103260869712,0.09809103260869712,0.09809103260869712,0.09809103260869712,0.08939538043478394,0.056786684782608794,0.05461277173913066,0.05461277173913066,0.05461277173913066,0.05461277173913066,0.05298233695652221,0.022547554347826432,-0.013050271739129224,-0.031256793478259784,-0.036148097826085746,-0.07256114130434686,-0.0785394021739122,-0.11060461956521643,-0.08016983695652065,-0.10299592391304264,-0.08016983695652065,-0.09756114130434698,-0.11875679347825929,-0.12038722826086835,-0.14538722826086847
0.0,0.0,0.0,0.0,0.0,0.0,0.0,0.0,0.0,0.0,0.0,0.0,0.0,0.0,0.0,0.0,0.0,0.0,0.0,0.0,0.0,0.0,0.0,0.0,0.0,0.0,0.0,0.0,0.0,0.0,0.0,0.0,0.0,0.0,0.0,0.0,0.0,0.0,0.0,0.0
-0.0216847826086957,-0.0216847826086957,-0.0216847826086957,-0.0216847826086957,-0.0216847826086957,-0.0216847826086957,-0.0216847826086957,-0.0216847826086957,-0.0216847826086957,-0.020054347826086946,0.00548913043478225,-0.017880434782608808,-0.0216847826086957,-0.0216847826086957,-0.0216847826086957,-0.0216847826086957,-0.0216847826086957,-0.004293478260869676,0.020706521739130446,0.021793478260869515,0.021793478260869515,0.021793478260869515,0.021793478260869515,0.021793478260869515,0.01744565217391293,-0.018967391304347877,-0.018423913043478186,0.017989130434782622,0.021793478260869515,0.021793478260869515,0.020706521739130446,-0.0029347826086957634,5.434782608690709e-05,0.020434782608695603,0.021793478260869515,0.021793478260869515,0.021793478260869515,0.021793478260869515,0.021793478260869515,0.021793478260869515
0.027269021739130657,0.027269021739130657,0.027269021739130657,0.027812500000000347,0.049008152173913265,0.07020380434782618,0.05770380434782705,0.03161684782608693,0.05770380434782705,0.006616847826087426,0.02618206521739128,0.01857336956521749,-0.014035326086956424,-0.020013586956521764,-0.0444701086956522,-0.04392663043478251,-0.0553396739130435,-0.018926630434782387,-0.01620923913043456,-0.024904891304347726,-0.05751358695652164,-0.059687499999999775,-0.059687499999999775,-0.05697010869565195,-0.020557065217390834,-0.014578804347826112,0.014225543478261216,0.027269021739130657,0.027269021739130657,0.027269021739130657,0.027269021739130657,0.025910326086956745,0.005529891304348049,0.0009103260869566205,-0.0009918478260869813,0.014769021739130904,-0.014035326086956424,-0.01620923913043456,-0.017296195652173937,-0.04229619565217344
0.0,0.0,0.0,0.0,0.0,0.0,0.0,0.0,0.0,0.0,0.0,0.0,0.0,0.0,0.0,0.0,0.0,0.0,0.0,0.0,0.0,0.0,0.0,0.0,0.0,0.0,0.0,0.0,0.0,0.0,0.0,0.0,0.0,0.0,0.0,0.0,0.0,0.0,0.0,0.0
0.000665760869564303,0.000665760869564303,0.000665760869564303,-0.008029891304348247,-0.040638586956522775,-0.04281250000000091,-0.04281250000000091,-0.04281250000000091,-0.04281250000000091,-0.04444293478260936,-0.06998641304347918,-0.0466168478260875,-0.040638586956522775,-0.008029891304348247,-0.0004211956521750746,-0.02542119565217458,-0.04281250000000091,-0.02542119565217458,-0.0004211956521750746,0.000665760869564303,0.000665760869564303,0.000665760869564303,0.0017527173913036806,0.026752717391303187,0.04414402173912952,0.02838315217391225,0.02892663043478194,0.004470108695651506,0.0028396739130424403,0.03164402173912915,0.015883152173911882,0.019144021739129397,0.03979619565217263,0.04251358695652107,0.01697010869565126,0.040339673913042315,0.04414402173912952,0.04414402173912952,0.04414402173912952,0.04414402173912952
-0.26716032608695667,-0.2655298913043476,-0.23672554347826089,-0.22368206521739145,-0.2215081521739127,-0.192703804347826,-0.20520380434782573,-0.13237771739130413,-0.12368206521739157,-0.018790760869565118,0.06870923913043439,0.134198369565218,0.22088315217391266,0.29235054347826095,0.35240489130434766,0.4121875000000005,0.4763179347826083,0.5534918478260868,0.5556657608695643,0.5181657608695651,0.46762228260869576,0.3562092391304343,0.2871874999999999,0.2274048913043483,0.1676222826086955,0.10620923913043488,0.014361413043477865,-0.09487771739130425,-0.1584646739130436,-0.2144429347826086,-0.23672554347826089,-0.2682472826086954,-0.30629076086956497,-0.3090081521739128,-0.2802038043478261,-0.26770380434782637,-0.28889945652173926,-0.30629076086956497,-0.28346467391304364,-0.3090081521739128
0.0,0.0,0.0,0.0,0.0,0.0,0.0,0.0,0.0,0.0,0.0,0.0,0.0,0.0,0.0,0.0,0.0,0.0,0.0,0.0,0.0,0.0,0.0,0.0,0.0,0.0,0.0,0.0,0.0,0.0,0.0,0.0,0.0,0.0,0.0,0.0,0.0,0.0,0.0,0.0
-0.2072758152173917,-0.20564538043478264,-0.17684103260869594,-0.15510190217391331,-0.12031929347826127,-0.08553668478260859,-0.06271059782608784,-0.006188858695651951,0.05141983695652147,0.08266983695652147,0.09652853260869514,0.09707201086956482,0.09924592391304296,0.13185461956521688,0.14055027173912943,0.14055027173912943,0.14055027173912943,0.14055027173912943,0.14055027173912943,0.14055027173912943,0.14055027173912943,0.1443546195652166,0.17968070652173898,0.1579415760869564,0.14055027173912943,0.13891983695652096,0.11011548913043426,0.08783288043478259,0.031854619565217,-0.027927989130435177,-0.0746671195652173,-0.10564538043478276,-0.1594497282608696,-0.16379755434782586,-0.16379755434782586,-0.16379755434782586,-0.16379755434782586,-0.16379755434782586,-0.16379755434782586,-0.16379755434782586
-0.09496603260869625,-0.06235733695652233,-0.024857336956521838,-0.023226902173913388,-0.02105298913043525,0.007751358695651457,-0.006922554347827051,0.01862092391304276,0.022425271739129966,0.04932744565217369,0.06318614130434798,0.06372961956521767,0.06372961956521767,0.06372961956521767,0.06372961956521767,0.06372961956521767,0.06372961956521767,0.07949048913043492,0.07568614130434773,0.06372961956521767,0.06372961956521767,0.05992527173913046,0.023512228260868726,0.02025135869565121,0.024599184782608103,0.061012228260869834,0.06372961956521767,0.0550339673913045,0.022425271739129348,0.01264266304347742,-0.06018342391304358,-0.06942255434782582,-0.10148777173913004,-0.06942255434782582,-0.06670516304347798,-0.07540081521739116,-0.10800951086956508,-0.11018342391304382,-0.12322690217391327,-0.15203124999999998
0.0,0.0,0.0,0.0,0.0,0.0,0.0,0.0,0.0,0.0,0.0,0.0,0.0,0.0,0.0,0.0,0.0,0.0,0.0,0.0,0.0,0.0,0.0,0.0,0.0,0.0,0.0,0.0,0.0,0.0,0.0,0.0,0.0,0.0,0.0,0.0,0.0,0.0,0.0,0.0
-0.02008152173913009,-0.02008152173913009,-0.02008152173913009,-0.02008152173913009,-0.02008152173913009,-0.02008152173913009,-0.02008152173913009,-0.02008152173913009,-0.02008152173913009,-0.01845108695652164,0.0070923913043481725,-0.016277173913043504,-0.01790760869565195,0.010896739130435375,-0.01682065217391319,-0.02008152173913009,-0.02008152173913009,-0.0026902173913037545,0.02230978260869575,0.023396739130435128,0.023396739130435128,0.023396739130435128,0.023396739130435128,0.023396739130435128,0.019048913043478853,-0.015733695652173814,0.0070923913043481725,-0.007581521739130336,0.019048913043478853,-0.007581521739130336,0.008179347826087549,0.006277173913043948,0.0016576086956525198,-0.002961956521738908,-0.00486413043478251,0.019592391304348544,0.023396739130435128,0.023396739130435128,0.023396739130435128,0.023396739130435128
0.02370429841897209,0.02370429841897209,0.02370429841897209,0.02370429841897209,0.02153038537549395,-0.007273962450593375,0.00848690711462451,0.005226037549406996,-0.015426136363636853,-0.002382658102766794,0.02261734189723271,0.02370429841897209,0.02153038537549395,-0.011078310276679961,-0.0067304841897236865,0.02207386363636364,0.02370429841897209,0.02370429841897209,0.02370429841897209,0.015008646245058922,-0.019773962450593128,-0.05455657114624518,-0.06216526679841897,-0.037165266798419465,-0.015426136363636853,0.020986907114624264,0.02370429841897209,0.0231608201581024,0.0019651679841894806,-0.018192934782608524,-0.012362895256916565,-0.01932929841897298,-0.019773962450593128,-0.0040130928853758605,-0.004556571146245549,0.011204298418972336,-0.01760004940711499,-0.019773962450593128,-0.019773962450593128,-0.019773962450593128
0.0,0.0,0.0,0.0,0.0,0.0,0.0,0.0,0.0,0.0,0.0,0.0,0.0,0.0,0.0,0.0,0.0,0.0,0.0,0.0,0.0,0.0,0.0,0.0,0.0,0.0,0.0,0.0,0.0,0.0,0.0,0.0,0.0,0.0,0.0,0.0,0.0,0.0,0.0,0.0
0.002065217391304323,-0.034347826086956794,-0.03706521739130462,-0.03706521739130462,-0.03706521739130462,-0.03706521739130462,-0.03706521739130462,-0.03706521739130462,-0.03706521739130462,-0.03706521739130462,-0.03706521739130462,-0.03706521739130462,-0.03706521739130462,-0.03706521739130462,-0.03706521739130462,-0.03706521739130462,-0.03706521739130462,-0.03706521739130462,-0.03706521739130462,-0.02836956521739207,0.004239130434782461,0.006413043478260598,0.006413043478260598,0.006413043478260598,0.006413043478260598,0.006413043478260598,0.009673913043478113,0.04608695652173923,0.049891304347825814,0.049891304347825814,0.049891304347825814,0.049891304347825814,0.049891304347825814,0.049891304347825814,0.049891304347825814,0.049891304347825814,0.049891304347825814,0.049891304347825814,0.049891304347825814,0.049891304347825814
-0.4591032608695653,-0.44171195652173934,-0.4167119565217392,-0.41508152173913043,-0.3917119565217394,-0.33790760869565195,-0.31453804347826086,-0.2552989130434784,-0.1547554347826088,-0.03519021739130447,0.08437499999999988,0.20394021739130452,0.3235054347826089,0.4544836956521739,0.6550271739130433,0.6713315217391304,0.6713315217391304,0.7582880434782607,0.8800271739130439,0.8392663043478258,0.7561141304347826,0.6387228260869567,0.5191576086956521,0.39959239130434804,0.2800271739130434,0.1604619565217393,0.04089673913043466,-0.07866847826086969,-0.19823369565217402,-0.31399456521739116,-0.3949728260869563,-0.45584239130434784,-0.4591032608695653,-0.4591032608695653,-0.4591032608695653,-0.4591032608695653,-0.4591032608695653,-0.4591032608695653,-0.4591032608695653,-0.4591032608695653
0.0,0.0,0.0,0.0,0.0,0.0,0.0,0.0,0.0,0.0,0.0,0.0,0.0,0.0,0.0,0.0,0.0,0.0,0.0,0.0,0.0,0.0,0.0,0.0,0.0,0.0,0.0,0.0,0.0,0.0,0.0,0.0,0.0,0.0,0.0,0.0,0.0,0.0,0.0,0.0
0.0010190217391304348,-0.014741847826086833,-0.014198369565217145,-0.03865489130434758,-0.042459239130434784,-0.042459239130434784,-0.0413722826086954,-0.019089673913043725,-0.03811141304347789,-0.042459239130434784,-0.042459239130434784,-0.042459239130434784,-0.042459239130434784,-0.042459239130434784,-0.042459239130434784,-0.042459239130434784,-0.042459239130434784,-0.042459239130434784,-0.039198369565217266,-0.002785326086956151,0.0010190217391304348,0.0010190217391304348,0.0010190217391304348,0.0010190217391304348,0.005366847826087327,0.041779891304347824,0.044497282608695655,0.044497282608695655,0.044497282608695655,0.044497282608695655,0.044497282608695655,0.044497282608695655,0.044497282608695655,0.044497282608695655,0.044497282608695655,0.044497282608695655,0.044497282608695655,0.044497282608695655,0.044497282608695655,0.044497282608695655
-0.45589673913043505,-0.41948369565217425,-0.4167663043478264,-0.40807065217391325,-0.37328804347826117,-0.33850543478260914,-0.31567934782608714,-0.2564402173913047,-0.1558967391304351,-0.036331521739130755,0.08323369565217359,0.20279891304347825,0.32236413043478257,0.43812500000000004,0.5229076086956523,0.6712771739130434,0.7354076086956518,0.7962771739130434,0.880516304347826,0.8381249999999996,0.7549728260869564,0.6375815217391304,0.5180163043478258,0.3984510869565217,0.27888586956521705,0.15932065217391303,0.03975543478260837,-0.07980978260869598,-0.19937500000000033,-0.31513586956521744,-0.3841576086956525,-0.44122282608695684,-0.4602445652173916,-0.4602445652173916,-0.4602445652173916,-0.4602445652173916,-0.4602445652173916,-0.4602445652173916,-0.4602445652173916,-0.4602445652173916
0.0,0.0,0.0,0.0,0.0,0.0,0.0,0.0,0.0,0.0,0.0,0.0,0.0,0.0,0.0,0.0,0.0,0.0,0.0,0.0,0.0,0.0,0.0,0.0,0.0,0.0,0.0,0.0,0.0,0.0,0.0,0.0,0.0,0.0,0.0,0.0,0.0,0.0,0.0,0.0
-0.001168478260870047,-0.03758152173913085,-0.04029891304347868,-0.04029891304347868,-0.04029891304347868,-0.04029891304347868,-0.04029891304347868,-0.04029891304347868,-0.04029891304347868,-0.04029891304347868,-0.04029891304347868,-0.04029891304347868,-0.04029891304347868,-0.04029891304347868,-0.04029891304347868,-0.04029891304347868,-0.04029891304347868,-0.04029891304347868,-0.04029891304347868,-0.031603260869565206,0.001005434782608399,0.0031793478260865363,0.0031793478260865363,0.005896739130434363,0.04230978260869548,0.046657608695651755,0.046657608695651755,0.046657608695651755,0.046657608695651755,0.046657608695651755,0.046657608695651755,0.046657608695651755,0.046657608695651755,0.046657608695651755,0.046657608695651755,0.046657608695651755,0.046657608695651755,0.046657608695651755,0.046657608695651755,0.046657608695651755
-0.4294429347826083,-0.4250951086956517,-0.4218342391304342,-0.384877717391304,-0.35987771739130386,-0.3348777173913038,-0.28379076086956445,-0.22129076086956476,-0.12509510869565177,-0.04031249999999948,0.10207880434782654,0.19827445652173983,0.3140353260869573,0.42979619565217475,0.5129483695652183,0.6292527173913048,0.740122282608696,0.7836005434782612,0.8336005434782614,0.8178396739130439,0.7270788043478266,0.6287092391304351,0.5096875000000004,0.3901222826086964,0.27055706521739176,0.15262228260869648,0.058600543478261324,-0.0837907608695647,-0.18596467391304303,-0.28433423913043443,-0.3881385869565212,-0.42346467391304293,-0.4294429347826083,-0.4658559782608691,-0.46857336956521695,-0.46857336956521695,-0.46857336956521695,-0.46857336956521695,-0.46857336956521695,-0.46857336956521695
0.0,0.0,0.0,0.0,0.0,0.0,0.0,0.0,0.0,0.0,0.0,0.0,0.0,0.0,0.0,0.0,0.0,0.0,0.0,0.0,0.0,0.0,0.0,0.0,0.0,0.0,0.0,0.0,0.0,0.0,0.0,0.0,0.0,0.0,0.0,0.0,0.0,0.0,0.0,0.0
-0.018763586956521666,-0.018763586956521666,-0.018763586956521666,-0.018763586956521666,-0.018763586956521666,-0.018763586956521666,-0.018763586956521666,-0.018763586956521666,-0.018763586956521666,-0.018763586956521666,-0.018763586956521666,-0.018763586956521666,-0.018763586956521666,-0.018763586956521666,-0.018763586956521666,-0.018763586956521666,-0.018763586956521666,-0.018763586956521666,-0.018763586956521666,-0.018763586956521666,-0.018763586956521666,-0.018763586956521666,-0.005720108695652223,0.023084239130434486,0.024714673913043553,0.024714673913043553,0.024714673913043553,0.024714673913043553,0.024714673913043553,0.024714673913043553,0.024714673913043553,0.024714673913043553,0.024714673913043553,0.024714673913043553,0.024714673913043553,0.024714673913043553,0.024714673913043553,0.024714673913043553,0.024714673913043553,0.024714673913043553
-0.4454211956521744,-0.44379076086956565,-0.41498641304347866,-0.40139945652173953,-0.3802038043478266,-0.3552038043478265,-0.30411684782608717,-0.24161684782608747,-0.1410733695652179,-0.03726902173913083,0.10566576086956457,0.43718749999999934,0.4676222826086954,0.4676222826086954,0.4676222826086954,0.4676222826086954,0.4676222826086954,0.4676222826086954,0.49370923913043435,0.7752309782608692,0.7263179347826083,0.6089266304347823,0.5024048913043472,0.4116440217391302,0.2937092391304343,0.1741440217391299,0.05131793478260805,-0.1046603260869571,-0.2258559782608702,-0.3090081521739134,-0.3552038043478265,-0.3584646739130437,-0.3584646739130437,-0.3584646739130437,-0.3584646739130437,-0.3584646739130437,-0.3584646739130437,-0.3584646739130437,-0.3584646739130437,-0.3584646739130437
0.0,0.0,0.0,0.0,0.0,0.0,0.0,0.0,0.0,0.0,0.0,0.0,0.0,0.0,0.0,0.0,0.0,0.0,0.0,0.0,0.0,0.0,0.0,0.0,0.0,0.0,0.0,0.0,0.0,0.0,0.0,0.0,0.0,0.0,0.0,0.0,0.0,0.0,0.0,0.0
-0.023315217391305387,-0.023315217391305387,-0.023315217391305387,-0.023315217391305387,-0.023315217391305387,-0.023315217391305387,-0.023315217391305387,-0.023315217391305387,-0.023315217391305387,-0.005923913043478434,0.01907608695652169,0.0114673913043479,-0.02114130434782725,-0.023315217391305387,-0.023315217391305387,-0.023315217391305387,-0.023315217391305387,-0.02168478260869632,0.0071195652173910075,0.020163043478261068,0.01798913043478293,-0.014619565217392218,-0.010271739130435326,0.015815217391304176,-0.0146195652173916,0.01744565217391324,0.020163043478261068,0.020163043478261068,0.020163043478261068,0.020163043478261068,0.020163043478261068,0.020163043478261068,0.020163043478261068,0.020163043478261068,0.020163043478261068,0.020163043478261068,0.020163043478261068,0.020163043478261068,0.020163043478261068,0.020163043478261068
0.020489130434783127,0.020489130434783127,0.020489130434783127,0.021032608695652818,0.040054347826088216,0.028641304347826607,0.020489130434783127,0.020489130434783127,0.020489130434783127,0.020489130434783127,0.020489130434783127,0.020489130434783127,0.01831521739130499,-0.014293478260868922,-0.02298913043478209,-0.02298913043478209,-0.02298913043478209,-0.02298913043478209,-0.02298913043478209,-0.02353260869565178,-0.0447282608695647,-0.06592391304347762,-0.06646739130434731,-0.06374999999999949,-0.027336956521738363,-0.021358695652173642,0.007445652173913686,0.020489130434783127,0.020489130434783127,0.020489130434783127,0.020489130434783127,0.020489130434783127,0.020489130434783127,0.020489130434783127,0.020489130434783127,0.020489130434783127,0.01831521739130499,-0.014293478260868922,-0.02298913043478209,-0.02298913043478209
0.0,0.0,0.0,0.0,0.0,0.0,0.0,0.0,0.0,0.0,0.0,0.0,0.0,0.0,0.0,0.0,0.0,0.0,0.0,0.0,0.0,0.0,0.0,0.0,0.0,0.0,0.0,0.0,0.0,0.0,0.0,0.0,0.0,0.0,0.0,0.0,0.0,0.0,0.0,0.0
0.0,0.0,0.0,0.0,0.0,0.0,0.0,0.0,0.0,0.0,0.0,0.0,0.0,0.0,0.0,0.0,0.0,0.0,0.0,0.0,0.0,0.0,0.0,0.0,0.0,0.0,0.0,0.0,0.0,0.0,0.0,0.0,0.0,0.0,0.0,0.0,0.0,0.0,0.0,0.0
0.03585597826087001,0.03585597826087001,0.03585597826087001,0.03585597826087001,0.03585597826087001,0.03585597826087001,0.03585597826087001,0.03585597826087001,0.03585597826087001,0.03585597826087001,0.03585597826087001,0.03531250000000032,0.014116847826087402,-0.0070788043478255186,-0.007622282608695207,-0.007622282608695207,-0.007622282608695207,-0.007622282608695207,-0.010883152173912723,-0.047296195652173224,-0.05110054347826042,-0.05110054347826042,-0.05110054347826042,-0.04974184782608651,-0.029361413043477814,-0.00898097826086912,-0.007622282608695207,-0.007622282608695207,-0.007622282608695207,-0.007622282608695207,-0.007622282608695207,-0.007622282608695207,-0.007622282608695207,-0.007622282608695207,-0.007622282608695207,-0.007622282608695207,-0.007622282608695207,-0.007622282608695207,-0.007622282608695207,-0.007622282608695207
0.0,0.0,0.0,0.0,0.0,0.0,0.0,0.0,0.0,0.0,0.0,0.0,0.0,0.0,0.0,0.0,0.0,0.0,0.0,0.0,0.0,0.0,0.0,0.0,0.0,0.0,0.0,0.0,0.0,0.0,0.0,0.0,0.0,0.0,0.0,0.0,0.0,0.0,0.0,0.0
-0.03960597826086969,-0.03960597826086969,-0.03960597826086969,-0.03960597826086969,-0.03960597826086969,-0.03580163043478248,0.0006114130434786316,0.0038722826086961463,0.0038722826086961463,0.0038722826086961463,0.0038722826086961463,0.0038722826086961463,0.0038722826086961463,0.0038722826086961463,0.0038722826086961463,0.0038722826086961463,0.0038722826086961463,0.0038722826086961463,0.0038722826086961463,0.0038722826086961463,0.0038722826086961463,0.0038722826086961463,0.0038722826086961463,0.0038722826086961463,0.0038722826086961463,0.0038722826086961463,0.0038722826086961463,0.0038722826086961463,0.0038722826086961463,0.0038722826086961463,0.0038722826086961463,0.0038722826086961463,0.0038722826086961463,0.0038722826086961463,0.0071331521739136615,0.03485054347826099,0.008220108695652421,0.038654891304348196,0.034307065217391304,0.005502717391304595
0.04805605461731943,0.023871272008624152,-0.01553090190441871,-0.0008569888609414371,-0.010639597556593364,-0.021805605461732668,-0.013999281351059182,-0.005254222062522173,0.006751706791233588,-0.012270032339201813,0.010012576356449867,0.011099532878189244,0.011099532878189244,0.011099532878189244,0.011099532878189244,0.011099532878189244,0.011099532878189244,0.011099532878189244,0.011099532878189244,0.010556054617319555,-0.010639597556593364,-0.03183524973050628,-0.03237872799137597,-0.029661336687028146,0.00675170679123297,0.008233920229968654,0.008130614444845061,0.0030035034135831597,-0.008995688106358434,0.0010451850521040183,-0.014443945382680567,-0.006835249730505542,-0.010639597556593364,-0.013628727991375107,0.010012576356449867,0.003490837226016073,0.008925619834711107,-0.016074380165289014,-0.007378727991375231,0.025229967660798065
0.0,0.0,0.0,0.0,0.0,0.0,0.0,0.0,0.0,0.0,0.0,0.0,0.0,0.0,0.0,0.0,0.0,0.0,0.0,0.0,0.0,0.0,0.0,0.0,0.0,0.0,0.0,0.0,0.0,0.0,0.0,0.0,0.0,0.0,0.0,0.0,0.0,0.0,0.0,0.0
-0.016311141304347975,-0.016311141304347975,-0.016311141304347975,-0.016311141304347975,-0.016311141304347975,-0.016311141304347975,-0.016311141304347975,-0.016311141304347975,-0.016311141304347975,-0.016311141304347975,-0.016311141304347975,-0.016311141304347975,-0.016311141304347975,-0.016311141304347975,-0.016311141304347975,-0.016311141304347975,-0.016311141304347975,-0.016311141304347975,-0.016311141304347975,-0.016311141304347975,-0.016311141304347975,-0.014408967391304373,0.004341032608696492,0.015754076086957485,-0.007615489130434189,0.024449728260870652,0.02716711956521848,0.02716711956521848,0.02716711956521848,0.023362771739131274,-0.011963315217391081,0.009775815217391527,0.02716711956521848,0.02716711956521848,0.02716711956521848,0.02716711956521848,0.02716711956521848,0.02716711956521848,0.02716711956521848,0.02716711956521848
0.025577445652173667,0.025577445652173667,0.025577445652173667,0.025577445652173667,0.025577445652173667,0.025577445652173667,0.025577445652173667,0.025577445652173667,0.025577445652173667,0.025577445652173667,0.025577445652173667,0.025577445652173667,0.02449048913043429,0.008186141304347331,-0.0026834239130439723,-0.017085597826087328,-0.017900815217391553,-0.02659646739130472,-0.03909646739130447,-0.03963994565217416,-0.04072690217391354,-0.05703125000000049,-0.061379076086956766,-0.05866168478260894,-0.022248641304347828,-0.017085597826087328,-0.0010529891304349062,0.015523097826086586,0.006012228260869195,0.021229619565217392,-0.013552989130435277,0.008186141304347331,0.025577445652173667,0.025577445652173667,0.025577445652173667,0.0168817934782605,-0.015726902173913416,-0.017900815217391553,-0.017900815217391553,-0.017900815217391553
0.0,0.0,0.0,0.0,0.0,0.0,0.0,0.0,0.0,0.0,0.0,0.0,0.0,0.0,0.0,0.0,0.0,0.0,0.0,0.0,0.0,0.0,0.0,0.0,0.0,0.0,0.0,0.0,0.0,0.0,0.0,0.0,0.0,0.0,0.0,0.0,0.0,0.0,0.0,0.0
-0.02676630434782584,-0.02676630434782584,-0.02676630434782584,-0.02676630434782584,-0.02676630434782584,-0.022961956521739255,0.013451086956521245,0.013994565217390934,-0.022418478260869564,-0.009375000000000123,0.015625,0.008559782608695282,-0.003940217391304472,-0.0012228260869566452,-0.01154891304347826,-0.025951086956521617,-0.0245923913043477,-0.0063858695652171445,-0.0050271739130432315,-0.0050271739130432315,-0.0050271739130432315,-0.0050271739130432315,-0.004483695652173542,0.005298913043478385,-0.01807065217391329,0.013994565217390934,0.01671195652173876,0.01671195652173876,0.01671195652173876,0.012907608695652174,-0.010461956521739502,0.015081521739130311,0.01671195652173876,0.01671195652173876,0.01671195652173876,0.01671195652173876,0.01671195652173876,0.020516304347825965,0.04388586956521764,0.018342391304347828
0.01590353260869617,0.01590353260869617,0.01590353260869617,0.01644701086956586,0.03546875000000126,0.02405570652173965,0.01590353260869617,0.01590353260869617,0.01590353260869617,0.01590353260869617,0.01590353260869617,0.01590353260869617,0.014816576086956794,-0.0014877717391301628,-0.012357336956521468,-0.026759510869564823,-0.027574728260869045,-0.027574728260869045,-0.027574728260869045,-0.027574728260869045,-0.027574728260869045,-0.027574728260869045,-0.027574728260869045,-0.027574728260869045,-0.027574728260869045,-0.010183423913042711,0.014816576086956794,0.01590353260869617,0.01590353260869617,0.012099184782608968,-0.01127038043478209,0.014273097826087723,0.01590353260869617,0.01590353260869617,0.01590353260869617,0.01590353260869617,0.013729619565218034,-0.018879076086955878,-0.027574728260869045,-0.027574728260869045
0.0,0.0,0.0,0.0,0.0,0.0,0.0,0.0,0.0,0.0,0.0,0.0,0.0,0.0,0.0,0.0,0.0,0.0,0.0,0.0,0.0,0.0,0.0,0.0,0.0,0.0,0.0,0.0,0.0,0.0,0.0,0.0,0.0,0.0,0.0,0.0,0.0,0.0,0.0,0.0
-0.02891983695652185,-0.02891983695652185,-0.02891983695652185,-0.02891983695652185,-0.02891983695652185,-0.02891983695652185,-0.02891983695652185,-0.02891983695652185,-0.026745923913044024,0.00015624999999970342,0.01401494565217337,0.014558423913043059,0.014558423913043059,0.014558423913043059,0.014558423913043059,0.014558423913043059,0.014558423913043059,0.014558423913043059,0.014558423913043059,0.014558423913043059,0.014558423913043059,0.014558423913043059,0.014558423913043059,0.014558423913043059,0.014558423913043059,0.014558423913043059,0.014558423913043059,0.014558423913043059,0.014558423913043059,0.014558423913043059,0.01347146739130399,-0.010169836956521912,-0.00718070652173955,0.013199728260869145,0.011297554347825544,-0.025115489130434956,-0.02891983695652185,-0.025115489130434956,0.011297554347825544,0.014558423913043059
0.06445652173913051,0.06445652173913051,0.06445652173913051,0.06445652173913051,0.06445652173913051,0.06445652173913051,0.052499999999999825,0.04597826086956541,0.025326086956521564,0.02097826086956529,0.02097826086956529,0.012282608695652125,-0.022499999999999926,-0.05728260869565198,-0.06597826086956514,-0.06597826086956514,-0.06597826086956514,-0.06434782608695669,-0.035543478260869364,-0.031739130434782784,-0.08554347826086961,-0.10891304347826067,-0.09641304347826092,-0.06489130434782577,-0.0268478260869562,-0.020869565217391476,0.007934782608696468,0.02097826086956529,0.02097826086956529,0.02097826086956529,0.02097826086956529,0.02097826086956529,0.02097826086956529,0.019347826086956843,-0.006195652173912969,0.017173913043478088,0.02097826086956529,0.02097826086956529,0.02097826086956529,0.02097826086956529
0.0,0.0,0.0,0.0,0.0,0.0,0.0,0.0,0.0,0.0,0.0,0.0,0.0,0.0,0.0,0.0,0.0,0.0,0.0,0.0,0.0,0.0,0.0,0.0,0.0,0.0,0.0,0.0,0.0,0.0,0.0,0.0,0.0,0.0,0.0,0.0,0.0,0.0,0.0,0.0
