0.20843589743589738,0.21676431623931627,0.21619444444444452,0.20681870629370636,0.2072181818181818,0.20718376068376068,0.20475940170940168,0.20278547008547002,0.19840854700854704,0.1829307692307693,0.17794444444444452,0.16149829059829054,0.15539292929292933,0.1452936674436674,0.13512696192696183,0.13112344599844597,0.12792128275764633,0.12593239740057918,0.12509358974358967,0.12402820512820512,0.12411965811965804,0.12446388888888886,0.12577521367521363,0.12785598290598288,0.13003076923076917,0.13248076923076924,0.13444487179487177,0.14957317404817416,0.16419984459984469,0.17575021367521368,0.1784980574980576,0.1933521367521368,0.19972447552447575,0.20747391219891226,0.2100606837606839,0.21444444444444435,0.20758547008547013,0.21299252136752136,0.2060863247863248,0.21173333333333333
-0.03515384615384621,-0.026825427350427315,-0.02739529914529908,-0.036771037296037236,-0.03637156177156178,-0.03560470085470085,-0.026394444444444495,-0.014201709401709341,0.004562393162393309,0.022385897435897417,0.0442905982905984,0.06986367521367508,0.09680318570318573,0.12436418026418021,0.13724234654234652,0.16541831779331773,0.1712546160909797,0.16439393586211765,0.16355512820512813,0.16248974358974358,0.16258119658119652,0.1629254273504273,0.1642367521367521,0.16631752136752134,0.16849230769230764,0.17078205128205126,0.16072692307692302,0.12765009712509715,0.09240497280497269,0.06126303418803403,0.030741647241647192,0.00844829059829066,-0.007711421911421777,-0.011564549339549392,-0.021093162393162456,-0.028344017094017186,-0.03600427350427346,-0.030597222222222234,-0.03820854700854699,-0.04374743589743592
-0.5992564102564103,-0.5909279914529915,-0.5914978632478631,-0.6008736013986014,-0.6004741258741259,-0.6005085470085471,-0.602932905982906,-0.6049068376068377,-0.6082581196581197,-0.61255,-0.6166068376068377,-0.6220914529914531,-0.625760916860917,-0.6246742812742813,-0.6341038073038074,-0.6381073232323232,-0.6413094864731229,-0.64329837183019,-0.6441371794871795,-0.6452025641025642,-0.6451111111111112,-0.6447668803418803,-0.6434555555555556,-0.6413747863247864,-0.6392000000000001,-0.63675,-0.6347858974358974,-0.6268370823620824,-0.6178514374514374,-0.6063010683760685,-0.604514763014763,-0.6008465811965812,-0.5951473193473192,-0.5873978826728827,-0.5856444444444444,-0.5924465811965813,-0.6001068376068376,-0.5946997863247864,-0.6016059829059829,-0.5959589743589744
0.2212564102564102,0.2295848290598291,0.22901495726495733,0.2196392191142192,0.22003869463869463,0.2200042735042735,0.2175799145299145,0.21560598290598285,0.21225470085470086,0.2079628205128205,0.20358547008547007,0.1871393162393161,0.1819313908313908,0.1830180264180264,0.1733961926961926,0.1593285742035743,0.15356230839867208,0.15157342304160493,0.15073461538461538,0.14966923076923086,0.14976068376068377,0.1501049145299146,0.15141623931623935,0.15349700854700862,0.1556717948717949,0.15812179487179498,0.16008589743589752,0.16803471250971258,0.1770203574203575,0.1885707264957265,0.19035703185703193,0.19402521367521375,0.19972447552447575,0.20747391219891226,0.2100606837606839,0.21444444444444435,0.20758547008547013,0.21299252136752136,0.2060863247863248,0.21173333333333333
0.05202564102564093,0.050450213675213754,0.049527777777777844,0.041690501165501194,0.04747459207459224,0.053898504273504316,0.06290042735042743,0.06390726495726504,0.08148547008547005,0.09998205128205138,0.12922649572649567,0.14806880341880338,0.17770062160062167,0.20074238539238548,0.20243465423465415,0.22952088189588202,0.25099820583456933,0.2684163717595535,0.21512564102564086,0.20736153846153846,0.20745299145299137,0.2077972222222222,0.20910854700854697,0.21118931623931622,0.2133641025641025,0.21581410256410258,0.21777820512820512,0.18476548174048163,0.13958445998445995,0.12539764957264948,0.10381857031857031,0.0853713675213675,0.06921165501165515,0.06535852758352763,0.05582991452991447,0.04857905982905974,0.04091880341880346,0.04632585470085469,0.039419658119658134,0.045066666666666665
-0.5992564102564103,-0.5909279914529915,-0.5914978632478631,-0.6008736013986014,-0.6004741258741259,-0.6005085470085471,-0.602932905982906,-0.6049068376068377,-0.6082581196581197,-0.61255,-0.6166068376068377,-0.6220914529914531,-0.625760916860917,-0.6246742812742813,-0.6341038073038074,-0.6381073232323232,-0.6413094864731229,-0.64329837183019,-0.6441371794871795,-0.6452025641025642,-0.6451111111111112,-0.6447668803418803,-0.6434555555555556,-0.6413747863247864,-0.6392000000000001,-0.63675,-0.6347858974358974,-0.6268370823620824,-0.6178514374514374,-0.6063010683760685,-0.604514763014763,-0.6008465811965812,-0.5951473193473192,-0.5873978826728827,-0.5856444444444444,-0.5924465811965813,-0.6001068376068376,-0.5946997863247864,-0.6016059829059829,-0.5959589743589744
0.13151282051282054,0.13984123931623943,0.13927136752136768,0.1298956293706295,0.13029510489510499,0.13026068376068387,0.12783632478632484,0.1258623931623932,0.12251111111111121,0.11821923076923085,0.11416239316239321,0.10867777777777778,0.10500831390831394,0.10609494949494956,0.09384491064491056,0.08000165112665122,0.07663923147559515,0.074650346118528,0.07201666666666667,0.06021410256410256,0.060017094017093944,0.060361324786324756,0.06167264957264953,0.06375341880341878,0.06592820512820506,0.06837820512820514,0.07034230769230768,0.07829112276612275,0.08727676767676766,0.09882713675213668,0.1006134421134421,0.10428162393162392,0.10998088578088591,0.11773032245532242,0.12743247863247875,0.12550213675213676,0.11797008547008558,0.13299252136752143,0.12224017094017106,0.1260923076923079
0.07189743589743586,0.08214893162393166,0.0815790598290599,0.07220332167832175,0.07260279720279719,0.07256837606837607,0.07014401709401706,0.06831431623931614,0.08007521367521374,0.09930897435897443,0.12121367521367514,0.14803675213675205,0.17770062160062167,0.20074238539238548,0.20224234654234644,0.2192644716394716,0.2389469237832875,0.26564393586211776,0.2795166666666666,0.29040641025641034,0.2907863247863247,0.29084209401709404,0.2801982905982906,0.268432905982906,0.24695384615384597,0.20579807692307694,0.20223333333333324,0.15994176379176367,0.13035369075369074,0.1113271367521367,0.09099805749805749,0.07255085470085476,0.05639114219114232,0.05372391219891216,0.047432478632478646,0.040886752136752025,0.03873931623931626,0.04347329059829063,0.039419658119658134,0.045066666666666665
-0.5992564102564103,-0.5909279914529915,-0.5914978632478631,-0.6008736013986014,-0.6004741258741259,-0.6005085470085471,-0.602932905982906,-0.6049068376068377,-0.6082581196581197,-0.61255,-0.6166068376068377,-0.6220914529914531,-0.625760916860917,-0.6246742812742813,-0.6341038073038074,-0.6381073232323232,-0.6413094864731229,-0.64329837183019,-0.6441371794871795,-0.6452025641025642,-0.6451111111111112,-0.6447668803418803,-0.6434555555555556,-0.6413747863247864,-0.6392000000000001,-0.63675,-0.6347858974358974,-0.6268370823620824,-0.6178514374514374,-0.6063010683760685,-0.604514763014763,-0.6008465811965812,-0.5951473193473192,-0.5873978826728827,-0.5856444444444444,-0.5924465811965813,-0.6001068376068376,-0.5946997863247864,-0.6016059829059829,-0.5959589743589744
-0.02233333333333339,-0.014004914529914494,-0.01457478632478626,-0.023950524475524412,-0.02355104895104896,-0.02358547008547008,-0.026009829059829095,-0.02798376068376075,-0.031335042735042735,-0.03562692307692308,-0.03968376068376072,-0.04516837606837617,-0.04883783993783999,-0.04775120435120437,-0.057180730380730474,-0.06118424630924634,-0.06438640955004597,-0.06637529490711312,-0.06721410256410265,-0.06927307692307694,-0.08036752136752148,-0.08066431623931627,-0.0793529914529915,-0.07727222222222224,-0.07509743589743596,-0.07264743589743589,-0.07068333333333335,-0.06273451825951827,-0.05374887334887336,-0.04219850427350435,-0.040412198912198924,-0.036744017094017103,-0.031044755244755116,-0.02329531857031861,-0.02154188034188036,-0.028344017094017186,-0.03600427350427346,-0.030597222222222234,-0.03750341880341879,-0.031856410256410256
-0.07233333333333328,-0.0528190170940171,-0.05303632478632463,-0.06406270396270386,-0.07361515151515154,-0.07206303418803409,-0.035336752136752074,-0.03439401709401707,-0.037745299145299054,-0.042037179487179395,-0.044972222222222184,-0.009591452991452925,0.015392929292929217,0.03462059052059065,0.047306449106449086,0.06541831779331776,0.08433153916790286,0.09942598714416899,0.10131153846153851,0.12014999999999997,0.12411965811965804,0.12446388888888886,0.12090341880341872,0.0782405982905983,0.07874871794871798,0.08119871794871805,0.07880384615384628,0.026175738150738172,-0.011569386169386284,-0.02684594017094045,-0.062367327117327113,-0.08068632478632473,-0.0856601398601397,-0.08730172882672886,-0.08564444444444447,-0.09196581196581204,-0.08844017094017094,-0.08187927350427351,-0.08878547008547007,-0.08313846153846154
-0.5992564102564103,-0.5909279914529915,-0.5914978632478631,-0.6008736013986014,-0.6004741258741259,-0.6005085470085471,-0.602932905982906,-0.6049068376068377,-0.6082581196581197,-0.61255,-0.6166068376068377,-0.6220914529914531,-0.625760916860917,-0.6246742812742813,-0.6341038073038074,-0.6381073232323232,-0.6413094864731229,-0.64329837183019,-0.6441371794871795,-0.6452025641025642,-0.6451111111111112,-0.6447668803418803,-0.6434555555555556,-0.6413747863247864,-0.6392000000000001,-0.63675,-0.6347858974358974,-0.6268370823620824,-0.6178514374514374,-0.6063010683760685,-0.604514763014763,-0.6008465811965812,-0.5951473193473192,-0.5873978826728827,-0.5856444444444444,-0.5924465811965813,-0.6001068376068376,-0.5946997863247864,-0.6016059829059829,-0.5959589743589744
0.5302307692307693,0.5497450854700856,0.5495277777777781,0.5401520396270398,0.5405515151515153,0.5413183760683763,0.5500799145299146,0.5489393162393161,0.5455880341880341,0.5412961538461538,0.5372393162393162,0.5311297008547008,0.47276472416472415,-0.08781530691530694,-0.1341038073038074,-0.13810732323232328,-0.1338735890372255,-0.13047785900967723,-0.13131666666666675,-0.1323820512820513,-0.13870085470085478,-0.14476688034188037,-0.14345555555555561,-0.14137478632478634,-0.13920000000000007,-0.13674999999999998,-0.13478589743589744,-0.12683708236208238,-0.11785143745143746,-0.027839529914527015,0.5329852369852369,0.5529995726495727,0.5553655011655014,0.5537239121989123,0.5474324786324788,0.535758547008547,0.5280982905982906,0.5335053418803418,0.5265991452991453,0.5322461538461538
-0.29156410256410265,-0.2832356837606837,-0.2838055555555555,-0.2870274475524474,-0.26739720279720275,-0.26717521367521363,-0.2594072649572649,-0.23215042735042737,-0.21133504273504267,-0.1644730769230769,-0.13135042735042737,-0.09496004273504273,-0.05415835275835271,-0.1136005633255633,-0.11381534576534581,-0.10116822066822068,-0.0823351274987639,-0.06682401285583103,-0.053752564102564036,-0.032702564102564044,-0.02331623931623939,-0.020007264957264955,-0.10896837606837632,-0.1221440170940172,-0.11996923076923093,-0.11751923076923085,-0.11555512820512831,-0.10760631313131323,-0.10188989898989913,-0.1731760683760681,-0.11413014763014764,-0.1514876068376069,-0.1864293706293705,-0.20300685703185714,-0.22660598290598294,-0.2506196581196582,-0.26908119658119656,-0.27396260683760687,-0.2810931623931624,-0.27544615384615384
-0.5992564102564103,-0.5909279914529915,-0.5914978632478631,-0.6008736013986014,-0.6004741258741259,-0.6005085470085471,-0.602932905982906,-0.6049068376068377,-0.6082581196581197,-0.61255,-0.6166068376068377,-0.6220914529914531,-0.625760916860917,-0.6246742812742813,-0.6341038073038074,-0.6381073232323232,-0.6413094864731229,-0.64329837183019,-0.6441371794871795,-0.6452025641025642,-0.6451111111111112,-0.6447668803418803,-0.6434555555555556,-0.6413747863247864,-0.6392000000000001,-0.63675,-0.6347858974358974,-0.6268370823620824,-0.6178514374514374,-0.6063010683760685,-0.604514763014763,-0.6008465811965812,-0.5951473193473192,-0.5873978826728827,-0.5856444444444444,-0.5924465811965813,-0.6001068376068376,-0.5946997863247864,-0.6016059829059829,-0.5959589743589744
0.2981794871794871,0.306507905982906,0.3059380341880343,0.2965622960372961,0.29696177156177156,0.2969273504273504,0.2945029914529914,0.29252905982905975,0.28917777777777776,0.28488589743589743,0.2808290598290598,0.27409444444444436,0.26680318570318573,0.2606782828282827,0.2505115773115772,0.24538626651126658,0.23099820583456948,0.22849649996468174,0.22765769230769223,0.22659230769230768,0.22668376068376062,0.2270279914529914,0.2283393162393162,0.23042008547008544,0.23259487179487173,0.2350448717948718,0.23700897435897433,0.24495778943278942,0.2539434343434343,0.26549380341880335,0.26728010878010877,0.27094829059829056,0.27664755244755257,0.2855828865578867,0.29852222222222224,0.29681623931623935,0.28566239316239306,0.29097329059829075,0.29454786324786336,0.2936884615384617
0.04817948717948712,0.11243739316239316,0.11363034188034195,0.1042546037296038,0.10465407925407924,0.10461965811965812,0.10219529914529911,0.10022136752136745,0.09687008547008547,0.09257820512820512,0.10775213675213671,0.1494790598290598,0.17013651903651905,0.20000520590520593,0.20506285936285942,0.231924728049728,0.2517674366038003,0.28266316663134855,0.2932346153846154,0.25707307692307707,0.23950427350427342,0.23984850427350424,0.24115982905982902,0.24324059829059827,0.24541538461538456,0.24786538461538463,0.24438076923076926,0.18130394327894322,0.15599471639471638,0.13696816239316234,0.11663908313908322,0.09819188034188031,0.08203216783216806,0.07817904040404045,0.06781709401709407,0.04986111111111104,0.05027777777777778,0.04655021367521364,0.039419658119658134,0.045066666666666665
-0.5992564102564103,-0.5909279914529915,-0.5914978632478631,-0.6008736013986014,-0.6004741258741259,-0.6005085470085471,-0.602932905982906,-0.6049068376068377,-0.6082581196581197,-0.61255,-0.6166068376068377,-0.6220914529914531,-0.625760916860917,-0.6246742812742813,-0.6341038073038074,-0.6381073232323232,-0.6413094864731229,-0.64329837183019,-0.6441371794871795,-0.6452025641025642,-0.6451111111111112,-0.6447668803418803,-0.6434555555555556,-0.6413747863247864,-0.6392000000000001,-0.63675,-0.6347858974358974,-0.6268370823620824,-0.6178514374514374,-0.6063010683760685,-0.604514763014763,-0.6008465811965812,-0.5951473193473192,-0.5873978826728827,-0.5856444444444444,-0.5924465811965813,-0.6001068376068376,-0.5946997863247864,-0.6016059829059829,-0.5959589743589744
0.43920512820512797,0.45625149572649587,0.4597841880341883,0.45040844988345013,0.4508079254079256,0.4507735042735045,0.44834914529914544,0.44637521367521377,0.44302393162393183,0.43873205128205145,0.4343547008547009,0.41915854700854693,0.4157775446775446,0.40170392385392373,0.3915372183372182,0.38641190753690763,0.3720238468602105,0.36952214099032293,0.3686833333333334,0.3676179487179489,0.3677094017094018,0.36805363247863265,0.3693649572649574,0.37144572649572666,0.37362051282051295,0.376070512820513,0.3791243589743591,0.3982590714840714,0.4081742035742036,0.4309104700854699,0.43394677544677523,0.4376149572649571,0.4415193473193473,0.4393168609168608,0.4408299145299145,0.44473290598290577,0.4266880341880341,0.4309412393162393,0.4309581196581196,0.44250256410256394
-0.11207692307692313,-0.10374850427350424,-0.104318376068376,-0.11369411421911416,-0.11214079254079251,-0.1001880341880342,-0.0856252136752137,-0.06548376068376072,-0.04569401709401706,-0.01601153846153845,0.018008547008547062,0.055504700854700835,0.0848801087801089,0.12362700077700084,0.14006285936285934,0.17807857420357429,0.20792128275764646,0.2446182948364767,0.2604141025641026,0.23372371794871802,0.23309401709401703,0.23343824786324782,0.2347495726495726,0.23683034188034185,0.23772307692307693,0.20932371794871804,0.17547051282051285,0.1281949689199689,0.09240497280497269,0.05972457264957243,0.01728010878010886,-0.016519658119658123,-0.03540372960372952,-0.05912865190365197,-0.07099700854700859,-0.09164529914529924,-0.10010683760683757,-0.09469978632478633,-0.1085290598290598,-0.10877948717948718
-0.5992564102564103,-0.5909279914529915,-0.5914978632478631,-0.6008736013986014,-0.6004741258741259,-0.6005085470085471,-0.602932905982906,-0.6049068376068377,-0.6082581196581197,-0.61255,-0.6166068376068377,-0.6220914529914531,-0.625760916860917,-0.6246742812742813,-0.6341038073038074,-0.6381073232323232,-0.6413094864731229,-0.64329837183019,-0.6441371794871795,-0.6452025641025642,-0.6451111111111112,-0.6447668803418803,-0.6434555555555556,-0.6413747863247864,-0.6392000000000001,-0.63675,-0.6347858974358974,-0.6268370823620824,-0.6178514374514374,-0.6063010683760685,-0.604514763014763,-0.6008465811965812,-0.5951473193473192,-0.5873978826728827,-0.5856444444444444,-0.5924465811965813,-0.6001068376068376,-0.5946997863247864,-0.6016059829059829,-0.5959589743589744
-0.07105128205128207,0.06561047008547014,-0.12938247863247854,-0.12757231934731933,-0.12611515151515143,-0.12534829059829058,-0.11658675213675214,-0.11763119658119664,-0.11159145299145297,-0.11255,-0.11660683760683764,-0.12209145299145309,-0.12576091686091692,0.15228084693084745,0.5030115773115771,0.4902580613830614,0.48612641096277454,0.47295162816981007,0.4711833333333335,0.46095128205128205,0.4574529914529912,0.45808568376068365,0.47013418803418816,0.46667008547008537,0.4754153846153847,0.478794871794872,0.49059871794871796,0.5085475330225331,0.5133665112665112,0.20044572649572473,-0.10916219891219889,-0.11366709401709403,-0.10796783216783204,-0.10140429292929298,-0.1108367521367522,-0.09356837606837605,0.34925213675213623,-0.06649465811965809,0.4599324786324786,0.12724615384615653
-0.23258974358974363,-0.24285106837606835,-0.23194658119658107,-0.23036078088578085,-0.23803822843822842,-0.22919444444444445,-0.23113803418803422,-0.23301581196581203,-0.22595042735042734,-0.20838333333333336,-0.19032478632478628,-0.17369401709401716,-0.15524809634809636,-0.06999479409479392,0.02467824397824404,0.06381575369075367,0.1056135904499541,0.15442598714416889,0.18861923076923084,0.21088717948717955,0.226042735042735,0.22673952991452997,0.21609572649572648,0.19525982905982894,0.16362051282051274,0.12927564102564104,0.0859192307692308,0.037714199689199694,-0.011569386169386192,-0.12149337606837662,-0.23624553224553224,-0.26078247863247866,-0.276942191142191,-0.27960942113442117,-0.2771188034188034,-0.27225427350427356,-0.2679273504273504,-0.2624241452991453,-0.27981111111111107,-0.26765769230769226
-0.5992564102564103,-0.5909279914529915,-0.5914978632478631,-0.6008736013986014,-0.6004741258741259,-0.6005085470085471,-0.602932905982906,-0.6049068376068377,-0.6082581196581197,-0.61255,-0.6166068376068377,-0.6220914529914531,-0.625760916860917,-0.6246742812742813,-0.6341038073038074,-0.6381073232323232,-0.6413094864731229,-0.64329837183019,-0.6441371794871795,-0.6452025641025642,-0.6451111111111112,-0.6447668803418803,-0.6434555555555556,-0.6413747863247864,-0.6392000000000001,-0.63675,-0.6347858974358974,-0.6268370823620824,-0.6178514374514374,-0.6063010683760685,-0.604514763014763,-0.6008465811965812,-0.5951473193473192,-0.5873978826728827,-0.5856444444444444,-0.5924465811965813,-0.6001068376068376,-0.5946997863247864,-0.6016059829059829,-0.5959589743589744
0.2212564102564102,0.2295848290598291,0.22901495726495733,0.2196392191142192,0.22003869463869463,0.2200042735042735,0.2175799145299145,0.21355470085470082,0.19866495726495734,0.1829307692307693,0.1782649572649573,0.1727803418803419,0.16064933954933955,0.156832128982129,0.13621670551670542,0.13112344599844597,0.12792128275764633,0.12131701278519458,0.11227307692307684,0.1112076923076923,0.11129914529914522,0.11164337606837603,0.11295470085470082,0.11503547008547006,0.11721025641025634,0.11966025641025642,0.12162435897435896,0.12957317404817403,0.13855881895881894,0.15010918803418796,0.1528570318570319,0.1677111111111111,0.1743398601398603,0.19260211732711743,0.19724017094017107,0.20210470085470086,0.20643162393162393,0.21299252136752136,0.2060863247863248,0.21583589743589762
0.4007435897435897,0.4090720085470086,0.4085021367521368,0.39912639860139865,0.3995258741258741,0.399491452991453,0.397067094017094,0.39724059829059827,0.4148188034188034,0.42597564102564095,0.43788034188034186,0.45326111111111117,0.4605211344211344,0.47769751359751356,0.48019106449106447,0.47839908702408707,0.4938187186550823,0.5023426538108358,0.511503846153846,0.5221692307692308,0.5337350427350427,0.5344318376068377,0.5250059829059829,0.4965739316239315,0.4825948717948717,0.4850448717948718,0.4831948717948718,0.44407637917637915,0.4291998445998446,0.40748098290598267,0.39580574980574984,0.39239059829059825,0.37998088578088596,0.3773777583527581,0.3874324786324787,0.3755021367521367,0.3859188034188034,0.39247970085470085,0.38486837606837615,0.38343205128205127
-0.5992564102564103,-0.5909279914529915,-0.5914978632478631,-0.6008736013986014,-0.6004741258741259,-0.6005085470085471,-0.602932905982906,-0.6049068376068377,-0.6082581196581197,-0.61255,-0.6166068376068377,-0.6220914529914531,-0.625760916860917,-0.6246742812742813,-0.6341038073038074,-0.6381073232323232,-0.6413094864731229,-0.64329837183019,-0.6441371794871795,-0.6452025641025642,-0.6451111111111112,-0.6447668803418803,-0.6434555555555556,-0.6413747863247864,-0.6392000000000001,-0.63675,-0.6347858974358974,-0.6268370823620824,-0.6178514374514374,-0.6063010683760685,-0.604514763014763,-0.6008465811965812,-0.5951473193473192,-0.5873978826728827,-0.5856444444444444,-0.5924465811965813,-0.6001068376068376,-0.5946997863247864,-0.6016059829059829,-0.5959589743589744
0.18279487179487183,0.1989117521367522,0.19420726495726498,0.1887898601398602,0.17856433566433574,0.17513247863247863,0.17270811965811964,0.16765726495726496,0.14802393162393165,0.13442115384615386,0.1268226495726495,0.1158572649572649,0.10629036519036515,0.0940116161616162,0.08384491064491065,0.07871959984459992,0.06433153916790274,0.061829833298015086,0.05919615384615376,0.048387179487179494,0.052965811965811925,0.04754081196581193,0.048852136752136704,0.05093290598290596,0.05259487179487174,0.0440192307692308,0.05470128205128214,0.06547060994560994,0.07445625485625484,0.08603867521367511,0.0967672882672883,0.11043547008547004,0.12536550116550144,0.23824314296814336,0.2575927350427351,0.21163995726495718,0.2011752136752137,0.20658226495726495,0.17544529914529924,0.16045128205128206
0.38792307692307687,0.3884630341880342,0.3949764957264957,0.38641806526806544,0.39196177156177153,0.3930811965811966,0.39065683760683756,0.38980470085470087,0.4021264957264958,0.4191487179487179,0.4298675213675213,0.45322905982905975,0.4596236985236986,0.4656141802641803,0.47019106449106446,0.47711703574203584,0.48228025711662087,0.4972785512467331,0.5102858974358974,0.5211756410256411,0.5215555555555554,0.5218997863247863,0.5219931623931624,0.5111572649572649,0.49003076923076916,0.4770320512820513,0.4557910256410256,0.43117573815073823,0.42432804972804977,0.40472457264957257,0.39228010878010877,0.39239059829059825,0.3769039627039629,0.37542263014763005,0.388265811965812,0.38191239316239306,0.3742521367521368,0.379659188034188,0.37275299145299146,0.3784
-0.5992564102564103,-0.5909279914529915,-0.5914978632478631,-0.6008736013986014,-0.6004741258741259,-0.6005085470085471,-0.602932905982906,-0.6049068376068377,-0.6082581196581197,-0.61255,-0.6166068376068377,-0.6220914529914531,-0.625760916860917,-0.6246742812742813,-0.6341038073038074,-0.6381073232323232,-0.6413094864731229,-0.64329837183019,-0.6441371794871795,-0.6452025641025642,-0.6451111111111112,-0.6447668803418803,-0.6434555555555556,-0.6413747863247864,-0.6392000000000001,-0.63675,-0.6347858974358974,-0.6268370823620824,-0.6178514374514374,-0.6063010683760685,-0.604514763014763,-0.6008465811965812,-0.5951473193473192,-0.5873978826728827,-0.5856444444444444,-0.5924465811965813,-0.6001068376068376,-0.5946997863247864,-0.6016059829059829,-0.5959589743589744
0.14433333333333329,0.15266175213675218,0.1520918803418804,0.14271614219114226,0.1431156177156177,0.14227991452991454,0.12866965811965814,0.1238111111111111,0.10892136752136758,0.09251410256410253,0.07666239316239316,0.06959123931623924,0.05609805749805748,0.05481289821289819,0.045191064491064394,0.031123445998446096,0.025357180193543865,0.023368294836476712,0.02252948717948719,0.021464102564102642,0.021555555555555574,0.021899786324786383,0.023211111111111158,0.025291880341880412,0.027466666666666695,0.030076923076923216,0.041880769230769326,0.05265009712509711,0.06599471639471652,0.08600662393162385,0.08779292929292928,0.09761495726495721,0.1102372960372962,0.1284995532245533,0.13313760683760698,0.1375213675213675,0.1306623931623933,0.13712713675213686,0.13518888888888897,0.14670128205128208
0.6827948717948717,0.6911232905982906,0.6905534188034189,0.6811776806526807,0.6815771561771562,0.6815427350427351,0.679118376068376,0.6772405982905981,0.6843059829059828,0.6945333333333333,0.6952521367521367,0.7096713675213674,0.7075724164724164,0.7092039238539238,0.7109602952602952,0.7080465229215229,0.7048443596807232,0.7028554743236561,0.7020166666666666,0.700951282051282,0.701042735042735,0.7013869658119658,0.7026982905982906,0.7047790598290599,0.7064410256410255,0.6977051282051283,0.6974576923076924,0.6863039432789433,0.673558818958819,0.6757502136752136,0.677536519036519,0.6750508547008547,0.67408344988345,0.6818328865578865,0.6748042735042734,0.6519444444444443,0.643482905982906,0.6488899572649572,0.6419837606837607,0.6517333333333333
-0.5992564102564103,-0.5909279914529915,-0.5914978632478631,-0.6008736013986014,-0.6004741258741259,-0.6005085470085471,-0.602932905982906,-0.6049068376068377,-0.6082581196581197,-0.61255,-0.6166068376068377,-0.6220914529914531,-0.625760916860917,-0.6246742812742813,-0.6341038073038074,-0.6381073232323232,-0.6413094864731229,-0.64329837183019,-0.6441371794871795,-0.6452025641025642,-0.6451111111111112,-0.6447668803418803,-0.6434555555555556,-0.6413747863247864,-0.6392000000000001,-0.63675,-0.6347858974358974,-0.6268370823620824,-0.6178514374514374,-0.6063010683760685,-0.604514763014763,-0.6008465811965812,-0.5951473193473192,-0.5873978826728827,-0.5856444444444444,-0.5924465811965813,-0.6001068376068376,-0.5946997863247864,-0.6016059829059829,-0.5959589743589744
0.11869230769230772,0.12702072649572663,0.12645085470085485,0.11707511655011671,0.11747459207459215,0.11744017094017103,0.11988760683760692,0.1238111111111111,0.10994700854700867,0.10539871794871804,0.1013418803418804,0.0946072649572649,0.07975190365190361,0.08045392385392383,0.07365260295260292,0.06942472804972802,0.06381871865508223,0.061829833298015086,0.060991025641025556,0.05992564102564101,0.060017094017093944,0.060361324786324756,0.06289059829059823,0.06795213675213674,0.06592820512820506,0.06853846153846159,0.08034230769230778,0.09074304584304599,0.09394343434343437,0.09945213675213666,0.1006134421134421,0.10982649572649568,0.11100652680652691,0.11773032245532242,0.11948376068376067,0.11268162393162384,0.10502136752136756,0.11042841880341879,0.10352222222222224,0.10916923076923077
0.9263846153846154,0.9347130341880342,0.9341431623931624,0.9247674242424244,0.9240130536130536,0.9127927350427351,0.9098876068376068,0.907913675213675,0.9045623931623933,0.900270512820513,0.8965341880341879,0.9020111111111111,0.8998801087801087,0.9009667443667444,0.8915372183372182,0.8875337024087023,0.8843315391679027,0.8823426538108357,0.881503846153846,0.8794448717948717,0.8683504273504272,0.868342094017094,0.8803905982905983,0.8842662393162394,0.8864410256410256,0.8888910256410256,0.8897653846153847,0.8868968919968919,0.9011229215229216,0.9186829059829063,0.9131134421134421,0.9179675213675214,0.9179529137529141,0.925600369075369,0.9271760683760684,0.9203739316239316,0.9127136752136752,0.9181207264957265,0.91121452991453,0.9168615384615384
-0.5992564102564103,-0.5909279914529915,-0.5914978632478631,-0.6008736013986014,-0.6004741258741259,-0.6005085470085471,-0.602932905982906,-0.6049068376068377,-0.6082581196581197,-0.61255,-0.6166068376068377,-0.6220914529914531,-0.625760916860917,-0.6246742812742813,-0.6341038073038074,-0.6381073232323232,-0.6413094864731229,-0.64329837183019,-0.6441371794871795,-0.6452025641025642,-0.6451111111111112,-0.6447668803418803,-0.6434555555555556,-0.6413747863247864,-0.6392000000000001,-0.63675,-0.6347858974358974,-0.6268370823620824,-0.6178514374514374,-0.6063010683760685,-0.604514763014763,-0.6008465811965812,-0.5951473193473192,-0.5873978826728827,-0.5856444444444444,-0.5924465811965813,-0.6001068376068376,-0.5946997863247864,-0.6016059829059829,-0.5959589743589744
0.18279487179487183,0.19112329059829072,0.19055341880341897,0.1811776806526808,0.18157715617715625,0.17385042735042744,0.16629786324786322,0.1718399572649573,0.2381521367521369,0.2457512820512821,0.230508547008547,0.22406239316239307,0.22039292929292925,0.21583853923853924,0.19922952602952593,0.19522601010101007,0.18458794942431303,0.17721444868263048,0.17637564102564093,0.1753102564102564,0.1747606837606837,0.16391901709401707,0.1642367521367521,0.16631752136752134,0.16849230769230764,0.1709423076923077,0.17399615384615394,0.19313086635586638,0.19868702408702404,0.2129617521367521,0.21599805749805748,0.2258200854700855,0.23754498834498852,0.2190123737373736,0.21563760683760683,0.20883547008547,0.2011752136752137,0.20658226495726495,0.19967606837606838,0.19506666666666653
0.4007435897435897,0.4090720085470086,0.4079252136752137,0.3873635780885781,0.38555151515151526,0.3820235042735041,0.38469529914529904,0.39712841880341887,0.425331623931624,0.436023717948718,0.45038034188034193,0.45479957264957277,0.46898267288267304,0.4899731546231547,0.48410132090132096,0.49105934343434343,0.5066392314755951,0.5109644486826305,0.5231064102564102,0.533996153846154,0.5407863247863247,0.5472523504273504,0.5378264957264957,0.5290418803418804,0.5095179487179485,0.49001282051282075,0.47861153846153864,0.4560795843045843,0.43804599844599845,0.4190514957264955,0.4076647241647242,0.39367264957264964,0.38869883449883474,0.3870572455322454,0.38871452991452987,0.38191239316239306,0.3742521367521368,0.379659188034188,0.37275299145299146,0.3784
-0.5992564102564103,-0.5909279914529915,-0.5914978632478631,-0.6008736013986014,-0.6004741258741259,-0.6005085470085471,-0.602932905982906,-0.6049068376068377,-0.6082581196581197,-0.61255,-0.6166068376068377,-0.6220914529914531,-0.625760916860917,-0.6246742812742813,-0.6341038073038074,-0.6381073232323232,-0.6413094864731229,-0.64329837183019,-0.6441371794871795,-0.6452025641025642,-0.6451111111111112,-0.6447668803418803,-0.6434555555555556,-0.6413747863247864,-0.6392000000000001,-0.63675,-0.6347858974358974,-0.6268370823620824,-0.6178514374514374,-0.6063010683760685,-0.604514763014763,-0.6008465811965812,-0.5951473193473192,-0.5873978826728827,-0.5856444444444444,-0.5924465811965813,-0.6001068376068376,-0.5946997863247864,-0.6016059829059829,-0.5959589743589744
0.3238205128205128,0.33214893162393166,0.3315790598290599,0.3222033216783217,0.32144895104895116,0.3102286324786326,0.3068747863247863,0.2915675213675213,0.2671264957264957,0.25257820512820517,0.24204700854700845,0.22435085470085453,0.20795703185703182,0.2081141802641802,0.18749875679875663,0.1812837024087024,0.1661264109627745,0.15243880765698956,0.15073461538461538,0.14966923076923086,0.14976068376068377,0.1501049145299146,0.15141623931623935,0.15349700854700862,0.1556717948717949,0.16068589743589756,0.17380384615384623,0.19957317404817396,0.20830240870240885,0.2401732905982906,0.2640749805749806,0.2837047008547009,0.3043398601398604,0.3119931429681428,0.3126247863247863,0.3170085470085469,0.3124572649572649,0.3281527777777778,0.3214709401709402,0.3271179487179487
0.6827948717948717,0.6911232905982906,0.6905534188034189,0.6811776806526807,0.68042331002331,0.6853888888888888,0.7043747863247862,0.7145162393162393,0.7227675213675213,0.7336679487179486,0.7452521367521366,0.7509213675213674,0.7669313908313907,0.773306487956488,0.7750628593628593,0.7732708818958819,0.7820238468602104,0.7913170127851946,0.7801576923076922,0.777874358974359,0.7779658119658119,0.7783100427350427,0.7796213675213675,0.7817021367521367,0.7779794871794872,0.7592435897435897,0.7478423076923076,0.7253103535353536,0.7159947163947165,0.7138912393162392,0.6935621600621601,0.6757239316239316,0.677160372960373,0.6826021173271173,0.6703811965811965,0.6575534188034187,0.6679700854700855,0.6745309829059829,0.6676247863247864,0.6732717948717949
-0.5992564102564103,-0.5909279914529915,-0.5914978632478631,-0.6008736013986014,-0.6004741258741259,-0.6005085470085471,-0.602932905982906,-0.6049068376068377,-0.6082581196581197,-0.61255,-0.6166068376068377,-0.6220914529914531,-0.625760916860917,-0.6246742812742813,-0.6341038073038074,-0.6381073232323232,-0.6413094864731229,-0.64329837183019,-0.6441371794871795,-0.6452025641025642,-0.6451111111111112,-0.6447668803418803,-0.6434555555555556,-0.6413747863247864,-0.6392000000000001,-0.63675,-0.6347858974358974,-0.6268370823620824,-0.6178514374514374,-0.6063010683760685,-0.604514763014763,-0.6008465811965812,-0.5951473193473192,-0.5873978826728827,-0.5856444444444444,-0.5924465811965813,-0.6001068376068376,-0.5946997863247864,-0.6016059829059829,-0.5959589743589744
0.38792307692307687,0.39625149572649576,0.395681623931624,0.3863058857808858,0.3867053613053613,0.38667094017094017,0.38424658119658117,0.3822726495726495,0.3789213675213675,0.3739564102564103,0.36223931623931616,0.35252393162393164,0.34372626262626266,0.3432423853923854,0.34025516705516695,0.3362516511266511,0.325613590449954,0.3182400897082715,0.317401282051282,0.3163358974358974,0.3164273504273504,0.31677158119658116,0.31808290598290595,0.32016367521367517,0.32233846153846146,0.3247884615384615,0.3278423076923076,0.34623984071484076,0.3445844599844599,0.3567758547008547,0.36952369852369843,0.37351239316239315,0.37921165501165516,0.38696109168609166,0.38871452991452987,0.38191239316239306,0.3742521367521368,0.379659188034188,0.37275299145299146,0.3784
0.9007435897435897,0.9090720085470085,0.9143995726495726,0.9119469114219115,0.912346386946387,0.9123119658119659,0.9101119658119657,0.9147566239316237,0.9172547008547007,0.9124179487179487,0.9007008547008545,0.8934854700854701,0.907059595959596,0.9017039238539238,0.8915372183372182,0.8886554972804973,0.8958700007063644,0.8832080384262202,0.881503846153846,0.8804384615384615,0.8805299145299145,0.8808741452991452,0.88218547008547,0.8842662393162394,0.8864410256410256,0.8912948717948718,0.8934833333333333,0.8980667637917639,0.8958665112665111,0.9065514957264957,0.9172801087801088,0.9186405982905982,0.9145962703962704,0.9234675019425018,0.9192273504273504,0.9080341880341879,0.911559829059829,0.9181207264957265,0.91121452991453,0.9127589743589744
-0.5992564102564103,-0.5909279914529915,-0.5914978632478631,-0.6008736013986014,-0.6004741258741259,-0.6005085470085471,-0.602932905982906,-0.6049068376068377,-0.6082581196581197,-0.61255,-0.6166068376068377,-0.6220914529914531,-0.625760916860917,-0.6246742812742813,-0.6341038073038074,-0.6381073232323232,-0.6413094864731229,-0.64329837183019,-0.6441371794871795,-0.6452025641025642,-0.6451111111111112,-0.6447668803418803,-0.6434555555555556,-0.6413747863247864,-0.6392000000000001,-0.63675,-0.6347858974358974,-0.6268370823620824,-0.6178514374514374,-0.6063010683760685,-0.604514763014763,-0.6008465811965812,-0.5951473193473192,-0.5873978826728827,-0.5856444444444444,-0.5924465811965813,-0.6001068376068376,-0.5946997863247864,-0.6016059829059829,-0.5959589743589744
0.18279487179487183,0.19112329059829072,0.19055341880341897,0.1811776806526808,0.18157715617715625,0.18154273504273513,0.17911837606837613,0.17714444444444447,0.17379316239316248,0.16950128205128215,0.16512393162393169,0.14867777777777766,0.1350083139083139,0.13173597513597513,0.12230644910644901,0.11830293317793315,0.11510076993713352,0.11311188458006637,0.11227307692307684,0.1112076923076923,0.11129914529914522,0.11164337606837603,0.11295470085470082,0.11503547008547006,0.11721025641025634,0.11966025641025642,0.12162435897435896,0.13675266122766125,0.15137933177933177,0.1629297008547008,0.1656775446775447,0.18053162393162397,0.18690396270396292,0.19465339937839943,0.1964068376068377,0.18960470085470085,0.18194444444444458,0.18735149572649581,0.18044529914529925,0.18609230769230778
-0.06079487179487176,-0.05246645299145287,-0.05303632478632463,-0.062412062937062786,-0.06201258741258733,-0.06124572649572649,-0.04761239316239323,-0.03865683760683771,-0.021078632478632515,-0.003255128205128134,0.01864957264957276,0.04547264957264948,0.07513651903651901,0.09872315462315474,0.11160132090132088,0.1397772921522921,0.14189564173200536,0.1323426538108356,0.13150384615384608,0.13043846153846153,0.13052991452991444,0.13087414529914526,0.13218547008547005,0.1342662393162393,0.1364410256410256,0.13865064102564106,0.12476538461538457,0.10146419968919965,0.06676394716394714,0.03562200854700839,0.005100621600621553,-0.01719273504273498,-0.03335244755244742,-0.037205574980575036,-0.0467341880341881,-0.05398504273504274,-0.06164529914529901,-0.056238247863247784,-0.06314444444444434,-0.057497435897435806
-0.5992564102564103,-0.5909279914529915,-0.5914978632478631,-0.6008736013986014,-0.6004741258741259,-0.6005085470085471,-0.602932905982906,-0.6049068376068377,-0.6082581196581197,-0.61255,-0.6166068376068377,-0.6220914529914531,-0.625760916860917,-0.6246742812742813,-0.6341038073038074,-0.6381073232323232,-0.6413094864731229,-0.64329837183019,-0.6441371794871795,-0.6452025641025642,-0.6451111111111112,-0.6447668803418803,-0.6434555555555556,-0.6413747863247864,-0.6392000000000001,-0.63675,-0.6347858974358974,-0.6268370823620824,-0.6178514374514374,-0.6063010683760685,-0.604514763014763,-0.6008465811965812,-0.5951473193473192,-0.5873978826728827,-0.5856444444444444,-0.5924465811965813,-0.6001068376068376,-0.5946997863247864,-0.6016059829059829,-0.5959589743589744
0.23407692307692302,0.2424053418803419,0.24183547008547016,0.232459731934732,0.23285920745920746,0.23282478632478634,0.23040042735042732,0.2283303418803419,0.21558803418803407,0.2079628205128205,0.20358547008547007,0.1871393162393161,0.18103395493395497,0.1709346930846931,0.16076798756798757,0.1567644716394717,0.15356230839867208,0.15157342304160493,0.15073461538461538,0.14966923076923086,0.14976068376068377,0.1501049145299146,0.15141623931623935,0.15349700854700862,0.1556717948717949,0.15812179487179498,0.16008589743589752,0.1752141996891998,0.18984087024087024,0.2014232905982905,0.21215190365190367,0.2196662393162393,0.2253655011655013,0.2331149378399378,0.23570170940170954,0.24008547008547,0.23322649572649576,0.238633547008547,0.23172735042735043,0.23737435897435896
-0.06079487179487176,-0.05246645299145287,-0.05303632478632463,-0.062412062937062786,-0.06201258741258733,-0.06124572649572649,-0.05203547008547014,-0.03984273504273507,-0.021078632478632515,-0.003255128205128134,0.01864957264957276,0.04547264957264948,0.07513651903651901,0.09872315462315474,0.11160132090132088,0.1397772921522921,0.15933153916790288,0.14646124355442533,0.14432435897435889,0.14325897435897433,0.14335042735042727,0.1436946581196581,0.14500598290598285,0.14708675213675212,0.1492615384615384,0.1514711538461539,0.1364961538461538,0.1020090714840715,0.06714856254856254,0.045686111111111,0.013433954933954958,-0.016519658119658123,-0.030275524475524316,-0.03406454933954942,-0.0423111111111111,-0.05398504273504274,-0.06164529914529901,-0.056238247863247784,-0.06384957264957254,-0.06938846153846147
-0.5992564102564103,-0.5909279914529915,-0.5914978632478631,-0.6008736013986014,-0.6004741258741259,-0.6005085470085471,-0.602932905982906,-0.6049068376068377,-0.6082581196581197,-0.61255,-0.6166068376068377,-0.6220914529914531,-0.625760916860917,-0.6246742812742813,-0.6341038073038074,-0.6381073232323232,-0.6413094864731229,-0.64329837183019,-0.6441371794871795,-0.6452025641025642,-0.6451111111111112,-0.6447668803418803,-0.6434555555555556,-0.6413747863247864,-0.6392000000000001,-0.63675,-0.6347858974358974,-0.6268370823620824,-0.6178514374514374,-0.6063010683760685,-0.604514763014763,-0.6008465811965812,-0.5951473193473192,-0.5873978826728827,-0.5856444444444444,-0.5924465811965813,-0.6001068376068376,-0.5946997863247864,-0.6016059829059829,-0.5959589743589744
0.1571538461538461,0.1742002136752137,0.17773290598290606,0.1683571678321679,0.16875664335664334,0.16872222222222222,0.16629786324786322,0.1642277777777777,0.15148547008547006,0.1438602564102564,0.13980341880341876,0.13306880341880337,0.11935563325563336,0.1268423271173271,0.10362055167055154,0.09907216394716392,0.09587000070636428,0.09388111534929713,0.09214487179487171,0.08471730769230772,0.07347863247863255,0.07318183760683766,0.07449316239316243,0.0765739316239317,0.07926153846153848,0.09289743589743601,0.09707307692307701,0.11620778943278946,0.12573830613830614,0.13728867521367513,0.14003651903651906,0.15489059829059834,0.1612629370629372,0.16782647630147624,0.16634273504273514,0.1639636752136751,0.15630341880341886,0.16171047008547007,0.15480427350427353,0.16045128205128206
-0.04797435897435912,-0.039645940170940225,-0.04021581196581199,-0.04959155011655014,-0.04919207459207469,-0.04842521367521367,-0.03479188034188041,-0.0278876068376069,-0.019796581196581124,0.008956410256410335,0.027623931623931588,0.04425470085470087,0.06920411810411818,0.08120567210567213,0.14249875679875684,0.14394395881895888,0.14074179557815925,0.1387529102210921,0.1469525641025642,0.2087397435897436,0.21386324786324779,0.2142074786324786,0.21430085470085466,0.20346495726495717,0.17695384615384604,0.1539551282051282,0.12265000000000005,0.08918855866355867,0.058302408702408715,0.03411559829059813,0.0015749805749806366,-0.01719273504273498,-0.03335244755244742,-0.037205574980575036,-0.0467341880341881,-0.05350427350427349,-0.04997863247863248,-0.04341773504273515,-0.051029059829059906,-0.05656794871794865
-0.5992564102564103,-0.5909279914529915,-0.5914978632478631,-0.6008736013986014,-0.6004741258741259,-0.6005085470085471,-0.602932905982906,-0.6049068376068377,-0.6082581196581197,-0.61255,-0.6166068376068377,-0.6220914529914531,-0.625760916860917,-0.6246742812742813,-0.6341038073038074,-0.6381073232323232,-0.6413094864731229,-0.64329837183019,-0.6441371794871795,-0.6452025641025642,-0.6451111111111112,-0.6447668803418803,-0.6434555555555556,-0.6413747863247864,-0.6392000000000001,-0.63675,-0.6347858974358974,-0.6268370823620824,-0.6178514374514374,-0.6063010683760685,-0.604514763014763,-0.6008465811965812,-0.5951473193473192,-0.5873978826728827,-0.5856444444444444,-0.5924465811965813,-0.6001068376068376,-0.5946997863247864,-0.6016059829059829,-0.5959589743589744
0.2597179487179487,0.26804636752136757,0.2674764957264958,0.2581007575757576,0.25850023310023307,0.258465811965812,0.256041452991453,0.2540675213675213,0.2507162393162393,0.24642435897435896,0.24236752136752132,0.23688290598290587,0.22564933954933947,0.22792187257187252,0.21205003885003876,0.2080465229215229,0.20484435968072326,0.2028554743236561,0.2020166666666666,0.20095128205128204,0.20104273504273498,0.20138696581196577,0.20269829059829056,0.2047790598290598,0.2069538461538461,0.20940384615384616,0.2113679487179487,0.2193167637917638,0.2286870240870241,0.24991688034188023,0.24997241647241653,0.252134188034188,0.26382703962703974,0.27157647630147624,0.2733299145299145,0.2665277777777777,0.2588675213675214,0.26427457264957266,0.2573683760683761,0.2630153846153846
-0.04925641025641033,-0.04604017094017092,-0.02274786324786322,-0.030360780885780734,-0.02996130536130528,-0.029995726495726398,-0.032420085470085416,-0.03415363247863258,-0.013001709401709314,0.009565384615384686,0.031470085470085396,0.057043162393162435,0.07552113442113441,0.09872315462315474,0.11160132090132088,0.1397772921522921,0.13074179557815915,0.11311188458006637,0.11227307692307684,0.1112076923076923,0.11129914529914522,0.11164337606837603,0.11295470085470082,0.11503547008547006,0.11721025641025634,0.11966025641025642,0.12162435897435896,0.10656035353535351,0.06714856254856254,0.045686111111111,0.014395493395493456,-0.00437222222222225,-0.020531934731934598,-0.024385062160062212,-0.033913675213675276,-0.041164529914530096,-0.04882478632478637,-0.04341773504273515,-0.057247008547008524,-0.057497435897435806
-0.5992564102564103,-0.5909279914529915,-0.5914978632478631,-0.6008736013986014,-0.6004741258741259,-0.6005085470085471,-0.602932905982906,-0.6049068376068377,-0.6082581196581197,-0.61255,-0.6166068376068377,-0.6220914529914531,-0.625760916860917,-0.6246742812742813,-0.6341038073038074,-0.6381073232323232,-0.6413094864731229,-0.64329837183019,-0.6441371794871795,-0.6452025641025642,-0.6451111111111112,-0.6447668803418803,-0.6434555555555556,-0.6413747863247864,-0.6392000000000001,-0.63675,-0.6347858974358974,-0.6268370823620824,-0.6178514374514374,-0.6063010683760685,-0.604514763014763,-0.6008465811965812,-0.5951473193473192,-0.5873978826728827,-0.5856444444444444,-0.5924465811965813,-0.6001068376068376,-0.5946997863247864,-0.6016059829059829,-0.5959589743589744
0.4135641025641027,0.4829181623931625,0.4697841880341881,0.41194691142191164,0.41234638694638714,0.412311965811966,0.409887606837607,0.40781752136752136,0.39507521367521375,0.39111987179487173,0.39380982905982903,0.383709829059829,0.37443139083139076,0.37022956487956493,0.3648064491064491,0.3618926767676767,0.3512546160909797,0.34388111534929716,0.3430423076923076,0.34297051282051283,0.3542478632478632,0.3552331196581196,0.3565444444444444,0.35862521367521366,0.36028717948717953,0.3541153846153847,0.36502179487179487,0.37316291763791765,0.38214856254856255,0.39369893162393155,0.39548523698523697,0.3991534188034188,0.4131277389277392,0.4708917443667445,0.4742914529914529,0.41155982905982896,0.3998931623931624,0.4053002136752137,0.3983940170940171,0.4040410256410256
0.9776666666666666,0.0967643162393162,0.2851688034188038,0.9857930652680653,0.9777310023310023,0.9879529914529916,0.9792465811965811,0.9752534188034186,0.9812290598290598,0.9735237179487181,0.9607970085470083,0.9548316239316239,0.95116216006216,0.9522487956487956,0.9428192696192695,0.9399375485625486,0.9479212827576463,0.9464452179133998,0.9456064102564101,0.9435474358974358,0.9324529914529913,0.9321561965811964,0.93468547008547,0.940612393162393,0.9497743589743589,0.9529935897435897,0.9549576923076923,0.962169327894328,0.9599690753690752,0.9706220085470085,0.9733698523698524,0.9820700854700855,0.9006801864801858,0.41828684926184806,0.4030735042735047,0.9336752136752136,0.9756623931623931,0.9822232905982906,0.9753170940170941,0.9768615384615384
-0.5992564102564103,-0.5909279914529915,-0.5914978632478631,-0.6008736013986014,-0.6004741258741259,-0.6005085470085471,-0.602932905982906,-0.6049068376068377,-0.6082581196581197,-0.61255,-0.6166068376068377,-0.6220914529914531,-0.625760916860917,-0.6246742812742813,-0.6341038073038074,-0.6381073232323232,-0.6413094864731229,-0.64329837183019,-0.6441371794871795,-0.6452025641025642,-0.6451111111111112,-0.6447668803418803,-0.6434555555555556,-0.6413747863247864,-0.6392000000000001,-0.63675,-0.6347858974358974,-0.6268370823620824,-0.6178514374514374,-0.6063010683760685,-0.604514763014763,-0.6008465811965812,-0.5951473193473192,-0.5873978826728827,-0.5856444444444444,-0.5924465811965813,-0.6001068376068376,-0.5946997863247864,-0.6016059829059829,-0.5959589743589744
0.4148461538461539,0.43000149572649565,0.42536111111111113,0.420632808857809,0.4124745920745923,0.412311965811966,0.409887606837607,0.40791367521367533,0.40456239316239334,0.400270512820513,0.39429059829059837,0.38433482905982896,0.3764185703185703,0.3753257187257187,0.3658961926961926,0.3618926767676767,0.3586905135268771,0.35670162816980994,0.3558628205128204,0.3547974358974359,0.3548888888888888,0.3552331196581196,0.3565444444444444,0.35862521367521366,0.36079999999999995,0.36325,0.36630384615384626,0.38470137917637925,0.3830459984459985,0.39369893162393155,0.39548523698523697,0.3991534188034188,0.40485268065268076,0.41260211732711727,0.41435555555555553,0.4075534188034187,0.3998931623931624,0.4053002136752137,0.3983940170940171,0.40814358974358983
0.9776666666666666,0.9903540598290599,0.9947841880341881,0.9857930652680653,0.9765771561771561,0.97641452991453,0.9739901709401709,0.9720162393162392,0.9686649572649574,0.964373076923077,0.9603162393162392,0.9548316239316239,0.95116216006216,0.94660777000777,0.9299987567987567,0.9269130730380731,0.9322866143957054,0.9333743872289324,0.9327858974358972,0.9317205128205128,0.9318119658119658,0.9288549145299145,0.9329547008547008,0.9397470085470084,0.9377230769230769,0.9403333333333334,0.9510474358974358,0.9506308663558664,0.9590716394716393,0.9706220085470085,0.972408313908314,0.9754675213675214,0.9699808857808858,0.9767046814296814,0.9784581196581197,0.9716559829059828,0.9639957264957264,0.9694027777777777,0.9624965811965813,0.9681435897435896
-0.5992564102564103,-0.5909279914529915,-0.5914978632478631,-0.6008736013986014,-0.6004741258741259,-0.6005085470085471,-0.602932905982906,-0.6049068376068377,-0.6082581196581197,-0.61255,-0.6166068376068377,-0.6220914529914531,-0.625760916860917,-0.6246742812742813,-0.6341038073038074,-0.6381073232323232,-0.6413094864731229,-0.64329837183019,-0.6441371794871795,-0.6452025641025642,-0.6451111111111112,-0.6447668803418803,-0.6434555555555556,-0.6413747863247864,-0.6392000000000001,-0.63675,-0.6347858974358974,-0.6268370823620824,-0.6178514374514374,-0.6063010683760685,-0.604514763014763,-0.6008465811965812,-0.5951473193473192,-0.5873978826728827,-0.5856444444444444,-0.5924465811965813,-0.6001068376068376,-0.5946997863247864,-0.6016059829059829,-0.5959589743589744
0.38792307692307687,0.39625149572649576,0.395681623931624,0.3863058857808858,0.3867053613053613,0.3874722222222222,0.39889401709401706,0.40526944444444424,0.39199829059829056,0.38378012820512825,0.3710534188034187,0.3650880341880341,0.3605211344211345,0.3560628982128982,0.35025516705516696,0.3375337024087023,0.33792128275764644,0.33106060252878433,0.3302217948717948,0.32915641025641024,0.32924786324786315,0.329592094017094,0.3309034188034188,0.33211880341880345,0.3284923076923077,0.3377692307692308,0.34957307692307676,0.35960522533022543,0.3574049728049729,0.36956431623931607,0.37336985236985243,0.3729034188034188,0.36741678321678334,0.37414057886557883,0.3767273504273504,0.375982905982906,0.361431623931624,0.36789636752136745,0.37147094017094023,0.37061153846153844
0.9135641025641025,0.9218925213675214,0.9272200854700855,0.9247674242424244,0.9251668997668998,0.9251324786324787,0.9227081196581196,0.9207341880341878,0.9184085470085469,0.9216326923076923,0.911438034188034,0.9099438034188034,0.9096236985236985,0.9073449494949495,0.9041654234654234,0.8912195998445998,0.8892033340396975,0.8823426538108357,0.881503846153846,0.8804384615384615,0.8805299145299145,0.8808741452991452,0.88218547008547,0.8916059829059828,0.8925948717948717,0.9017115384615385,0.903675641025641,0.9046460178710177,0.9098525252525255,0.9193399572649573,0.9211262626262626,0.92418547008547,0.9186988344988345,0.9254226301476302,0.9280094017094017,0.9275053418803418,0.9197008547008548,0.9308290598290597,0.9240350427350429,0.9255794871794871
-0.5992564102564103,-0.5909279914529915,-0.5914978632478631,-0.6008736013986014,-0.6004741258741259,-0.6005085470085471,-0.602932905982906,-0.6049068376068377,-0.6082581196581197,-0.61255,-0.6166068376068377,-0.6220914529914531,-0.625760916860917,-0.6246742812742813,-0.6341038073038074,-0.6381073232323232,-0.6413094864731229,-0.64329837183019,-0.6441371794871795,-0.6452025641025642,-0.6451111111111112,-0.6447668803418803,-0.6434555555555556,-0.6413747863247864,-0.6392000000000001,-0.63675,-0.6347858974358974,-0.6268370823620824,-0.6178514374514374,-0.6063010683760685,-0.604514763014763,-0.6008465811965812,-0.5951473193473192,-0.5873978826728827,-0.5856444444444444,-0.5924465811965813,-0.6001068376068376,-0.5946997863247864,-0.6016059829059829,-0.5959589743589744
0.08023076923076917,0.08855918803418807,0.0879893162393163,0.07861357808857815,0.07901305361305361,0.07897863247863249,0.07655427350427346,0.07458034188034181,0.07122905982905983,0.06693717948717949,0.06288034188034185,0.05677072649572642,0.04327754467754465,0.04763341103341107,0.04538337218337209,0.041379856254856226,0.03074179557815927,0.023368294836476712,0.02252948717948719,0.022457692307692394,0.033094017094017096,0.026483119658119645,0.03596752136752129,0.03811239316239314,0.04028717948717942,0.0427371794871795,0.044701282051282036,0.05191291763791766,0.04971266511266519,0.06036559829059831,0.062151903651903734,0.06582008547008555,0.07151934731934755,0.07926878399378404,0.0810222222222223,0.07422008547008548,0.0665598290598292,0.07196688034188042,0.06506068376068387,0.0707076923076924
0.9776666666666666,0.9859950854700855,0.9854252136752137,0.9760494755244756,0.9764489510489511,0.97641452991453,0.9739901709401709,0.9720162393162392,0.9686649572649574,0.964373076923077,0.9603162393162392,0.9548316239316239,0.95116216006216,0.9522487956487956,0.9428192696192695,0.9388157536907537,0.9356135904499541,0.933624705092887,0.9327858974358972,0.9317205128205128,0.9318119658119658,0.9321561965811964,0.9334675213675212,0.9355482905982907,0.9377230769230769,0.940173076923077,0.9421371794871795,0.9500859945609946,0.9590716394716393,0.9706220085470085,0.972408313908314,0.9760764957264957,0.9817757575757577,0.9895251942501943,0.9912786324786325,0.9844764957264956,0.9768162393162393,0.9822232905982906,0.9753170940170941,0.9809641025641025
-0.5992564102564103,-0.5909279914529915,-0.5914978632478631,-0.6008736013986014,-0.6004741258741259,-0.6005085470085471,-0.602932905982906,-0.6049068376068377,-0.6082581196581197,-0.61255,-0.6166068376068377,-0.6220914529914531,-0.625760916860917,-0.6246742812742813,-0.6341038073038074,-0.6381073232323232,-0.6413094864731229,-0.64329837183019,-0.6441371794871795,-0.6452025641025642,-0.6451111111111112,-0.6447668803418803,-0.6434555555555556,-0.6413747863247864,-0.6392000000000001,-0.63675,-0.6347858974358974,-0.6268370823620824,-0.6178514374514374,-0.6063010683760685,-0.604514763014763,-0.6008465811965812,-0.5951473193473192,-0.5873978826728827,-0.5856444444444444,-0.5924465811965813,-0.6001068376068376,-0.5946997863247864,-0.6016059829059829,-0.5959589743589744
0.06741025641025644,0.07573867521367535,0.07516880341880358,0.06579306526806541,0.06619254079254087,0.06615811965811975,0.06373376068376074,0.06175982905982908,0.0584085470085471,0.05411666666666676,0.050059829059829114,0.044575213675213665,0.04090574980574985,0.041992385392385465,0.03256285936285936,0.028559343434343496,0.025357180193543865,0.023368294836476712,0.02252948717948719,0.021464102564102642,0.021555555555555574,0.021899786324786383,0.023211111111111158,0.025291880341880412,0.027466666666666695,0.02991666666666677,0.03188076923076931,0.03982958430458439,0.048815229215229294,0.06036559829059831,0.062151903651903734,0.06582008547008555,0.07151934731934755,0.07926878399378404,0.0810222222222223,0.07422008547008548,0.0665598290598292,0.07196688034188042,0.06506068376068387,0.0707076923076924
0.9776666666666666,0.9859950854700855,0.9854252136752137,0.9760494755244756,0.9764489510489511,0.97641452991453,0.9739901709401709,0.9720162393162392,0.9686649572649574,0.964373076923077,0.9603162393162392,0.9548316239316239,0.95116216006216,0.951785508935509,0.9427202020202018,0.9388157536907537,0.9356135904499541,0.933624705092887,0.9327858974358972,0.9317205128205128,0.9318119658119658,0.9321561965811964,0.9334675213675212,0.9355482905982907,0.9377230769230769,0.940173076923077,0.9415923076923076,0.9435795843045844,0.9466998445998445,0.9578014957264958,0.9605493395493395,0.9754034188034189,0.9784424242424242,0.9768008352758352,0.9784581196581197,0.9716559829059828,0.9639957264957264,0.9694027777777777,0.9624965811965813,0.9681435897435896
-0.5992564102564103,-0.5909279914529915,-0.5914978632478631,-0.6008736013986014,-0.6004741258741259,-0.6005085470085471,-0.602932905982906,-0.6049068376068377,-0.6082581196581197,-0.61255,-0.6166068376068377,-0.6220914529914531,-0.625760916860917,-0.6246742812742813,-0.6341038073038074,-0.6381073232323232,-0.6413094864731229,-0.64329837183019,-0.6441371794871795,-0.6452025641025642,-0.6451111111111112,-0.6447668803418803,-0.6434555555555556,-0.6413747863247864,-0.6392000000000001,-0.63675,-0.6347858974358974,-0.6268370823620824,-0.6178514374514374,-0.6063010683760685,-0.604514763014763,-0.6008465811965812,-0.5951473193473192,-0.5873978826728827,-0.5856444444444444,-0.5924465811965813,-0.6001068376068376,-0.5946997863247864,-0.6016059829059829,-0.5959589743589744
0.13151282051282054,0.13984123931623943,0.13927136752136768,0.1298956293706295,0.13029510489510499,0.13026068376068387,0.13270811965811974,0.1366316239316239,0.1227675213675215,0.11821923076923085,0.11416239316239321,0.10742777777777772,0.09257241647241653,0.09327443667443674,0.08384491064491065,0.07984139471639477,0.07663923147559515,0.074650346118528,0.07381153846153847,0.07274615384615392,0.07283760683760686,0.07347029914529922,0.08551880341880345,0.0811893162393163,0.07926153846153848,0.09289743589743601,0.0959833333333334,0.10356355866355872,0.1069562548562548,0.11804188034188028,0.11535703185703183,0.11710213675213683,0.12280139860139883,0.13055083527583533,0.13230427350427357,0.12550213675213676,0.11784188034188048,0.12430662393162405,0.12166324786324796,0.12198974358974368
0.9392051282051281,0.9475335470085471,0.9469636752136753,0.9368099650349652,0.9362391608391607,0.9256132478632478,0.9227081196581196,0.9206380341880341,0.9089213675213677,0.9124820512820512,0.9090341880341879,0.9047995726495726,0.9038544677544678,0.9015116161616162,0.9004474747474746,0.8876939588189589,0.8843315391679027,0.8823426538108357,0.883298717948718,0.8919769230769231,0.8811709401709401,0.8808741452991452,0.88218547008547,0.8842662393162394,0.8864410256410256,0.8888910256410256,0.8908551282051282,0.8988039432789433,0.9077895881895881,0.9193399572649573,0.9209514374514374,0.9237047008547011,0.9271603729603729,0.9255187839937838,0.9280094017094017,0.9323931623931623,0.925534188034188,0.9309412393162393,0.9240350427350429,0.9296820512820512
-0.5992564102564103,-0.5909279914529915,-0.5914978632478631,-0.6008736013986014,-0.6004741258741259,-0.6005085470085471,-0.602932905982906,-0.6049068376068377,-0.6082581196581197,-0.61255,-0.6166068376068377,-0.6220914529914531,-0.625760916860917,-0.6246742812742813,-0.6341038073038074,-0.6381073232323232,-0.6413094864731229,-0.64329837183019,-0.6441371794871795,-0.6452025641025642,-0.6451111111111112,-0.6447668803418803,-0.6434555555555556,-0.6413747863247864,-0.6392000000000001,-0.63675,-0.6347858974358974,-0.6268370823620824,-0.6178514374514374,-0.6063010683760685,-0.604514763014763,-0.6008465811965812,-0.5951473193473192,-0.5873978826728827,-0.5856444444444444,-0.5924465811965813,-0.6001068376068376,-0.5946997863247864,-0.6016059829059829,-0.5959589743589744
