0.2273962264150942,0.2273408805031445,0.22764276729559735,0.22713962264150936,0.23258364779874205,0.24045283018867916,0.23641006289308175,0.23643522012578624,0.24423396226415084,0.24175597484276726,0.23522012578616355,0.22811069182389934,0.2226364779874213,0.2138817610062894,0.2110389937106919,0.21020125786163524,0.20842264150943393,0.20668679245283017,0.20407044025157234,0.2032880503144653,0.20228930817610064,0.20182641509433955,0.2027270440251573,0.20622893081761015,0.21005283018867932,0.2145157232704402,0.21885786163522009,0.21841006289308187,0.21106415094339634,0.21617610062893092,0.22276729559748423,0.22743144654088046,0.21588427672955968,0.21625660377358472,0.21690817610062893,0.21642767295597465,0.21707672955974833,0.21738616352201234,0.21647044025157228,0.21625660377358472
-0.055622641509433905,-0.055677987421383614,-0.05537610062893075,-0.05436981132075456,-0.040623899371069264,-0.04067924528301891,-0.027363522012578637,-0.014885534591194955,-0.0055773584905661104,0.005152201257861604,0.027672955974842803,0.06169559748427671,0.09508930817610071,0.14218364779874226,0.1544352201257864,0.15359748427672973,0.1518188679245284,0.15008301886792466,0.1474666666666668,0.1466842767295598,0.1513459119496855,0.19843018867924522,0.18499119496855357,0.17188930817610057,0.15382641509433975,0.13904402515723277,0.11319748427672949,0.08746666666666669,0.06351698113207559,0.03881761006289306,0.015220125786163488,0.001771069182389943,-0.010908176100629004,-0.024120754716981156,-0.02837484276729547,-0.02885534591194976,-0.028206289308176077,-0.027896855345912044,-0.028812578616352127,-0.02902641509433968
-0.5839245283018868,-0.5839798742138365,-0.5836779874213837,-0.5841811320754716,-0.5866616352201259,-0.5897358490566038,-0.5937786163522013,-0.5986591194968554,-0.604445283018868,-0.6073006289308177,-0.6138364779874214,-0.6209459119496855,-0.6264201257861636,-0.6351748427672955,-0.638017610062893,-0.6388553459119497,-0.6406339622641509,-0.6423698113207548,-0.6449861635220125,-0.6457685534591195,-0.6467672955974842,-0.6472301886792453,-0.6463295597484277,-0.6428276729559748,-0.6390037735849056,-0.6345408805031447,-0.6301987421383648,-0.6257408805031446,-0.6195018867924528,-0.6140125786163522,-0.6074213836477987,-0.6016251572327044,-0.5969459119496856,-0.5950641509433963,-0.5944125786163521,-0.5948930817610064,-0.5942440251572327,-0.5939345911949686,-0.5948503144654087,-0.5950641509433963
0.2273962264150942,0.2273408805031445,0.22764276729559735,0.22713962264150936,0.2246591194968551,0.22158490566037714,0.21754213836477973,0.21756729559748436,0.22536603773584896,0.22288805031446537,0.21635220125786167,0.20924276729559746,0.2037685534591194,0.1950138364779875,0.19217106918239002,0.19133333333333336,0.18955471698113205,0.1878188679245283,0.18520251572327046,0.18442012578616343,0.18342138364779875,0.18295849056603766,0.1838591194968554,0.18736100628930824,0.1911849056603774,0.1937610062893081,0.19168805031446542,0.18708930817610067,0.19181886792452824,0.1973081761006289,0.2038993710691822,0.2096955974842766,0.2143748427672954,0.21625660377358472,0.21690817610062893,0.21642767295597465,0.21707672955974833,0.21738616352201234,0.21647044025157228,0.21625660377358472
0.05758490566037735,0.05752955974842764,0.0578314465408805,0.057328301886792506,0.05560251572327032,0.06875471698113197,0.06773081761006293,0.0839823899371069,0.09329056603773575,0.09949182389937104,0.12201257861635224,0.14395974842767306,0.15244779874213843,0.17237232704402516,0.1989635220125787,0.21208805031446545,0.2265358490566039,0.2304603773584908,0.24142893081761002,0.24102389937106924,0.24002515723270454,0.23843018867924531,0.22272704402515747,0.2111345911949686,0.2013735849056603,0.17866666666666664,0.16904654088050308,0.14897610062893107,0.13861132075471702,0.11504402515723267,0.10767295597484271,0.08629937106918241,0.08229937106918234,0.08418113207547165,0.08483270440251585,0.08435220125786157,0.08500125786163525,0.08531069182389928,0.0843949685534592,0.08418113207547165
-0.5839245283018868,-0.5839798742138365,-0.5836779874213837,-0.5841811320754716,-0.5866616352201259,-0.5897358490566038,-0.5937786163522013,-0.5986591194968554,-0.604445283018868,-0.6073006289308177,-0.6138364779874214,-0.6209459119496855,-0.6264201257861636,-0.6351748427672955,-0.638017610062893,-0.6388553459119497,-0.6406339622641509,-0.6423698113207548,-0.6449861635220125,-0.6457685534591195,-0.6467672955974842,-0.6472301886792453,-0.6463295597484277,-0.6428276729559748,-0.6390037735849056,-0.6345408805031447,-0.6301987421383648,-0.6257408805031446,-0.6195018867924528,-0.6140125786163522,-0.6074213836477987,-0.6016251572327044,-0.5969459119496856,-0.5950641509433963,-0.5944125786163521,-0.5948930817610064,-0.5942440251572327,-0.5939345911949686,-0.5948503144654087,-0.5950641509433963
0.13305660377358489,0.1330012578616352,0.13330314465408805,0.13280000000000006,0.1303194968553458,0.12913207547169808,0.14131572327044026,0.13718993710691824,0.13140377358490563,0.12854842767295593,0.12201257861635224,0.11490314465408803,0.10942893081760997,0.10067421383647807,0.09783144654088059,0.09699371069182393,0.09521509433962261,0.09347924528301886,0.09086289308176101,0.090080503144654,0.08908176100628931,0.08861886792452822,0.08951949685534598,0.09302138364779881,0.09684528301886798,0.10130817610062887,0.10565031446540876,0.11010817610062901,0.11634716981132082,0.12108176100628941,0.11144654088050314,0.1153559748427673,0.12003522012578612,0.12191698113207541,0.12256855345911963,0.12208805031446533,0.12273710691823901,0.12304654088050306,0.12213081761006296,0.12191698113207541
0.038716981132075466,0.03866163522012575,0.039340880503144715,0.052422641509434056,0.05484779874213826,0.05177358490566031,0.058674213836477945,0.06700125786163523,0.08838490566037743,0.09156729559748435,0.10314465408805049,0.12509182389937104,0.13395723270440238,0.1659572327044026,0.173303144654088,0.17246540880503133,0.17068679245283003,0.16895094339622627,0.16633459119496843,0.1655522012578614,0.16455345911949673,0.16409056603773564,0.1744251572327046,0.19151194968553464,0.1825056603773584,0.15979874213836473,0.1513106918238995,0.14256100628930823,0.12012075471698125,0.10334591194968568,0.09069182389937104,0.07724276729559743,0.06494088050314457,0.06531320754716975,0.0652100628930819,0.048503144654088004,0.04726540880503147,0.047574842767295504,0.04665911949685542,0.04644528301886787
-0.5839245283018868,-0.5839798742138365,-0.5836779874213837,-0.5841811320754716,-0.5866616352201259,-0.5897358490566038,-0.5937786163522013,-0.5986591194968554,-0.604445283018868,-0.6073006289308177,-0.6138364779874214,-0.6209459119496855,-0.6264201257861636,-0.6351748427672955,-0.638017610062893,-0.6388553459119497,-0.6406339622641509,-0.6423698113207548,-0.6449861635220125,-0.6457685534591195,-0.6467672955974842,-0.6472301886792453,-0.6463295597484277,-0.6428276729559748,-0.6390037735849056,-0.6345408805031447,-0.6301987421383648,-0.6257408805031446,-0.6195018867924528,-0.6140125786163522,-0.6074213836477987,-0.6016251572327044,-0.5969459119496856,-0.5950641509433963,-0.5944125786163521,-0.5948930817610064,-0.5942440251572327,-0.5939345911949686,-0.5948503144654087,-0.5950641509433963
0.019849056603773577,0.019793710691823865,0.02009559748427673,0.019592452830188734,0.017111949685534485,0.014037735849056533,0.011127044025157264,0.02247295597484279,0.018196226415094295,0.02326540880503143,0.027672955974842803,0.0205635220125786,0.015089308176100543,0.006334591194968627,0.0034918238993711537,0.0026540880503144915,0.0008754716981131781,-0.0008603773584905718,-0.0034767295597484134,-0.00425911949685543,-0.005257861635220117,-0.005720754716981206,-0.0048201257861634605,-0.0013182389937106136,0.0025056603773585496,0.006968553459119433,0.011310691823899332,0.010862893081761117,0.003516981132075587,0.008628930817610151,0.015220125786163488,0.010072955974842798,0.006827672955974795,0.008709433962264097,0.009361006289308301,0.008880503144654014,0.009529559748427697,0.009838993710691728,0.008923270440251645,0.008709433962264097
-0.11222641509433963,-0.11228176100628934,-0.11197987421383648,-0.11248301886792447,-0.11420880503144666,-0.10105660377358501,-0.10208050314465413,-0.0903572327044025,-0.08104905660377366,-0.07031949685534587,-0.045911949685534525,0.00433710691823912,0.03886289308176102,0.09954213836478004,0.11669937106918248,0.11586163522012581,0.1140830188679245,0.11234716981132074,0.10973081761006291,0.11196729559748413,0.17587421383647803,0.17692075471698104,0.1653685534591196,0.1530213836477987,0.13495849056603784,0.12017610062893075,0.0943295597484276,0.06822138364779884,0.03068679245283013,0.0010817610062892895,-0.02062893081761007,-0.038606289308176105,-0.05468176100628919,-0.06638490566037736,-0.06611069182389918,-0.06659119496855347,-0.06594213836477979,-0.06563270440251576,-0.06654842767295584,-0.06676226415094338
-0.5839245283018868,-0.5839798742138365,-0.5836779874213837,-0.5841811320754716,-0.5866616352201259,-0.5897358490566038,-0.5937786163522013,-0.5986591194968554,-0.604445283018868,-0.6073006289308177,-0.6138364779874214,-0.6209459119496855,-0.6264201257861636,-0.6351748427672955,-0.638017610062893,-0.6388553459119497,-0.6406339622641509,-0.6423698113207548,-0.6449861635220125,-0.6457685534591195,-0.6467672955974842,-0.6472301886792453,-0.6463295597484277,-0.6428276729559748,-0.6390037735849056,-0.6345408805031447,-0.6301987421383648,-0.6257408805031446,-0.6195018867924528,-0.6140125786163522,-0.6074213836477987,-0.6016251572327044,-0.5969459119496856,-0.5950641509433963,-0.5944125786163521,-0.5948930817610064,-0.5942440251572327,-0.5939345911949686,-0.5948503144654087,-0.5950641509433963
-0.055622641509433905,-0.055677987421383614,-0.05537610062893075,-0.05587924528301875,-0.058359748427673,-0.05954716981132073,-0.04736352201257861,-0.04658364779874212,-0.03878490566037739,-0.03333836477987423,-0.02893081761006279,-0.036040251572326994,-0.04151446540880505,-0.05026918238993697,-0.05311194968553444,-0.053949685534591105,-0.05572830188679242,-0.057464150943396165,-0.060080503144654004,-0.06086289308176102,-0.06186163522012571,-0.0623245283018868,-0.06180125786163508,-0.07037484276729553,-0.055984905660377324,-0.0666163522012579,-0.06416100628930821,-0.05970314465408798,-0.05346415094339617,-0.04872955974842757,-0.058364779874213846,-0.06539874213836475,-0.06864402515723268,-0.06676226415094338,-0.06611069182389918,-0.06659119496855347,-0.06594213836477979,-0.06563270440251576,-0.06654842767295584,-0.06676226415094338
-0.2820377358490566,-0.28209308176100634,-0.2817911949685535,-0.28229433962264144,-0.28402012578616365,-0.27086792452830194,-0.2730238993710692,-0.2722440251572326,-0.23727547169811322,-0.22126289308176103,-0.19685534591194961,-0.1564176100628931,-0.10340125786163512,-0.0004578616352200418,0.02235974842767304,0.021522012578616377,0.019743396226415064,0.01989433962264153,0.0852025157232705,0.11687295597484272,0.12681761006289322,0.11541132075471694,0.10310440251572331,0.07792704402515736,0.05156226415094348,0.023949685534591106,-0.018123270440251655,-0.044986163522012484,-0.08252075471698113,-0.11288050314465409,-0.15459119496855342,-0.19709685534591193,-0.21845534591194976,-0.2316679245283019,-0.23592201257861622,-0.2364025157232705,-0.23575345911949683,-0.2354440251572328,-0.23635974842767288,-0.23657358490566044
-0.5839245283018868,-0.5839798742138365,-0.5836779874213837,-0.5841811320754716,-0.5866616352201259,-0.5897358490566038,-0.5937786163522013,-0.5986591194968554,-0.604445283018868,-0.6073006289308177,-0.6138364779874214,-0.6209459119496855,-0.6264201257861636,-0.6351748427672955,-0.638017610062893,-0.6388553459119497,-0.6406339622641509,-0.6423698113207548,-0.6449861635220125,-0.6457685534591195,-0.6467672955974842,-0.6472301886792453,-0.6463295597484277,-0.6428276729559748,-0.6390037735849056,-0.6345408805031447,-0.6301987421383648,-0.6257408805031446,-0.6195018867924528,-0.6140125786163522,-0.6074213836477987,-0.6016251572327044,-0.5969459119496856,-0.5950641509433963,-0.5944125786163521,-0.5948930817610064,-0.5942440251572327,-0.5939345911949686,-0.5948503144654087,-0.5950641509433963
0.32173584905660374,0.31073710691823914,0.30311446540880516,0.3041207547169813,0.310696855345912,0.31403773584905664,0.3118817610062893,0.30700125786163524,0.3012150943396226,0.2991144654088051,0.30880503144654103,0.3035823899371069,0.29810817610062884,0.28935345911949695,0.28651069182389943,0.28567295597484277,0.2838943396226415,0.28215849056603776,0.27954213836477987,0.27875974842767287,0.27776100628930817,0.2761660377358489,0.2608402515723271,0.2628327044025158,0.26665660377358497,0.27111949685534587,0.27546163522012573,0.279919496855346,0.2861584905660378,0.2916477987421385,0.2982389937106918,0.2930918238993712,0.2898465408805032,0.29172830188679255,0.2923798742138367,0.29189937106918246,0.29254842767295614,0.29285786163522015,0.29194213836478006,0.29172830188679255
0.05758490566037735,0.05752955974842764,0.0578314465408805,0.057328301886792506,0.06277232704402508,0.07064150943396219,0.07754213836477983,0.08586918238993711,0.10725283018867932,0.11835974842767293,0.1408805031446541,0.16282767295597494,0.17131572327044017,0.19124025157232707,0.2178314465408807,0.23095597484276748,0.24540377358490578,0.24932830188679267,0.2602968553459119,0.259891823899371,0.2588930817610063,0.24748679245283028,0.24008553459119497,0.22849308176100636,0.2104301886792454,0.1956477987421383,0.1807446540880502,0.16293836477987422,0.14049811320754724,0.13202515723270433,0.11144654088050314,0.10328050314465408,0.08380880503144646,0.08418113207547165,0.0840779874213838,0.06737106918238989,0.06613333333333335,0.0664427672955974,0.0655270440251573,0.06531320754716975
-0.5839245283018868,-0.5839798742138365,-0.5836779874213837,-0.5841811320754716,-0.5866616352201259,-0.5897358490566038,-0.5937786163522013,-0.5986591194968554,-0.604445283018868,-0.6073006289308177,-0.6138364779874214,-0.6209459119496855,-0.6264201257861636,-0.6351748427672955,-0.638017610062893,-0.6388553459119497,-0.6406339622641509,-0.6423698113207548,-0.6449861635220125,-0.6457685534591195,-0.6467672955974842,-0.6472301886792453,-0.6463295597484277,-0.6428276729559748,-0.6390037735849056,-0.6345408805031447,-0.6301987421383648,-0.6257408805031446,-0.6195018867924528,-0.6140125786163522,-0.6074213836477987,-0.6016251572327044,-0.5969459119496856,-0.5950641509433963,-0.5944125786163521,-0.5948930817610064,-0.5942440251572327,-0.5939345911949686,-0.5948503144654087,-0.5950641509433963
0.453811320754717,0.45375597484276725,0.4540578616352201,0.45355471698113214,0.4589987421383647,0.46686792452830195,0.4737685534591196,0.47681257861635234,0.47102641509433973,0.46817106918239004,0.46163522012578634,0.4545257861635221,0.44905157232704407,0.4402968553459122,0.43745408805031466,0.436616352201258,0.4348377358490567,0.433101886792453,0.4304855345911951,0.4297031446540881,0.4287044025157234,0.42824150943396233,0.42914213836478005,0.43264402515723294,0.4364679245283021,0.440930817610063,0.44527295597484284,0.4497308176100631,0.45446037735849076,0.44372327044025184,0.449182389937107,0.45384654088050325,0.4422993710691823,0.4426716981132075,0.4433232704402517,0.4428427672955974,0.4434918238993711,0.4438012578616351,0.44288553459119506,0.4426716981132075
-0.09147169811320753,-0.07530062893081763,-0.0742440251572327,-0.07323773584905659,-0.05873710691823909,-0.04445283018867934,-0.03453333333333333,-0.009979874213836434,0.01291320754716988,0.03194465408805031,0.06635220125786162,0.10301635220125793,0.14395723270440267,0.18425911949685556,0.18273710691823922,0.18189937106918255,0.21898867924528317,0.25555471698113214,0.260485534591195,0.259891823899371,0.2588930817610063,0.2572981132075472,0.24159496855345935,0.22849308176100636,0.20250566037735857,0.17677987421383642,0.1509333333333334,0.12520251572327046,0.10125283018867935,0.07655345911949697,0.05295597484276726,0.018752201257861683,0.001544654088050178,-0.023743396226415126,-0.036299371069182365,-0.047723270440251646,-0.04707421383647797,-0.04676477987421393,-0.04768050314465402,-0.047894339622641564
-0.5839245283018868,-0.5839798742138365,-0.5836779874213837,-0.5841811320754716,-0.5866616352201259,-0.5897358490566038,-0.5937786163522013,-0.5986591194968554,-0.604445283018868,-0.6073006289308177,-0.6138364779874214,-0.6209459119496855,-0.6264201257861636,-0.6351748427672955,-0.638017610062893,-0.6388553459119497,-0.6406339622641509,-0.6423698113207548,-0.6449861635220125,-0.6457685534591195,-0.6467672955974842,-0.6472301886792453,-0.6463295597484277,-0.6428276729559748,-0.6390037735849056,-0.6345408805031447,-0.6301987421383648,-0.6257408805031446,-0.6195018867924528,-0.6140125786163522,-0.6074213836477987,-0.6016251572327044,-0.5969459119496856,-0.5950641509433963,-0.5944125786163521,-0.5948930817610064,-0.5942440251572327,-0.5939345911949686,-0.5948503144654087,-0.5950641509433963
0.5670188679245284,0.5669635220125787,0.5672654088050316,0.5682716981132077,0.5820176100628931,0.5819622641509434,0.5941459119496856,0.5949257861635222,0.6027245283018867,0.6010012578616353,0.6106918238993713,0.6054691823899371,0.599994968553459,0.5912402515723271,0.5883974842767297,0.587559748427673,0.5857811320754717,0.5840452830188679,0.58142893081761,0.580646540880503,0.5796477987421383,0.5791849056603773,0.5797081761006291,0.5711345911949687,0.5862792452830189,0.5918742138364779,0.5852729559748427,0.5818062893081761,0.5880452830188679,0.5856100628930818,0.5812578616352201,0.5761106918238995,0.5724880503144653,0.5607849056603774,0.5565308176100632,0.5560503144654089,0.5566993710691825,0.5570088050314466,0.5560930817610065,0.5558792452830189
-0.24430188679245285,-0.2334138364779875,-0.2251874213836478,-0.2241811320754717,-0.2096805031446542,-0.19350943396226422,-0.16623144654088046,-0.1243194968553459,-0.08633207547169808,-0.06164025157232706,-0.010062893081760971,0.03226163522012585,0.07527798742138365,0.14425911949685546,0.1638691823899372,0.16303144654088053,0.16125283018867922,0.18159245283018885,0.24010817610062887,0.24102389937106924,0.24002515723270454,0.23843018867924531,0.21782138364779874,0.19113459119496867,0.1647698113207548,0.13904402515723277,0.10225408805031443,0.06822138364779884,0.03068679245283013,0.0003270440251572302,-0.039496855345911956,-0.0767194968553459,-0.1101534591194969,-0.13846037735849062,-0.1593182389937106,-0.1609308176100629,-0.16028176100628921,-0.1599723270440252,-0.16088805031446526,-0.16110188679245283
-0.5839245283018868,-0.5839798742138365,-0.5836779874213837,-0.5841811320754716,-0.5866616352201259,-0.5897358490566038,-0.5937786163522013,-0.5986591194968554,-0.604445283018868,-0.6073006289308177,-0.6138364779874214,-0.6209459119496855,-0.6264201257861636,-0.6351748427672955,-0.638017610062893,-0.6388553459119497,-0.6406339622641509,-0.6423698113207548,-0.6449861635220125,-0.6457685534591195,-0.6467672955974842,-0.6472301886792453,-0.6463295597484277,-0.6428276729559748,-0.6390037735849056,-0.6345408805031447,-0.6301987421383648,-0.6257408805031446,-0.6195018867924528,-0.6140125786163522,-0.6074213836477987,-0.6016251572327044,-0.5969459119496856,-0.5950641509433963,-0.5944125786163521,-0.5948930817610064,-0.5942440251572327,-0.5939345911949686,-0.5948503144654087,-0.5950641509433963
0.1896603773584907,0.18960503144654098,0.18990691823899383,0.18940377358490584,0.1869232704402516,0.18384905660377365,0.17980628930817621,0.17492578616352214,0.16913962264150953,0.16628427672955984,0.15974842767295613,0.15263899371069195,0.1471647798742139,0.13841006289308197,0.13556729559748448,0.13472955974842785,0.1329509433962265,0.13121509433962278,0.12859874213836492,0.12781635220125792,0.12681761006289322,0.12635471698113213,0.12725534591194987,0.13075723270440273,0.1345811320754719,0.13904402515723277,0.14338616352201267,0.1478440251572329,0.15408301886792472,0.15957232704402538,0.16616352201257872,0.1719597484276731,0.17663899371069192,0.1785207547169812,0.17917232704402541,0.17869182389937113,0.1793408805031448,0.17965031446540886,0.17873459119496876,0.1785207547169812
0.39720754716981144,0.3971522012578617,0.3974540880503146,0.3969509433962266,0.39447044025157235,0.3913962264150944,0.387353459119497,0.382850314465409,0.3906490566037737,0.3934540880503145,0.40314465408805045,0.3979220125786163,0.3973534591194969,0.40218364779874216,0.3997182389937108,0.4007672955974843,0.4152150943396228,0.41423396226415105,0.4116176100628932,0.4108352201257862,0.4098364779874215,0.40937358490566045,0.41027421383647816,0.41377610062893105,0.41684528301886814,0.4050817610062893,0.40753710691823897,0.4116176100628931,0.40427169811320757,0.4041006289308177,0.39446540880503145,0.3972427672955976,0.3856955974842768,0.38606792452830196,0.38747421383647823,0.4013333333333335,0.3876427672955976,0.3871974842767296,0.3862817610062895,0.3939924528301888
-0.5839245283018868,-0.5839798742138365,-0.5836779874213837,-0.5841811320754716,-0.5866616352201259,-0.5897358490566038,-0.5937786163522013,-0.5986591194968554,-0.604445283018868,-0.6073006289308177,-0.6138364779874214,-0.6209459119496855,-0.6264201257861636,-0.6351748427672955,-0.638017610062893,-0.6388553459119497,-0.6406339622641509,-0.6423698113207548,-0.6449861635220125,-0.6457685534591195,-0.6467672955974842,-0.6472301886792453,-0.6463295597484277,-0.6428276729559748,-0.6390037735849056,-0.6345408805031447,-0.6301987421383648,-0.6257408805031446,-0.6195018867924528,-0.6140125786163522,-0.6074213836477987,-0.6016251572327044,-0.5969459119496856,-0.5950641509433963,-0.5944125786163521,-0.5948930817610064,-0.5942440251572327,-0.5939345911949686,-0.5948503144654087,-0.5950641509433963
0.13305660377358489,0.1330012578616352,0.13330314465408805,0.13280000000000006,0.1303194968553458,0.12724528301886787,0.12320251572327043,0.11341635220125788,0.09404528301886794,0.0908125786163523,0.0842767295597486,0.07716729559748439,0.07169308176100633,0.06293836477987443,0.060095597484276946,0.05925786163522029,0.057479245283018975,0.05574339622641522,0.05312704402515738,0.05234465408805036,0.05134591194968568,0.05088301886792459,0.05178364779874233,0.05528553459119518,0.05910943396226435,0.06357232704402523,0.06791446540880512,0.07237232704402537,0.07861132075471718,0.08410062893081784,0.09069182389937117,0.09648805031446554,0.10154465408805033,0.11550188679245271,0.1048327044025159,0.10510691823899367,0.12198238993710696,0.12304654088050306,0.12213081761006296,0.12191698113207541
0.37833962264150955,0.37828427672955983,0.3785861635220127,0.3780830188679247,0.37560251572327047,0.37252830188679253,0.36961761006289323,0.38134088050314474,0.3906490566037737,0.3934540880503145,0.40314465408805045,0.3979220125786163,0.3928251572327044,0.3976553459119498,0.3997182389937108,0.3988805031446541,0.398233962264151,0.41272452830188694,0.4116176100628932,0.4108352201257862,0.4098364779874215,0.40937358490566045,0.41027421383647816,0.4122666666666669,0.39986415094339633,0.40319496855345904,0.4064050314465408,0.3946364779874214,0.3993660377358491,0.39693081761006294,0.3925786163522012,0.3972427672955976,0.39022389937106927,0.39059622641509445,0.38747421383647823,0.4013333333333335,0.3876427672955976,0.3871974842767296,0.3862817610062895,0.3939924528301888
-0.5839245283018868,-0.5839798742138365,-0.5836779874213837,-0.5841811320754716,-0.5866616352201259,-0.5897358490566038,-0.5937786163522013,-0.5986591194968554,-0.604445283018868,-0.6073006289308177,-0.6138364779874214,-0.6209459119496855,-0.6264201257861636,-0.6351748427672955,-0.638017610062893,-0.6388553459119497,-0.6406339622641509,-0.6423698113207548,-0.6449861635220125,-0.6457685534591195,-0.6467672955974842,-0.6472301886792453,-0.6463295597484277,-0.6428276729559748,-0.6390037735849056,-0.6345408805031447,-0.6301987421383648,-0.6257408805031446,-0.6195018867924528,-0.6140125786163522,-0.6074213836477987,-0.6016251572327044,-0.5969459119496856,-0.5950641509433963,-0.5944125786163521,-0.5948930817610064,-0.5942440251572327,-0.5939345911949686,-0.5948503144654087,-0.5950641509433963
0.11418867924528314,0.11413333333333343,0.1144352201257863,0.1139320754716983,0.11145157232704406,0.1083773584905661,0.10433459119496867,0.0994540880503146,0.09366792452830197,0.0908125786163523,0.0842767295597486,0.07716729559748439,0.07169308176100633,0.06293836477987443,0.060095597484276946,0.05925786163522029,0.057479245283018975,0.05574339622641522,0.05312704402515738,0.05234465408805036,0.05134591194968568,0.05088301886792459,0.05178364779874233,0.05528553459119518,0.05910943396226435,0.06357232704402523,0.06791446540880512,0.07237232704402537,0.07861132075471718,0.08410062893081784,0.09069182389937117,0.09648805031446554,0.10116729559748436,0.10304905660377367,0.10370062893081787,0.10322012578616359,0.10386918238993727,0.1041786163522013,0.10326289308176122,0.10304905660377367
0.6424905660377358,0.642435220125786,0.642737106918239,0.642233962264151,0.6476779874213836,0.6555471698113208,0.6515044025157233,0.651718238993711,0.6663094339622643,0.6662842767295597,0.6606918238993711,0.6616955974842768,0.6565987421383647,0.6478440251572328,0.6450012578616353,0.6441635220125786,0.6423849056603773,0.6406490566037736,0.6380327044025157,0.6372503144654087,0.636251572327044,0.6357886792452829,0.6366893081761007,0.6401911949685536,0.6440150943396227,0.6484779874213836,0.6528201257861634,0.6527496855345913,0.6589886792452831,0.6610817610062893,0.6567295597484276,0.662525786163522,0.6668276729559749,0.6566339622641509,0.6614364779874216,0.6654842767295596,0.6616050314465409,0.6532352201257863,0.6628855345911949,0.6513509433962265
-0.5839245283018868,-0.5839798742138365,-0.5836779874213837,-0.5841811320754716,-0.5866616352201259,-0.5897358490566038,-0.5937786163522013,-0.5986591194968554,-0.604445283018868,-0.6073006289308177,-0.6138364779874214,-0.6209459119496855,-0.6264201257861636,-0.6351748427672955,-0.638017610062893,-0.6388553459119497,-0.6406339622641509,-0.6423698113207548,-0.6449861635220125,-0.6457685534591195,-0.6467672955974842,-0.6472301886792453,-0.6463295597484277,-0.6428276729559748,-0.6390037735849056,-0.6345408805031447,-0.6301987421383648,-0.6257408805031446,-0.6195018867924528,-0.6140125786163522,-0.6074213836477987,-0.6016251572327044,-0.5969459119496856,-0.5950641509433963,-0.5944125786163521,-0.5948930817610064,-0.5942440251572327,-0.5939345911949686,-0.5948503144654087,-0.5950641509433963
0.09532075471698112,0.09526540880503141,0.09556729559748428,0.09506415094339628,0.09258364779874204,0.08950943396226407,0.08546666666666665,0.08058616352201257,0.07479999999999995,0.07194465408805027,0.06540880503144658,0.05829937106918237,0.05282515723270432,0.0440704402515724,0.041227672955974924,0.04038993710691827,0.03861132075471695,0.0368754716981132,0.03425911949685536,0.03347672955974834,0.03247798742138366,0.03201509433962257,0.03291572327044031,0.03641761006289316,0.040241509433962326,0.044704402515723204,0.04904654088050311,0.053504402515723345,0.05974339622641515,0.06523270440251581,0.07182389937106914,0.07762012578616352,0.08229937106918234,0.08418113207547165,0.08483270440251585,0.08435220125786157,0.08500125786163525,0.08531069182389928,0.0843949685534592,0.08418113207547165
0.9066415094339625,0.9065861635220127,0.9068880503144656,0.9063849056603777,0.9039044025157235,0.9008301886792456,0.8967874213836481,0.8968125786163523,0.9046113207547171,0.9021333333333332,0.8955974842767296,0.8884880503144654,0.8830138364779874,0.8742591194968554,0.8634918238993711,0.8517106918238997,0.8499320754716984,0.8531018867924529,0.8625610062893083,0.8459295597484279,0.843798742138365,0.843335849056604,0.8442364779874217,0.8477383647798745,0.8515622641509437,0.8560251572327046,0.8614993710691826,0.8776553459119499,0.8854037735849059,0.8954213836477989,0.9020125786163522,0.8979974842767297,0.9109786163522012,0.9143698113207547,0.9150213836477988,0.9145408805031445,0.9151899371069182,0.9154993710691823,0.9145836477987422,0.9143698113207547
-0.5839245283018868,-0.5839798742138365,-0.5836779874213837,-0.5841811320754716,-0.5866616352201259,-0.5897358490566038,-0.5937786163522013,-0.5986591194968554,-0.604445283018868,-0.6073006289308177,-0.6138364779874214,-0.6209459119496855,-0.6264201257861636,-0.6351748427672955,-0.638017610062893,-0.6388553459119497,-0.6406339622641509,-0.6423698113207548,-0.6449861635220125,-0.6457685534591195,-0.6467672955974842,-0.6472301886792453,-0.6463295597484277,-0.6428276729559748,-0.6390037735849056,-0.6345408805031447,-0.6301987421383648,-0.6257408805031446,-0.6195018867924528,-0.6140125786163522,-0.6074213836477987,-0.6016251572327044,-0.5969459119496856,-0.5950641509433963,-0.5944125786163521,-0.5948930817610064,-0.5942440251572327,-0.5939345911949686,-0.5948503144654087,-0.5950641509433963
0.2651320754716981,0.26507672955974837,0.2653786163522013,0.26487547169811326,0.262394968553459,0.2593207547169811,0.25527798742138363,0.2454918238993711,0.22612075471698115,0.22288805031446537,0.21635220125786167,0.20924276729559746,0.2037685534591194,0.1950138364779875,0.19217106918239002,0.19133333333333336,0.18955471698113205,0.1878188679245283,0.18520251572327046,0.18442012578616343,0.18342138364779875,0.18295849056603766,0.1838591194968554,0.18736100628930824,0.1911849056603774,0.1956477987421383,0.1999899371069182,0.20444779874213845,0.21068679245283026,0.21617610062893092,0.22276729559748423,0.22856352201257862,0.23777106918238994,0.23965283018867922,0.236530817610063,0.2503899371069181,0.2476427672955976,0.2551220125786163,0.2542062893081762,0.2539924528301886
0.37833962264150955,0.37828427672955983,0.3785861635220127,0.37959245283018883,0.3933383647798742,0.3913962264150944,0.3884855345911951,0.39983144654088054,0.39555471698113204,0.40137861635220135,0.4220125786163522,0.4167899371069182,0.4116930817610063,0.41652327044025167,0.4185861635220128,0.4177484276729561,0.41596981132075483,0.41913962264150967,0.4301081761006289,0.4297031446540881,0.4287044025157234,0.42824150943396233,0.42876477987421385,0.4186817610062895,0.4176000000000002,0.4220628930817611,0.4154616352201258,0.4119949685534592,0.4167245283018869,0.4059874213836479,0.4095597484276729,0.3991295597484277,0.4026767295597483,0.3909735849056604,0.38747421383647823,0.4013333333333335,0.3985861635220127,0.4011597484276729,0.3866591194968556,0.3939924528301888
-0.5839245283018868,-0.5839798742138365,-0.5836779874213837,-0.5841811320754716,-0.5866616352201259,-0.5897358490566038,-0.5937786163522013,-0.5986591194968554,-0.604445283018868,-0.6073006289308177,-0.6138364779874214,-0.6209459119496855,-0.6264201257861636,-0.6351748427672955,-0.638017610062893,-0.6388553459119497,-0.6406339622641509,-0.6423698113207548,-0.6449861635220125,-0.6457685534591195,-0.6467672955974842,-0.6472301886792453,-0.6463295597484277,-0.6428276729559748,-0.6390037735849056,-0.6345408805031447,-0.6301987421383648,-0.6257408805031446,-0.6195018867924528,-0.6140125786163522,-0.6074213836477987,-0.6016251572327044,-0.5969459119496856,-0.5950641509433963,-0.5944125786163521,-0.5948930817610064,-0.5942440251572327,-0.5939345911949686,-0.5948503144654087,-0.5950641509433963
0.28400000000000014,0.2839446540880504,0.2842465408805033,0.28374339622641526,0.28126289308176106,0.27818867924528307,0.2730138364779875,0.2519069182389937,0.24461132075471695,0.23383144654088042,0.21635220125786167,0.20924276729559746,0.2037685534591194,0.1950138364779875,0.19217106918239002,0.19133333333333336,0.18955471698113205,0.1878188679245283,0.18520251572327046,0.18442012578616343,0.18342138364779875,0.18295849056603766,0.1838591194968554,0.18736100628930824,0.1919396226415095,0.21262893081760997,0.21885786163522009,0.22331572327044033,0.23106415094339625,0.25277987421383663,0.26050314465408814,0.2662993710691825,0.27097861635220133,0.27286037735849067,0.2735119496855348,0.2730314465408806,0.27368050314465425,0.27398993710691827,0.2730742138364782,0.27286037735849067
0.6424905660377358,0.642435220125786,0.642737106918239,0.642233962264151,0.6397534591194968,0.638566037735849,0.6616930817610064,0.6703974842767297,0.6781962264150944,0.6757182389937106,0.669182389937107,0.6620729559748427,0.6565987421383647,0.6478440251572328,0.6450012578616353,0.6441635220125786,0.6423849056603773,0.6410264150943396,0.650485534591195,0.6455522012578615,0.6381383647798744,0.6357886792452829,0.6366893081761007,0.6401911949685536,0.6440150943396227,0.6484779874213836,0.6528201257861634,0.6569006289308178,0.6495547169811322,0.6501383647798743,0.6567295597484276,0.6515823899371069,0.648337106918239,0.6502188679245282,0.6508704402515725,0.6503899371069181,0.6510389937106917,0.6513484276729559,0.6504327044025158,0.6502188679245282
-0.5839245283018868,-0.5839798742138365,-0.5836779874213837,-0.5841811320754716,-0.5866616352201259,-0.5897358490566038,-0.5937786163522013,-0.5986591194968554,-0.604445283018868,-0.6073006289308177,-0.6138364779874214,-0.6209459119496855,-0.6264201257861636,-0.6351748427672955,-0.638017610062893,-0.6388553459119497,-0.6406339622641509,-0.6423698113207548,-0.6449861635220125,-0.6457685534591195,-0.6467672955974842,-0.6472301886792453,-0.6463295597484277,-0.6428276729559748,-0.6390037735849056,-0.6345408805031447,-0.6301987421383648,-0.6257408805031446,-0.6195018867924528,-0.6140125786163522,-0.6074213836477987,-0.6016251572327044,-0.5969459119496856,-0.5950641509433963,-0.5944125786163521,-0.5948930817610064,-0.5942440251572327,-0.5939345911949686,-0.5948503144654087,-0.5950641509433963
0.3406037735849057,0.34054842767295596,0.3408503144654088,0.3403471698113208,0.33786666666666654,0.3347924528301886,0.33074968553459116,0.3258691823899371,0.3200830188679245,0.3172276729559748,0.3106918238993711,0.3035823899371069,0.29810817610062884,0.28935345911949695,0.28651069182389943,0.28567295597484277,0.2838943396226415,0.28215849056603776,0.27954213836477987,0.27875974842767287,0.27776100628930817,0.2772981132075471,0.2781987421383648,0.2817006289308177,0.28552452830188685,0.28998742138364775,0.2943295597484276,0.2987874213836479,0.3050264150943397,0.31051572327044036,0.3171069182389937,0.32290314465408804,0.32758238993710687,0.32946415094339615,0.33011572327044036,0.3296352201257861,0.3302842767295598,0.3305937106918238,0.3296779874213837,0.32946415094339615
0.8877735849056604,0.8975295597484275,0.8899069182389938,0.8999698113207547,0.8861685534591194,0.8838490566037738,0.9015044025157233,0.9013408805031448,0.895554716981132,0.8926993710691823,0.8861635220125786,0.8790540880503145,0.8760327044025156,0.8740704402515723,0.8634918238993711,0.8517106918238997,0.8510641509433965,0.8606490566037738,0.8459572327044027,0.8447974842767297,0.843798742138365,0.843335849056604,0.8442364779874217,0.8477383647798745,0.8515622641509437,0.8560251572327046,0.8614993710691826,0.877277987421384,0.8714415094339625,0.8765534591194972,0.8831446540880505,0.8889408805031449,0.8939974842767298,0.9094641509433964,0.9150213836477988,0.9145408805031445,0.9151899371069182,0.9109710691823899,0.9100553459119498,0.9143698113207547
-0.5839245283018868,-0.5839798742138365,-0.5836779874213837,-0.5841811320754716,-0.5866616352201259,-0.5897358490566038,-0.5937786163522013,-0.5986591194968554,-0.604445283018868,-0.6073006289308177,-0.6138364779874214,-0.6209459119496855,-0.6264201257861636,-0.6351748427672955,-0.638017610062893,-0.6388553459119497,-0.6406339622641509,-0.6423698113207548,-0.6449861635220125,-0.6457685534591195,-0.6467672955974842,-0.6472301886792453,-0.6463295597484277,-0.6428276729559748,-0.6390037735849056,-0.6345408805031447,-0.6301987421383648,-0.6257408805031446,-0.6195018867924528,-0.6140125786163522,-0.6074213836477987,-0.6016251572327044,-0.5969459119496856,-0.5950641509433963,-0.5944125786163521,-0.5948930817610064,-0.5942440251572327,-0.5939345911949686,-0.5948503144654087,-0.5950641509433963
0.20852830188679258,0.20847295597484286,0.20877484276729574,0.20827169811320773,0.20654591194968555,0.21969811320754706,0.21754213836477973,0.21756729559748436,0.22536603773584896,0.22288805031446537,0.21635220125786167,0.20924276729559746,0.2037685534591194,0.1950138364779875,0.19217106918239002,0.19133333333333336,0.18955471698113205,0.1878188679245283,0.18520251572327046,0.18442012578616343,0.18342138364779875,0.18295849056603766,0.1838591194968554,0.18736100628930824,0.1911849056603774,0.1956477987421383,0.1999899371069182,0.20407044025157234,0.1967245283018868,0.1973081761006289,0.2038993710691822,0.20856352201257858,0.1970163522012579,0.1973886792452831,0.1980402515723273,0.19755974842767302,0.1982088050314467,0.19851823899371074,0.19760251572327064,0.1973886792452831
-0.07449056603773585,-0.07454591194968557,-0.0742440251572327,-0.07323773584905659,-0.05949182389937115,-0.061433962264150946,-0.05340125786163515,-0.03375345911949684,-0.024445283018867996,-0.013715723270440282,0.00880503144654105,0.031884276729559756,0.05754213836477979,0.11142893081761014,0.1261333333333333,0.12529559748427663,0.1235169811320753,0.12178113207547156,0.11916477987421371,0.1183823899371067,0.11738364779874201,0.15409056603773588,0.16159496855345917,0.14849308176100645,0.12703396226415103,0.10319496855345908,0.09357484276729555,0.0685987421383648,0.0446490566037737,0.019949685534591175,-0.0036477987421383988,-0.026908176100628917,-0.031285534591195006,-0.042988679245283046,-0.04724276729559736,-0.047723270440251646,-0.04707421383647797,-0.04676477987421393,-0.04768050314465402,-0.047894339622641564
-0.5839245283018868,-0.5839798742138365,-0.5836779874213837,-0.5841811320754716,-0.5866616352201259,-0.5897358490566038,-0.5937786163522013,-0.5986591194968554,-0.604445283018868,-0.6073006289308177,-0.6138364779874214,-0.6209459119496855,-0.6264201257861636,-0.6351748427672955,-0.638017610062893,-0.6388553459119497,-0.6406339622641509,-0.6423698113207548,-0.6449861635220125,-0.6457685534591195,-0.6467672955974842,-0.6472301886792453,-0.6463295597484277,-0.6428276729559748,-0.6390037735849056,-0.6345408805031447,-0.6301987421383648,-0.6257408805031446,-0.6195018867924528,-0.6140125786163522,-0.6074213836477987,-0.6016251572327044,-0.5969459119496856,-0.5950641509433963,-0.5944125786163521,-0.5948930817610064,-0.5942440251572327,-0.5939345911949686,-0.5948503144654087,-0.5950641509433963
0.2651320754716981,0.26507672955974837,0.2653786163522013,0.26487547169811326,0.262394968553459,0.2593207547169811,0.25641006289308177,0.2677559748427675,0.26347924528301897,0.2606238993710693,0.2540880503144656,0.24697861635220136,0.2415044025157233,0.2327496855345914,0.22990691823899392,0.22906918238993726,0.22729056603773595,0.2255547169811322,0.22293836477987436,0.22215597484276733,0.22115723270440266,0.22069433962264157,0.2215949685534593,0.22509685534591217,0.2289207547169813,0.2333836477987422,0.2377257861635221,0.24218364779874235,0.24842264150943416,0.24598742138364785,0.24163522012578614,0.2474314465408805,0.25211069182389934,0.2539924528301886,0.25464402515723283,0.2541635220125785,0.2548125786163522,0.2551220125786163,0.2542062893081762,0.2539924528301886
-0.07449056603773585,-0.07454591194968557,-0.0742440251572327,-0.07323773584905659,-0.05949182389937115,-0.05954716981132073,-0.04623144654088052,-0.02922515723270442,-0.01991698113207544,-0.013715723270440282,0.010691823899371131,0.08716729559748428,0.11886289308176105,0.11010817610062913,0.10726540880503166,0.10642767295597501,0.10464905660377369,0.10291320754716994,0.1002968553459121,0.09951446540880508,0.09851572327044039,0.10314716981132074,0.1717836477987422,0.1533987421383649,0.13495849056603784,0.12017610062893075,0.0943295597484276,0.0685987421383648,0.0446490566037737,0.019949685534591175,-0.0036477987421383988,-0.017096855345911943,-0.02939874213836486,-0.02902641509433968,-0.02837484276729547,-0.02885534591194976,-0.028206289308176077,-0.027896855345912044,-0.028812578616352127,-0.02902641509433968
-0.5839245283018868,-0.5839798742138365,-0.5836779874213837,-0.5841811320754716,-0.5866616352201259,-0.5897358490566038,-0.5937786163522013,-0.5986591194968554,-0.604445283018868,-0.6073006289308177,-0.6138364779874214,-0.6209459119496855,-0.6264201257861636,-0.6351748427672955,-0.638017610062893,-0.6388553459119497,-0.6406339622641509,-0.6423698113207548,-0.6449861635220125,-0.6457685534591195,-0.6467672955974842,-0.6472301886792453,-0.6463295597484277,-0.6428276729559748,-0.6390037735849056,-0.6345408805031447,-0.6301987421383648,-0.6257408805031446,-0.6195018867924528,-0.6140125786163522,-0.6074213836477987,-0.6016251572327044,-0.5969459119496856,-0.5950641509433963,-0.5944125786163521,-0.5948930817610064,-0.5942440251572327,-0.5939345911949686,-0.5948503144654087,-0.5950641509433963
0.1896603773584907,0.18960503144654098,0.18990691823899383,0.18940377358490584,0.1869232704402516,0.18384905660377365,0.18093836477987438,0.19228427672955992,0.1880075471698114,0.18515220125786172,0.18050314465408812,0.18962012578616352,0.18490062893081738,0.17614591194968549,0.173303144654088,0.17246540880503133,0.17068679245283003,0.16895094339622627,0.16633459119496843,0.1655522012578614,0.16455345911949673,0.16409056603773564,0.1646138364779874,0.15453081761006293,0.15344905660377378,0.15791194968553465,0.16225408805031455,0.1667119496855348,0.1729509433962266,0.1776855345911952,0.16805031446540894,0.1719597484276731,0.17663899371069192,0.1785207547169812,0.17917232704402541,0.17869182389937113,0.1793408805031448,0.17965031446540886,0.17873459119496876,0.1785207547169812
-0.055622641509433905,-0.055677987421383614,-0.05537610062893075,-0.05587924528301875,-0.05043522012578624,-0.042566037735849126,-0.03566540880503149,-0.027338364779874204,-0.0059547169811321405,0.005152201257861604,0.027672955974842803,0.04962012578616349,0.06263647798742136,0.08256100628930824,0.10537861635220144,0.13472955974842785,0.15219622641509437,0.1674415094339623,0.16784402515723268,0.1832880503144653,0.18153459119496854,0.16371320754716967,0.1472553459119498,0.1356628930817612,0.12590188679245287,0.10130817610062887,0.07659371069182387,0.06708930817610068,0.0446490566037737,0.019949685534591175,-0.0017610062893081832,-0.009927044025157246,-0.02939874213836486,-0.02902641509433968,-0.02837484276729547,-0.02885534591194976,-0.028206289308176077,-0.027896855345912044,-0.028812578616352127,-0.02902641509433968
-0.5839245283018868,-0.5839798742138365,-0.5836779874213837,-0.5841811320754716,-0.5866616352201259,-0.5897358490566038,-0.5937786163522013,-0.5986591194968554,-0.604445283018868,-0.6073006289308177,-0.6138364779874214,-0.6209459119496855,-0.6264201257861636,-0.6351748427672955,-0.638017610062893,-0.6388553459119497,-0.6406339622641509,-0.6423698113207548,-0.6449861635220125,-0.6457685534591195,-0.6467672955974842,-0.6472301886792453,-0.6463295597484277,-0.6428276729559748,-0.6390037735849056,-0.6345408805031447,-0.6301987421383648,-0.6257408805031446,-0.6195018867924528,-0.6140125786163522,-0.6074213836477987,-0.6016251572327044,-0.5969459119496856,-0.5950641509433963,-0.5944125786163521,-0.5948930817610064,-0.5942440251572327,-0.5939345911949686,-0.5948503144654087,-0.5950641509433963
0.28400000000000014,0.2839446540880504,0.2842465408805033,0.28374339622641526,0.28126289308176106,0.2800754716981133,0.29225911949685546,0.28851069182389955,0.2963094339622643,0.29835974842767293,0.29182389937106923,0.284714465408805,0.27924025157232696,0.27048553459119506,0.26764276729559755,0.2668050314465409,0.2650264150943396,0.2632905660377358,0.260674213836478,0.259891823899371,0.2588930817610063,0.2584301886792452,0.25933081761006294,0.26132327044025166,0.24892075471698136,0.2522515723270441,0.256593710691824,0.26105157232704423,0.26729056603773604,0.2727798742138367,0.27748427672955983,0.2670540880503146,0.27097861635220133,0.27286037735849067,0.2735119496855348,0.2730314465408806,0.27368050314465425,0.27398993710691827,0.2730742138364782,0.27286037735849067
-0.055622641509433905,-0.055677987421383614,-0.05537610062893075,-0.05436981132075456,-0.040623899371069264,-0.04067924528301891,-0.027363522012578637,-0.014885534591194955,-0.0055773584905661104,0.005152201257861604,0.027672955974842803,0.050752201257861645,0.07546666666666664,0.09690062893081763,0.12424654088050334,0.15454088050314463,0.17898867924528308,0.17838490566037749,0.1780327044025158,0.20158993710691808,0.20228930817610064,0.1908830188679245,0.17895345911949695,0.16736100628930822,0.14590188679245292,0.12017610062893075,0.10527295597484267,0.08746666666666669,0.06351698113207559,0.03881761006289306,0.015220125786163488,0.001771069182389943,-0.010908176100629004,-0.024120754716981156,-0.02837484276729547,-0.02885534591194976,-0.028206289308176077,-0.027896855345912044,-0.028812578616352127,-0.02902641509433968
-0.5839245283018868,-0.5839798742138365,-0.5836779874213837,-0.5841811320754716,-0.5866616352201259,-0.5897358490566038,-0.5937786163522013,-0.5986591194968554,-0.604445283018868,-0.6073006289308177,-0.6138364779874214,-0.6209459119496855,-0.6264201257861636,-0.6351748427672955,-0.638017610062893,-0.6388553459119497,-0.6406339622641509,-0.6423698113207548,-0.6449861635220125,-0.6457685534591195,-0.6467672955974842,-0.6472301886792453,-0.6463295597484277,-0.6428276729559748,-0.6390037735849056,-0.6345408805031447,-0.6301987421383648,-0.6257408805031446,-0.6195018867924528,-0.6140125786163522,-0.6074213836477987,-0.6016251572327044,-0.5969459119496856,-0.5950641509433963,-0.5944125786163521,-0.5948930817610064,-0.5942440251572327,-0.5939345911949686,-0.5948503144654087,-0.5950641509433963
0.35947169811320756,0.35941635220125784,0.3597182389937107,0.3592150943396227,0.3567345911949684,0.3536603773584905,0.34961761006289305,0.344737106918239,0.3389509433962264,0.3360955974842767,0.329559748427673,0.3224503144654088,0.3169761006289307,0.30822138364779883,0.3053786163522013,0.3045408805031447,0.30276226415094337,0.30102641509433964,0.29841006289308175,0.29762767295597475,0.29662893081761005,0.296166037735849,0.2970666666666667,0.3005685534591196,0.30439245283018873,0.30885534591194963,0.3131974842767295,0.31765534591194977,0.3238943396226416,0.32938364779874224,0.33597484276729556,0.3417710691823899,0.34645031446540875,0.34833207547169803,0.34898364779874225,0.348503144654088,0.34915220125786167,0.3494616352201257,0.3485459119496856,0.34833207547169803
0.9632452830188681,0.9631899371069184,0.9634918238993714,0.9629886792452833,0.9684327044025156,0.9763018867924528,0.9722591194968553,0.9673786163522013,0.9615924528301887,0.958737106918239,0.9522012578616352,0.9450918238993711,0.939617610062893,0.9308628930817611,0.9280201257861636,0.927182389937107,0.9254037735849057,0.9236679245283019,0.921051572327044,0.920269182389937,0.9192704402515723,0.9188075471698113,0.9197081761006289,0.9232100628930818,0.927033962264151,0.9314968553459119,0.9358389937106918,0.940296855345912,0.9465358490566038,0.9520251572327045,0.9586163522012578,0.9644125786163522,0.969091823899371,0.9709735849056603,0.9716251572327045,0.9711446540880502,0.9717937106918239,0.972103144654088,0.9711874213836479,0.9709735849056603
-0.5839245283018868,-0.5839798742138365,-0.5836779874213837,-0.5841811320754716,-0.5866616352201259,-0.5897358490566038,-0.5937786163522013,-0.5986591194968554,-0.604445283018868,-0.6073006289308177,-0.6138364779874214,-0.6209459119496855,-0.6264201257861636,-0.6351748427672955,-0.638017610062893,-0.6388553459119497,-0.6406339622641509,-0.6423698113207548,-0.6449861635220125,-0.6457685534591195,-0.6467672955974842,-0.6472301886792453,-0.6463295597484277,-0.6428276729559748,-0.6390037735849056,-0.6345408805031447,-0.6301987421383648,-0.6257408805031446,-0.6195018867924528,-0.6140125786163522,-0.6074213836477987,-0.6016251572327044,-0.5969459119496856,-0.5950641509433963,-0.5944125786163521,-0.5948930817610064,-0.5942440251572327,-0.5939345911949686,-0.5948503144654087,-0.5950641509433963
0.37833962264150955,0.37828427672955983,0.3785861635220127,0.3780830188679247,0.37560251572327047,0.37252830188679253,0.3684855345911951,0.363605031446541,0.3578188679245284,0.3549635220125787,0.348427672955975,0.34131823899371083,0.3358440251572328,0.3270893081761008,0.32424654088050336,0.3234088050314467,0.32163018867924537,0.31989433962264163,0.3172779874213838,0.3164955974842768,0.3154968553459121,0.315033962264151,0.31593459119496875,0.3194364779874216,0.3232603773584908,0.3277232704402516,0.33206540880503155,0.33652327044025176,0.3427622641509436,0.34825157232704423,0.3548427672955976,0.36063899371069197,0.3653182389937108,0.3672000000000001,0.3678515723270443,0.36737106918239,0.36802012578616367,0.36832955974842774,0.36741383647798764,0.3672000000000001
0.9632452830188681,0.9631899371069184,0.9634918238993714,0.9629886792452833,0.9605081761006291,0.9574339622641512,0.9533911949685537,0.9485106918238997,0.942724528301887,0.9398691823899373,0.9333333333333337,0.9262238993710694,0.9207496855345914,0.9119949685534594,0.909152201257862,0.9083144654088053,0.906535849056604,0.9048000000000003,0.9021836477987424,0.9014012578616354,0.9004025157232707,0.8999396226415096,0.9008402515723274,0.9043421383647802,0.9081660377358494,0.9126289308176103,0.9169710691823901,0.9214289308176105,0.9276679245283022,0.9331572327044029,0.9397484276729562,0.9455446540880506,0.9551295597484277,0.9705962264150944,0.9716251572327045,0.9711446540880502,0.9706616352201257,0.9551220125786164,0.9662817610062896,0.9709735849056603
-0.5839245283018868,-0.5839798742138365,-0.5836779874213837,-0.5841811320754716,-0.5866616352201259,-0.5897358490566038,-0.5937786163522013,-0.5986591194968554,-0.604445283018868,-0.6073006289308177,-0.6138364779874214,-0.6209459119496855,-0.6264201257861636,-0.6351748427672955,-0.638017610062893,-0.6388553459119497,-0.6406339622641509,-0.6423698113207548,-0.6449861635220125,-0.6457685534591195,-0.6467672955974842,-0.6472301886792453,-0.6463295597484277,-0.6428276729559748,-0.6390037735849056,-0.6345408805031447,-0.6301987421383648,-0.6257408805031446,-0.6195018867924528,-0.6140125786163522,-0.6074213836477987,-0.6016251572327044,-0.5969459119496856,-0.5950641509433963,-0.5944125786163521,-0.5948930817610064,-0.5942440251572327,-0.5939345911949686,-0.5948503144654087,-0.5950641509433963
0.3406037735849057,0.32960503144654085,0.3219823899371069,0.3214792452830189,0.31899874213836465,0.3159245283018867,0.3118817610062893,0.30700125786163524,0.3012150943396226,0.29835974842767293,0.29182389937106923,0.284714465408805,0.2841459119496857,0.2889761006289308,0.28651069182389943,0.28567295597484277,0.2838943396226415,0.28215849056603776,0.27954213836477987,0.27875974842767287,0.27776100628930817,0.2772981132075471,0.27782138364779874,0.2677383647798742,0.27382641509433986,0.27300628930817605,0.28640503144654095,0.2987874213836479,0.3050264150943397,0.3097610062893083,0.300125786163522,0.30403522012578615,0.308714465408805,0.31059622641509427,0.3112477987421385,0.3107672955974842,0.3114163522012579,0.31663144654088066,0.32930062893081763,0.32946415094339615
0.9066415094339625,0.9065861635220127,0.9068880503144656,0.9063849056603777,0.9039044025157235,0.9027169811320757,0.9149006289308177,0.9107748427672957,0.9049886792452829,0.9021333333333332,0.8955974842767296,0.8884880503144654,0.8830138364779874,0.8742591194968554,0.8714163522012579,0.8705786163522012,0.8688,0.8670641509433962,0.8644477987421384,0.8636654088050314,0.8626666666666667,0.8622037735849056,0.8631044025157233,0.8666062893081762,0.8704301886792454,0.8748930817610062,0.8792352201257861,0.8836930817610064,0.8899320754716982,0.8954213836477989,0.9020125786163522,0.9078088050314466,0.9124880503144653,0.9143698113207547,0.9157761006289308,0.931522012578616,0.9231144654088047,0.9158767295597483,0.9285459119496855,0.9332377358490562
-0.5839245283018868,-0.5839798742138365,-0.5836779874213837,-0.5841811320754716,-0.5866616352201259,-0.5897358490566038,-0.5937786163522013,-0.5986591194968554,-0.604445283018868,-0.6073006289308177,-0.6138364779874214,-0.6209459119496855,-0.6264201257861636,-0.6351748427672955,-0.638017610062893,-0.6388553459119497,-0.6406339622641509,-0.6423698113207548,-0.6449861635220125,-0.6457685534591195,-0.6467672955974842,-0.6472301886792453,-0.6463295597484277,-0.6428276729559748,-0.6390037735849056,-0.6345408805031447,-0.6301987421383648,-0.6257408805031446,-0.6195018867924528,-0.6140125786163522,-0.6074213836477987,-0.6016251572327044,-0.5969459119496856,-0.5950641509433963,-0.5944125786163521,-0.5948930817610064,-0.5942440251572327,-0.5939345911949686,-0.5948503144654087,-0.5950641509433963
0.07645283018867924,0.06545408805031447,0.0578314465408805,0.057328301886792506,0.05484779874213826,0.05177358490566031,0.047730817610062884,0.042850314465408795,0.037064150943396185,0.03420880503144649,0.027672955974842803,0.0205635220125786,0.01999496855345913,0.0233157232704403,0.012548427672956134,0.021522012578616377,0.019743396226415064,0.018007547169811317,0.015391194968553474,0.014608805031446457,0.013610062893081771,0.013147169811320681,0.014047798742138426,0.017549685534591273,0.021373584905660437,0.02583647798742132,0.030178616352201218,0.034636477987421456,0.040875471698113265,0.046364779874213925,0.051069182389937046,0.050450314465408846,0.046072955974842685,0.04644528301886787,0.04709685534591208,0.04661635220125779,0.04726540880503147,0.05248050314465409,0.06364025157232708,0.047577358490566025
0.9632452830188681,0.9631899371069184,0.9634918238993714,0.9629886792452833,0.961262893081761,0.9744150943396227,0.9722591194968553,0.9673786163522013,0.9615924528301887,0.958737106918239,0.9522012578616352,0.9450918238993711,0.939617610062893,0.9308628930817611,0.9280201257861636,0.927182389937107,0.9254037735849057,0.9236679245283019,0.921051572327044,0.920269182389937,0.9192704402515723,0.9188075471698113,0.9197081761006289,0.9232100628930818,0.927033962264151,0.9314968553459119,0.9358389937106918,0.940296855345912,0.9465358490566038,0.9520251572327045,0.9586163522012578,0.9644125786163522,0.969091823899371,0.9724830188679248,0.9893610062893086,0.9900125786163523,0.9797182389937107,0.972480503144654,0.9851496855345915,0.9898415094339624
-0.5839245283018868,-0.5839798742138365,-0.5836779874213837,-0.5841811320754716,-0.5866616352201259,-0.5897358490566038,-0.5937786163522013,-0.5986591194968554,-0.604445283018868,-0.6073006289308177,-0.6138364779874214,-0.6209459119496855,-0.6264201257861636,-0.6351748427672955,-0.638017610062893,-0.6388553459119497,-0.6406339622641509,-0.6423698113207548,-0.6449861635220125,-0.6457685534591195,-0.6467672955974842,-0.6472301886792453,-0.6463295597484277,-0.6428276729559748,-0.6390037735849056,-0.6345408805031447,-0.6301987421383648,-0.6257408805031446,-0.6195018867924528,-0.6140125786163522,-0.6074213836477987,-0.6016251572327044,-0.5969459119496856,-0.5950641509433963,-0.5944125786163521,-0.5948930817610064,-0.5942440251572327,-0.5939345911949686,-0.5948503144654087,-0.5950641509433963
0.05758490566037735,0.05752955974842764,0.0578314465408805,0.057328301886792506,0.05484779874213826,0.05177358490566031,0.047730817610062884,0.042850314465408795,0.037064150943396185,0.03420880503144649,0.027672955974842803,0.0205635220125786,0.015089308176100543,0.006334591194968627,0.0034918238993711537,0.0026540880503144915,0.0008754716981131781,-0.0008603773584905718,-0.0034767295597484134,-0.00425911949685543,-0.005257861635220117,-0.005720754716981206,-0.0048201257861634605,-0.0013182389937106136,0.0025056603773585496,0.006968553459119433,0.011310691823899332,0.01576855345911957,0.022007547169811376,0.02749685534591204,0.03408805031446537,0.03988427672955975,0.04456352201257857,0.04644528301886787,0.04709685534591208,0.04661635220125779,0.04726540880503147,0.047574842767295504,0.04665911949685542,0.04644528301886787
0.9632452830188681,0.9631899371069184,0.9634918238993714,0.9629886792452833,0.9605081761006291,0.9574339622641512,0.9533911949685537,0.953416352201258,0.9612150943396227,0.958737106918239,0.9522012578616352,0.9450918238993711,0.939617610062893,0.9308628930817611,0.9272654088050317,0.9102012578616354,0.906535849056604,0.9048000000000003,0.9021836477987424,0.9014012578616354,0.9004025157232707,0.8999396226415096,0.9008402515723274,0.9043421383647802,0.9081660377358494,0.9126289308176103,0.9279144654088052,0.940296855345912,0.9465358490566038,0.9520251572327045,0.9586163522012578,0.9644125786163522,0.969091823899371,0.9709735849056603,0.9716251572327045,0.9711446540880502,0.9717937106918239,0.972103144654088,0.9711874213836479,0.9709735849056603
-0.5839245283018868,-0.5839798742138365,-0.5836779874213837,-0.5841811320754716,-0.5866616352201259,-0.5897358490566038,-0.5937786163522013,-0.5986591194968554,-0.604445283018868,-0.6073006289308177,-0.6138364779874214,-0.6209459119496855,-0.6264201257861636,-0.6351748427672955,-0.638017610062893,-0.6388553459119497,-0.6406339622641509,-0.6423698113207548,-0.6449861635220125,-0.6457685534591195,-0.6467672955974842,-0.6472301886792453,-0.6463295597484277,-0.6428276729559748,-0.6390037735849056,-0.6345408805031447,-0.6301987421383648,-0.6257408805031446,-0.6195018867924528,-0.6140125786163522,-0.6074213836477987,-0.6016251572327044,-0.5969459119496856,-0.5950641509433963,-0.5944125786163521,-0.5948930817610064,-0.5942440251572327,-0.5939345911949686,-0.5948503144654087,-0.5950641509433963
0.11418867924528314,0.11413333333333343,0.1144352201257863,0.1139320754716983,0.11145157232704406,0.1083773584905661,0.10433459119496867,0.0994540880503146,0.09366792452830197,0.0908125786163523,0.0842767295597486,0.07716729559748439,0.07169308176100633,0.06293836477987443,0.060095597484276946,0.05925786163522029,0.057479245283018975,0.05574339622641522,0.05312704402515738,0.05234465408805036,0.05134591194968568,0.05088301886792459,0.05178364779874233,0.05528553459119518,0.05910943396226435,0.06357232704402523,0.06791446540880512,0.07237232704402537,0.07861132075471718,0.08410062893081784,0.09069182389937117,0.09648805031446554,0.10116729559748436,0.10304905660377367,0.10370062893081787,0.10322012578616359,0.10386918238993727,0.1041786163522013,0.10326289308176122,0.10304905660377367
0.9066415094339625,0.9065861635220127,0.9068880503144656,0.9063849056603777,0.9046591194968554,0.917811320754717,0.9156553459119496,0.9107748427672957,0.9049886792452829,0.9021333333333332,0.8955974842767296,0.8884880503144654,0.8830138364779874,0.8742591194968554,0.8714163522012579,0.8705786163522012,0.8688,0.8670641509433962,0.8644477987421384,0.8636654088050314,0.8626666666666667,0.8622037735849056,0.8631044025157233,0.8666062893081762,0.8704301886792454,0.8748930817610062,0.8792352201257861,0.8836930817610064,0.8899320754716982,0.8954213836477989,0.9020125786163522,0.9078088050314466,0.9124880503144653,0.9151245283018866,0.9238893081761007,0.9239748427672955,0.9246238993710691,0.9273861635220124,0.9332628930817607,0.9332377358490562
-0.5839245283018868,-0.5839798742138365,-0.5836779874213837,-0.5841811320754716,-0.5866616352201259,-0.5897358490566038,-0.5937786163522013,-0.5986591194968554,-0.604445283018868,-0.6073006289308177,-0.6138364779874214,-0.6209459119496855,-0.6264201257861636,-0.6351748427672955,-0.638017610062893,-0.6388553459119497,-0.6406339622641509,-0.6423698113207548,-0.6449861635220125,-0.6457685534591195,-0.6467672955974842,-0.6472301886792453,-0.6463295597484277,-0.6428276729559748,-0.6390037735849056,-0.6345408805031447,-0.6301987421383648,-0.6257408805031446,-0.6195018867924528,-0.6140125786163522,-0.6074213836477987,-0.6016251572327044,-0.5969459119496856,-0.5950641509433963,-0.5944125786163521,-0.5948930817610064,-0.5942440251572327,-0.5939345911949686,-0.5948503144654087,-0.5950641509433963
