-0.20792877906976753,-0.1872892441860467,-0.18699854651162803,-0.18699854651162803,-0.17537063953488385,-0.1544404069767442,-0.13351017441860452,-0.11257994186046501,-0.09164970930232567,-0.05037063953488368,-0.023045058139534745,0.013582848837209177,0.056024709302325525,0.07811773255813954,0.09962936046511639,0.13654796511627915,0.14090843023255806,0.1615479651162789,0.16358284883720925,0.18422238372093025,0.18509447674418608,0.18509447674418608,0.18509447674418608,0.18044331395348817,0.16183866279069756,0.14323401162790692,0.12230377906976725,0.10137354651162792,0.09090843023255808,0.060966569767441935,0.0380014534883719,-0.0035683139534882662,-0.026533430232558133,-0.06577761627906976,-0.08874273255813962,-0.1178125000000001,-0.14048691860465112,-0.16316133720930232,-0.18525436046511634,-0.18699854651162803
-0.13537790697674393,-0.15601744186046498,-0.1563081395348836,-0.1423546511627906,-0.14351744186046497,-0.13450581395348832,-0.13247093023255813,-0.11154069767441853,-0.08886627906976742,-0.06793604651162784,-0.04526162790697672,-0.01619186046511626,0.01694767441860469,0.03991279069767447,0.08148255813953513,0.10415697674418617,0.12508720930232567,0.14776162790697686,0.16869186046511653,0.1832267441860466,0.1925290697674419,0.1925290697674419,0.19194767441860475,0.1713081395348839,0.16694767441860484,0.12770348837209305,0.10473837209302334,0.0771220930232559,0.06345930232558152,0.030319767441860487,0.0012500000000000198,-0.021715116279069517,-0.06095930232558131,-0.0818895348837208,-0.08828488372093016,-0.10892441860465107,-0.10979651162790692,-0.11909883720930224,-0.1330523255813953,-0.1330523255813953
0.0,0.0,0.0,0.0,0.0,0.0,0.0,0.0,0.0,0.0,0.0,0.0,0.0,0.0,0.0,0.0,0.0,0.0,0.0,0.0,0.0,0.0,0.0,0.0,0.0,0.0,0.0,0.0,0.0,0.0,0.0,0.0,0.0,0.0,0.0,0.0,0.0,0.0,0.0,0.0
-0.20289970930232562,-0.20086482558139543,-0.18022529069767443,-0.17964389534883726,-0.16801598837209306,-0.15551598837209288,-0.12789970930232542,-0.10493459302325572,-0.06569040697674426,-0.04272529069767439,0.0005886627906978,0.03023982558139544,0.06454215116279066,0.09797238372093035,0.10640261627907,0.12297238372093026,0.14361191860465125,0.14593749999999997,0.14768168604651166,0.1683212209302325,0.16919331395348833,0.16919331395348833,0.16919331395348833,0.16454215116279058,0.14593749999999997,0.12733284883720933,0.12093749999999989,0.10029796511627923,0.08663517441860467,0.05349563953488365,0.024425872093023184,0.001460755813953647,-0.04010901162790685,-0.08167877906976752,-0.10289970930232568,-0.12528343023255806,-0.15522529069767418,-0.1656904069767442,-0.17964389534883726,-0.08196947674418602
-0.11273982558139518,-0.11273982558139518,-0.11273982558139518,-0.11273982558139518,-0.11273982558139518,-0.10343749999999995,-0.08890261627906972,-0.06826308139534855,-0.06390261627906965,-0.04122819767441845,-0.01855377906976742,0.004120639534883774,0.02679505813953497,0.0578997093023258,0.08028343023255816,0.09685319767441876,0.11749273255813976,0.12185319767441882,0.14249273255813982,0.143074127906977,0.143074127906977,0.143074127906977,0.143074127906977,0.14278343023255816,0.12214389534883749,0.10121366279069782,0.08028343023255816,0.059353197674418656,0.04888808139534899,0.01894622093023268,-0.003437499999999848,-0.024367732558139513,-0.04529796511627885,-0.06797238372093022,-0.09064680232558132,-0.11186773255813942,-0.11273982558139518,-0.11273982558139518,-0.11273982558139518,-0.16390261627906966
0.0,0.0,0.0,0.0,0.0,0.0,0.0,0.0,0.0,0.0,0.0,0.0,0.0,0.0,0.0,0.0,0.0,0.0,0.0,0.0,0.0,0.0,0.0,0.0,0.0,0.0,0.0,0.0,0.0,0.0,0.0,0.0,0.0,0.0,0.0,0.0,0.0,0.0,0.0,0.0
-0.19747093023255816,-0.19747093023255816,-0.18119186046511623,-0.1742151162790698,-0.1625872093023256,-0.15008720930232558,-0.1288662790697674,-0.10154069767441863,-0.0602616279069768,-0.03729651162790693,0.004273255813953402,0.027238372093023433,0.06880813953488377,0.09090116279069779,0.10543604651162802,0.12607558139534902,0.13043604651162807,0.15107558139534874,0.15311046511627913,0.1737500000000001,0.1746220930232558,0.1746220930232558,0.16764534883720936,0.15136627906976743,0.15136627906976743,0.13276162790697696,0.12636627906976736,0.09177325581395347,0.08043604651162796,0.05892441860465111,0.02985465116279081,0.0068895348837211086,-0.034680232558139554,-0.07625000000000005,-0.09747093023255822,-0.11985465116279058,-0.14979651162790705,-0.16026162790697673,-0.1742151162790698,-0.1742151162790698
-0.10762354651162793,-0.10762354651162793,-0.10762354651162793,-0.10762354651162793,-0.10762354651162793,-0.0983212209302327,-0.08378633720930247,-0.0631468023255813,-0.058786337209302396,-0.036111918604651204,-0.013437500000000172,0.009236918604651024,0.03191133720930222,0.05458575581395342,0.07726017441860461,0.09964389534883714,0.1040043604651162,0.12464389534883703,0.14121366279069764,0.14819040697674424,0.14819040697674424,0.14819040697674424,0.14819040697674424,0.14353924418604633,0.12493459302325588,0.10632994186046507,0.0853997093023254,0.0644694767441859,0.043539244186046405,0.022609011627906905,0.0010973837209300606,-0.036111918604651204,-0.06111191860465127,-0.08611191860465126,-0.10704215116279084,-0.12157703488372107,-0.1308793604651164,-0.1308793604651164,-0.1308793604651164,-0.1308793604651164
0.0,0.0,0.0,0.0,0.0,0.0,0.0,0.0,0.0,0.0,0.0,0.0,0.0,0.0,0.0,0.0,0.0,0.0,0.0,0.0,0.0,0.0,0.0,0.0,0.0,0.0,0.0,0.0,0.0,0.0,0.0,0.0,0.0,0.0,0.0,0.0,0.0,0.0,0.0,0.0
-0.17090116279069772,-0.17090116279069772,-0.17090116279069772,-0.17090116279069772,-0.15927325581395355,-0.14677325581395342,-0.12555232558139542,-0.10287790697674423,-0.07787790697674425,-0.03427325581395338,0.007587209302325456,0.030552325581395322,0.061656976744185986,0.08433139534883718,0.10700581395348838,0.1293895348837209,0.13374999999999998,0.1543895348837208,0.15468023255813965,0.15468023255813965,0.16630813953488383,0.17706395348837217,0.15642441860465134,0.1543895348837208,0.13374999999999998,0.1314244186046511,0.11514534883720917,0.09421511627906967,0.08375,0.0538081395348837,0.03142441860465117,0.010203488372092997,-0.0313662790697675,-0.072936046511628,-0.09415697674418609,-0.1165406976744187,-0.14764534883720937,-0.1694476744186047,-0.17148255813953492,-0.19212209302325592
-0.12224563953488383,-0.12224563953488383,-0.12050145348837221,-0.11381540697674428,-0.12108284883720939,-0.10044331395348856,-0.09840843023255837,-0.0774781976744187,-0.05480377906976767,-0.03387354651162817,-0.011199127906976969,0.017870639534883662,0.04054505813953469,0.06321947674418589,0.08589389534883708,0.10856831395348811,0.13124273255813948,0.1521729651162788,0.1568241279069764,0.17077761627906962,0.18007994186046491,0.18007994186046491,0.18007994186046491,0.17542877906976717,0.15449854651162767,0.13182412790697648,0.10914970930232545,0.07397529069767422,0.051010174418604524,0.017870639534883662,-0.011780523255814145,-0.055094476744186174,-0.07805959302325603,-0.11730377906976766,-0.13852470930232574,-0.15945494186046535,-0.16875726744186065,-0.16875726744186065,-0.16178052325581413,-0.1455014534883723
0.0,0.0,0.0,0.0,0.0,0.0,0.0,0.0,0.0,0.0,0.0,0.0,0.0,0.0,0.0,0.0,0.0,0.0,0.0,0.0,0.0,0.0,0.0,0.0,0.0,0.0,0.0,0.0,0.0,0.0,0.0,0.0,0.0,0.0,0.0,0.0,0.0,0.0,0.0,0.0
-0.19853197674418602,-0.19853197674418602,-0.18225290697674426,-0.17527616279069771,-0.17411337209302327,-0.15260174418604652,-0.12992732558139541,-0.10725290697674422,-0.08225290697674423,-0.04068313953488357,-0.017718023255814033,0.02530523255813949,0.057281976744186,0.08838662790697684,0.1107703488372092,0.13170058139534885,0.15263081395348851,0.17327034883720918,0.17356104651162801,0.17356104651162801,0.17356104651162801,0.17356104651162801,0.17297965116279085,0.15234011627906985,0.15030523255813966,0.13170058139534885,0.1253052325581394,0.10466569767441859,0.09216569767441855,0.07036337209302321,0.02879360465116271,0.00582848837209301,-0.03574127906976749,-0.07731104651162798,-0.09853197674418608,-0.11946220930232566,-0.14039244186046498,-0.16132267441860468,-0.18225290697674426,-0.19388081395348836
-0.11838662790697664,-0.11838662790697664,-0.11838662790697664,-0.11838662790697664,-0.11838662790697664,-0.11838662790697664,-0.11140988372093012,-0.09047965116279054,-0.0718749999999999,-0.05123546511627899,-0.009665697674418489,0.011845930232558272,0.032776162790697776,0.05457848837209312,0.08975290697674426,0.11242732558139547,0.13510174418604673,0.15806686046511645,0.18335755813953503,0.19789244186046526,0.20719476744186058,0.20719476744186058,0.20661337209302338,0.18597383720930238,0.18161337209302333,0.15893895348837228,0.11998546511627917,0.0778343023255815,0.054869186046511795,0.012427325581395449,-0.02420058139534872,-0.05152616279069758,-0.09513081395348827,-0.12013081395348825,-0.1573401162790696,-0.17885174418604644,-0.18815406976744176,-0.18728197674418592,-0.166642441860465,-0.1742005813953487
0.0,0.0,0.0,0.0,0.0,0.0,0.0,0.0,0.0,0.0,0.0,0.0,0.0,0.0,0.0,0.0,0.0,0.0,0.0,0.0,0.0,0.0,0.0,0.0,0.0,0.0,0.0,0.0,0.0,0.0,0.0,0.0,0.0,0.0,0.0,0.0,0.0,0.0,0.0,0.0
-0.20656976744186065,-0.18796511627907,-0.1833139534883721,-0.1833139534883721,-0.17168604651162792,-0.15075581395348842,-0.12982558139534875,-0.1088953488372094,-0.0879651162790699,-0.046686046511627916,-0.003081395348837381,0.0390697674418603,0.06203488372093033,0.09430232558139517,0.10331395348837198,0.14023255813953492,0.14459302325581366,0.16523255813953464,0.16552325581395333,0.16552325581395333,0.1771511627906975,0.17947674418604653,0.16552325581395333,0.16552325581395333,0.1631976744186046,0.1425581395348836,0.12424418604651133,0.09662790697674405,0.08412790697674417,0.06232558139534883,0.02075581395348817,-0.002209302325581534,-0.04377906976744203,-0.08534883720930236,-0.1065697674418607,-0.12895348837209306,-0.1588953488372092,-0.16936046511627903,-0.1833139534883721,-0.12284883720930247
-0.11782703488372093,-0.11782703488372093,-0.11782703488372093,-0.11782703488372093,-0.1166642441860465,-0.09602470930232566,-0.09398982558139546,-0.0733502906976743,-0.0689898255813954,-0.046315406976744196,-0.023640988372093167,-0.0009665697674419728,0.021707848837209224,0.052812500000000054,0.07519622093023241,0.09612645348837208,0.11473110465116287,0.13333575581395335,0.13798691860465126,0.13944040697674412,0.1600799418604651,0.16124273255813928,0.15426598837209302,0.1376962209302324,0.11705668604651175,0.09612645348837208,0.08973110465116264,0.05513808139534876,0.04380087209302324,0.022289244186046563,-0.00038517441860479656,-0.023059593023255828,-0.04573401162790702,-0.06666424418604652,-0.08759447674418619,-0.09602470930232566,-0.1166642441860465,-0.11782703488372093,-0.11782703488372093,-0.14573401162790703
0.0,0.0,0.0,0.0,0.0,0.0,0.0,0.0,0.0,0.0,0.0,0.0,0.0,0.0,0.0,0.0,0.0,0.0,0.0,0.0,0.0,0.0,0.0,0.0,0.0,0.0,0.0,0.0,0.0,0.0,0.0,0.0,0.0,0.0,0.0,0.0,0.0,0.0,0.0,0.0
-0.1927252906976743,-0.1927252906976743,-0.1927252906976743,-0.17877180232558124,-0.16830668604651172,-0.14679505813953472,-0.1177252906976746,-0.09476017441860456,-0.05551598837209293,-0.03255087209302323,0.009018895348837434,0.0319840116279068,0.06308866279069764,0.08489098837209332,0.09332122093023278,0.11425145348837179,0.13518168604651146,0.15582122093023246,0.15611191860465112,0.15611191860465112,0.1677398255813953,0.17093750000000002,0.1770421511627908,0.15814680232558115,0.15611191860465112,0.13750726744186048,0.11657703488372083,0.10960029069767438,0.09680959302325584,0.06367005813953498,0.03401889534883717,-0.004934593023256118,-0.029934593023255854,-0.07353924418604656,-0.10086482558139533,-0.13603924418604654,-0.1578415697674419,-0.17034156976744178,-0.1909811046511626,-0.15086482558139547
-0.13221656976744206,-0.13221656976744206,-0.13221656976744206,-0.13221656976744206,-0.13221656976744206,-0.13221656976744206,-0.12523982558139546,-0.1089607558139537,-0.10663517441860483,-0.08396075581395364,-0.04500726744186068,-0.01535610465116287,0.018946220930232346,0.06255087209302304,0.10557412790697657,0.12824854651162776,0.14917877906976726,0.17185319767441845,0.1945276162790698,0.21574854651162784,0.21662063953488367,0.21662063953488367,0.20964389534883707,0.19307412790697648,0.17243459302325564,0.14946947674418576,0.12243459302325567,0.0872601744186046,0.06429505813953473,0.021853197674418394,-0.02117005813953513,-0.04413517441860483,-0.08570494186046533,-0.1107049418604654,-0.1316351744186049,-0.14617005813953513,-0.15547238372093036,-0.15547238372093036,-0.15547238372093036,-0.21593750000000025
0.0,0.0,0.0,0.0,0.0,0.0,0.0,0.0,0.0,0.0,0.0,0.0,0.0,0.0,0.0,0.0,0.0,0.0,0.0,0.0,0.0,0.0,0.0,0.0,0.0,0.0,0.0,0.0,0.0,0.0,0.0,0.0,0.0,0.0,0.0,0.0,0.0,0.0,0.0,0.0
-0.15636264534883704,-0.15636264534883704,-0.15636264534883704,-0.14240915697674414,-0.13310683139534865,-0.12380450581395318,-0.10926962209302293,-0.08833938953488327,-0.06566497093023224,-0.06130450581395317,-0.03892078488372081,-0.0037463662790695822,0.018637354651163108,0.04610828488372105,0.07503270348837235,0.09770712209302371,0.12270712209302344,0.14567223837209314,0.1477071220930235,0.1683466569767445,0.16921875000000053,0.16921875000000053,0.16921875000000053,0.16892805232558183,0.14828851744186086,0.14392805232558178,0.10700944767441886,0.09945130813953507,0.08666061046511653,0.05352107558139567,0.0244513081395352,0.0014861918604654996,-0.03775799418604646,-0.06072311046511616,-0.08775799418604625,-0.11043241279069729,-0.13310683139534865,-0.154909156976744,-0.16333938953488347,-0.1796184593023254
-0.10749999999999997,-0.10749999999999997,-0.10749999999999997,-0.10749999999999997,-0.10749999999999997,-0.10749999999999997,-0.10749999999999997,-0.10749999999999997,-0.10749999999999997,-0.08889534883720934,-0.06622093023255822,-0.03715116279069776,-0.002848837209302296,0.0407558139534884,0.08377906976744184,0.10645348837209304,0.12738372093023254,0.16866279069767437,0.19598837209302314,0.21720930232558147,0.21808139534883733,0.21808139534883733,0.2111046511627907,0.1945348837209301,0.17389534883720928,0.15093023255813942,0.10936046511627909,0.07389534883720926,0.052965116279069684,0.010813953488372007,-0.020290697674418576,-0.05924418604651161,-0.0842441860465116,-0.12581395348837218,-0.13250000000000003,-0.15313953488372095,-0.15401162790697673,-0.15401162790697673,-0.15401162790697673,-0.15401162790697673
0.0,0.0,0.0,0.0,0.0,0.0,0.0,0.0,0.0,0.0,0.0,0.0,0.0,0.0,0.0,0.0,0.0,0.0,0.0,0.0,0.0,0.0,0.0,0.0,0.0,0.0,0.0,0.0,0.0,0.0,0.0,0.0,0.0,0.0,0.0,0.0,0.0,0.0,0.0,0.0
-0.17191133720930246,-0.15359738372093049,-0.15330668604651182,-0.1518531976744188,-0.1312136627906978,-0.12074854651162797,-0.09923691860465113,-0.06202761627907003,-0.03702761627906997,0.004542151162790698,0.025763081395348705,0.04669331395348837,0.0676235465116277,0.08012354651162774,0.10134447674418591,0.1237281976744186,0.1257630813953488,0.1257630813953488,0.1275072674418605,0.14814680232558133,0.149018895348837,0.149018895348837,0.149018895348837,0.149018895348837,0.1466933139534883,0.12401889534883695,0.1030886627906976,0.08855377906976737,0.07808866279069754,0.04814680232558123,0.025181686046511362,-0.01638808139534897,-0.03935319767441883,-0.0806322674418605,-0.10795784883720944,-0.14313226744186067,-0.164934593023256,-0.17743459302325604,-0.1974927325581397,-0.1785973837209304
-0.09378633720930213,-0.09378633720930213,-0.09378633720930213,-0.08128633720930209,-0.08099563953488359,-0.06965843023255791,-0.04901889534883708,-0.046984011627906545,-0.026344476744185715,-0.005414244186046379,0.015515988372093288,0.022492732558139734,0.034120639534883916,0.046620639534883955,0.06726017441860478,0.06900436046511664,0.06900436046511664,0.08760901162790712,0.09226017441860501,0.09226017441860501,0.09226017441860501,0.09226017441860501,0.09226017441860501,0.09196947674418618,0.07132994186046551,0.06900436046511664,0.05272529069767455,0.03179505813953505,0.022492732558139734,0.013190406976744418,-0.0077398255813950845,-0.024309593023255683,-0.04494912790697635,-0.04727470930232522,-0.06355377906976731,-0.07053052325581376,-0.08099563953488359,-0.08041424418604624,-0.07285610465116263,-0.09175145348837192
0.0,0.0,0.0,0.0,0.0,0.0,0.0,0.0,0.0,0.0,0.0,0.0,0.0,0.0,0.0,0.0,0.0,0.0,0.0,0.0,0.0,0.0,0.0,0.0,0.0,0.0,0.0,0.0,0.0,0.0,0.0,0.0,0.0,0.0,0.0,0.0,0.0,0.0,0.0,0.0
-0.16818313953488362,-0.14754360465116279,-0.14725290697674395,-0.14725290697674395,-0.13562499999999975,-0.11469476744186041,-0.09318313953488358,-0.05597383720930231,-0.03329941860465095,-0.010334302325581085,0.01670058139534918,0.03937500000000021,0.06204941860465124,0.08385174418604675,0.0922819767441864,0.10856104651162815,0.11088662790697702,0.13152616279069768,0.13181686046511637,0.13327034883720953,0.15390988372093037,0.15507267441860473,0.14867732558139546,0.1483866279069768,0.13181686046511637,0.12978197674418632,0.10914244186046533,0.0946075581395351,0.07367732558139543,0.05187500000000008,0.01670058139534885,-0.010624999999999921,-0.051904069767441746,-0.07486918604651162,-0.10190406976744172,-0.13707848837209277,-0.1588808139534883,-0.17138081395348834,-0.19143895348837198,-0.17254360465116267
-0.07348837209302334,-0.0918023255813953,-0.09209302325581398,-0.07813953488372091,-0.0688372093023256,-0.06796511627906976,-0.047325581395348926,-0.04093023255813932,-0.01999999999999982,0.0006395348837208443,0.017209302325581443,0.02418604651162789,0.035813953488372074,0.048313953488372106,0.06895348837209293,0.07069767441860479,0.07069767441860479,0.07069767441860479,0.08523255813953487,0.07302325581395366,0.09279069767441865,0.09395348837209316,0.08697674418604656,0.07069767441860479,0.07069767441860479,0.052093023255814,0.04744186046511626,0.0334883720930232,0.02418604651162789,0.014883720930232571,-0.0060465116279069305,-0.022325581395348692,-0.024651162790697564,-0.045290697674418394,-0.061860465116279156,-0.0688372093023256,-0.07930232558139544,-0.07959302325581394,-0.09209302325581398,-0.09209302325581398
0.0,0.0,0.0,0.0,0.0,0.0,0.0,0.0,0.0,0.0,0.0,0.0,0.0,0.0,0.0,0.0,0.0,0.0,0.0,0.0,0.0,0.0,0.0,0.0,0.0,0.0,0.0,0.0,0.0,0.0,0.0,0.0,0.0,0.0,0.0,0.0,0.0,0.0,0.0,0.0
-0.08494186046511669,-0.08494186046511669,-0.08494186046511669,-0.08494186046511669,-0.0733139534883725,-0.06168604651162815,-0.05470930232558187,-0.03813953488372127,-0.017500000000000442,0.003430232558139059,0.0080813953488368,0.022034883720929856,0.041802325581395,0.03366279069767421,0.05343023255813919,0.07581395348837172,0.07784883720930175,0.07784883720930175,0.07784883720930175,0.07930232558139494,0.09877906976744141,0.07930232558139494,0.07784883720930175,0.07784883720930175,0.07552325581395304,0.054883720930232215,0.05459302325581371,0.05459302325581371,0.05343023255813919,0.031918604651162516,0.009244186046511152,-0.013139534883721373,-0.017500000000000442,-0.056744186046512074,-0.06168604651162815,-0.0756395348837212,-0.08610465116279103,-0.10674418604651204,-0.10819767441860506,-0.10819767441860506
-0.036555232558139666,-0.036555232558139666,-0.02027616279069774,-0.014752906976744319,-0.035392441860465314,-0.027252906976744186,-0.013299418604651295,-0.013299418604651295,-0.01097383720930226,-0.006904069767441861,0.009374999999999736,0.009956395348837077,0.01111918604651176,0.030886627906976744,0.018095930232558205,0.011991279069767442,0.009956395348837077,0.009956395348837077,0.026235465116279003,0.03175872093023242,0.012281976744186112,0.03175872093023242,0.03321220930232545,0.03321220930232545,0.03321220930232545,0.03321220930232545,0.03321220930232545,0.019258720930232558,0.01111918604651176,0.022456395348837276,0.009956395348837077,0.009665697674418406,-0.01097383720930226,-0.013299418604651295,-0.02957848837209322,-0.036555232558139666,-0.036555232558139666,-0.036555232558139666,-0.036555232558139666,-0.036555232558139666
0.0,0.0,0.0,0.0,0.0,0.0,0.0,0.0,0.0,0.0,0.0,0.0,0.0,0.0,0.0,0.0,0.0,0.0,0.0,0.0,0.0,0.0,0.0,0.0,0.0,0.0,0.0,0.0,0.0,0.0,0.0,0.0,0.0,0.0,0.0,0.0,0.0,0.0,0.0,0.0
0.0022773068382353954,0.0022773068382353954,0.0022773068382353954,0.0008238184661422895,-0.019815716417578625,-0.02010641409199721,-4.827455711355744e-05,-0.014292460603625119,0.0022773068382353954,0.0022773068382353954,0.0022773068382353954,0.0022773068382353954,-0.0454163314473691,-0.06870883751904096,-0.0035332315828598736,-0.029731622371391007,0.0022773068382353954,0.0022773068382353954,0.0022773068382353954,0.0022773068382353954,0.0022773068382353954,0.0022773068382353954,0.002858702187072489,0.023498237070793484,0.025533120791723686,0.025533120791723686,0.025533120791723686,0.025533120791723686,0.025533120791723686,0.01623079521032837,0.0022773068382353954,0.0022773068382353954,0.0022773068382353954,0.0022773068382353954,0.0022773068382353954,0.0022773068382353954,0.0022773068382353954,0.0022773068382353954,0.0016959114893981366,-0.01894362339432286
0.01769992836300766,0.01769992836300766,0.01769992836300766,0.01769992836300766,0.01769992836300766,0.01769992836300766,0.01769992836300766,0.01769992836300766,0.015374346967658954,-0.005265187916061712,-0.0055558855904803825,-0.0055558855904803825,-0.08251148812747834,-0.07786753271713862,-0.011337078259045846,-0.0384464382436702,-0.0055558855904803825,-0.0055558855904803825,-0.0055558855904803825,-0.0055558855904803825,-0.0055558855904803825,-0.0055558855904803825,-0.006137280939317724,-0.02648611814862005,-0.010207048381178453,-0.009916350706759782,-0.0055558855904803825,-0.0055558855904803825,-0.0055558855904803825,0.003746439990914768,0.011304579525798554,0.015665044642077627,0.01769992836300766,0.01769992836300766,0.01769992836300766,0.01769992836300766,0.01769992836300766,0.01769992836300766,0.01769992836300766,0.01769992836300766
0.0,0.0,0.0,0.0,0.0,0.0,0.0,0.0,0.0,0.0,0.0,0.0,0.0,0.0,0.0,0.0,0.0,0.0,0.0,0.0,0.0,0.0,0.0,0.0,0.0,0.0,0.0,0.0,0.0,0.0,0.0,0.0,0.0,0.0,0.0,0.0,0.0,0.0,0.0,0.0
-0.18058866279069785,-0.1619840116279072,-0.15733284883720947,-0.15733284883720947,-0.1457049418604653,-0.12477470930232562,-0.10326308139534877,-0.06169331395348861,-0.03872819767441874,0.0025508720930232493,0.029876453488372187,0.05255087209302322,0.07522529069767425,0.0970276162790696,0.10545784883720906,0.12173691860465116,0.12406250000000002,0.1447020348837207,0.14499273255813952,0.14499273255813952,0.14499273255813952,0.14499273255813952,0.14499273255813952,0.14499273255813952,0.14499273255813952,0.1263880813953489,0.1199927325581393,0.09935319767441847,0.08569040697674409,0.05255087209302322,0.02289970930232541,-0.016053779069767547,-0.041053779069767614,-0.08465843023255831,-0.11198401162790708,-0.13465843023255827,-0.1677979651162793,-0.18146075581395352,-0.20210029069767435,-0.20384447674418604
-0.0973183139534886,-0.0973183139534886,-0.0973183139534886,-0.0973183139534886,-0.0856904069767444,-0.07406250000000023,-0.06708575581395378,-0.050515988372093014,-0.029876453488372187,-0.008946220930232849,-0.0025508720930234145,0.018088662790697582,0.03058866279069745,0.051518895348837114,0.06547238372093017,0.06983284883720925,0.07012354651162792,0.08843749999999971,0.08872819767441854,0.09018168604651157,0.1108212209302324,0.11198401162790675,0.1050072674418603,0.08872819767441854,0.08872819767441854,0.07012354651162792,0.06372819767441831,0.04308866279069748,0.03058866279069745,0.018088662790697416,-0.003132267441860756,-0.02580668604651162,-0.048481104651162815,-0.052841569767441886,-0.07348110465116305,-0.07406250000000023,-0.07406250000000023,-0.07406250000000023,-0.0746438953488374,-0.09528343023255839
0.0,0.0,0.0,0.0,0.0,0.0,0.0,0.0,0.0,0.0,0.0,0.0,0.0,0.0,0.0,0.0,0.0,0.0,0.0,0.0,0.0,0.0,0.0,0.0,0.0,0.0,0.0,0.0,0.0,0.0,0.0,0.0,0.0,0.0,0.0,0.0,0.0,0.0,0.0,0.0
-0.190734011627907,-0.18869912790697682,-0.16805959302325582,-0.1535247093023256,-0.1314316860465114,-0.09829215116279054,-0.06864098837209305,-0.02532703488372103,-0.0023619186046509974,0.03688226744186063,0.058103197674418634,0.0665334302325581,0.0871729651162791,0.08920784883720946,0.10984738372093046,0.11159156976744183,0.11391715116279086,0.13455668604651153,0.1348473837209302,0.1348473837209302,0.1348473837209302,0.1348473837209302,0.1348473837209302,0.1348473837209302,0.1348473837209302,0.11624273255813956,0.09531250000000023,0.08833575581395346,0.07670784883720927,0.05490552325581392,0.019731104651162693,-0.007594476744186079,-0.048873546511627904,-0.07183866279069777,-0.1151526162790698,-0.15730377906976747,-0.17910610465116283,-0.19160610465116285,-0.2116642441860465,-0.19276889534883704
-0.07271075581395361,-0.07271075581395361,-0.07271075581395361,-0.07271075581395361,-0.07154796511627894,-0.05090843023255827,-0.048873546511627904,-0.02823401162790691,-0.026199127906976875,-0.0075944767441859145,0.013335755813953422,0.02031249999999987,0.02147529069767422,0.0429869186046509,0.06507994186046524,0.06682412790697662,0.06682412790697662,0.06682412790697662,0.06682412790697662,0.08077761627906983,0.09007994186046532,0.09007994186046532,0.08310319767441854,0.06682412790697662,0.06682412790697662,0.06478924418604658,0.044149709302325583,0.02961482558139535,0.02031249999999987,0.011010174418604387,-0.003524709302325846,-0.024454941860465512,-0.04712936046511621,-0.04945494186046525,-0.06573401162790685,-0.07271075581395361,-0.07271075581395361,-0.07271075581395361,-0.07271075581395361,-0.07271075581395361
0.0,0.0,0.0,0.0,0.0,0.0,0.0,0.0,0.0,0.0,0.0,0.0,0.0,0.0,0.0,0.0,0.0,0.0,0.0,0.0,0.0,0.0,0.0,0.0,0.0,0.0,0.0,0.0,0.0,0.0,0.0,0.0,0.0,0.0,0.0,0.0,0.0,0.0,0.0,0.0
-1.652424966883954e-16,-1.652424966883954e-16,-1.652424966883954e-16,-1.652424966883954e-16,-1.652424966883954e-16,-1.652424966883954e-16,-1.652424966883954e-16,-1.652424966883954e-16,-1.652424966883954e-16,-1.652424966883954e-16,-1.652424966883954e-16,-1.652424966883954e-16,-1.652424966883954e-16,-1.652424966883954e-16,-1.652424966883954e-16,-1.652424966883954e-16,-1.652424966883954e-16,-1.652424966883954e-16,-1.652424966883954e-16,-1.652424966883954e-16,-1.652424966883954e-16,-1.652424966883954e-16,-1.652424966883954e-16,-1.652424966883954e-16,-1.652424966883954e-16,-1.652424966883954e-16,-1.652424966883954e-16,-1.652424966883954e-16,-1.652424966883954e-16,-1.652424966883954e-16,-1.652424966883954e-16,-1.652424966883954e-16,-1.652424966883954e-16,-1.652424966883954e-16,-1.652424966883954e-16,-1.652424966883954e-16,-1.652424966883954e-16,-1.652424966883954e-16,-1.652424966883954e-16,-1.652424966883954e-16
-0.00048559427332894606,-0.00048559427332894606,-0.00048559427332894606,-0.00048559427332894606,-0.00048559427332894606,0.0011408712273436755,0.001393129539855879,-0.00048559427332894606,-0.00048559427332894606,-0.00048559427332894606,-0.00048559427332894606,-0.00048559427332894606,-0.00048559427332894606,-0.00048559427332894606,-0.00048559427332894606,-0.00048559427332894606,-0.00048559427332894606,-0.00048559427332894606,-0.00048559427332894606,-0.00048559427332894606,-0.00048559427332894606,-0.00048559427332894606,-0.00048559427332894606,-0.00048559427332894606,-0.00048559427332894606,-0.00048559427332894606,-0.00048559427332894606,-0.00048559427332894606,-0.00048559427332894606,-0.00048559427332894606,-0.00027417778284254997,0.006943686036981217,0.004740411702244149,0.002465222404271249,-0.00038453210798551017,-0.00048559427332894606,-0.00048559427332894606,-0.00048559427332894606,-0.00048559427332894606,-0.00048559427332894606
0.0,0.0,0.0,0.0,0.0,0.0,0.0,0.0,0.0,0.0,0.0,0.0,0.0,0.0,0.0,0.0,0.0,0.0,0.0,0.0,0.0,0.0,0.0,0.0,0.0,0.0,0.0,0.0,0.0,0.0,0.0,0.0,0.0,0.0,0.0,0.0,0.0,0.0,0.0,0.0
-0.20122819767441885,-0.20122819767441885,-0.199484011627907,-0.17884447674418616,-0.17680959302325594,-0.15617005813953497,-0.14715843023255815,-0.10994912790697688,-0.08727470930232552,-0.06430959302325583,-0.020995639534883627,0.021155523255814046,0.044120639534883585,0.07726017441860461,0.10632994186046524,0.12464389534883737,0.14528343023255819,0.16621366279069755,0.17086482558139526,0.17086482558139526,0.18249273255813947,0.1932485465116278,0.17260901162790698,0.17086482558139526,0.1685392441860464,0.14789970930232557,0.13132994186046532,0.11039970930232564,0.08946947674418597,0.06766715116279062,0.0324927325581394,0.005167151162790625,-0.036111918604651204,-0.05907703488372107,-0.08611191860465117,-0.12128633720930224,-0.14308866279069773,-0.15558866279069777,-0.1762281976744186,-0.1779723837209303
-0.1457122093023256,-0.1457122093023256,-0.1457122093023256,-0.1457122093023256,-0.14454941860465115,-0.12390988372093023,-0.12187499999999979,-0.10123546511627904,-0.09687499999999996,-0.07420058139534877,-0.03699127906976742,-0.014026162790697641,0.017078488372093022,0.04905523255813953,0.0856831395348837,0.10835755813953499,0.131031976744186,0.1519622093023255,0.15835755813953495,0.17899709302325578,0.17986918604651161,0.17986918604651161,0.17986918604651161,0.1752180232558139,0.1542877906976744,0.13161337209302335,0.09440406976744192,0.07289244186046508,0.051962209302325583,0.03103197674418608,0.009520348837209484,-0.027688953488372026,-0.050363372093023225,-0.07129360465116273,-0.09222383720930231,-0.11315406976744165,-0.12245639534883712,-0.12245639534883712,-0.12245639534883712,-0.12245639534883712
0.0,0.0,0.0,0.0,0.0,0.0,0.0,0.0,0.0,0.0,0.0,0.0,0.0,0.0,0.0,0.0,0.0,0.0,0.0,0.0,0.0,0.0,0.0,0.0,0.0,0.0,0.0,0.0,0.0,0.0,0.0,0.0,0.0,0.0,0.0,0.0,0.0,0.0,0.0,0.0
-0.20202761627906976,-0.20202761627906976,-0.20202761627906976,-0.18807412790697672,-0.17760901162790688,-0.1569694767441862,-0.14853924418604642,-0.12731831395348858,-0.08574854651162792,-0.060748546511627845,-0.021795058139535056,0.02035610465116262,0.04332122093023265,0.08489098837209298,0.10727470930232534,0.12820494186046502,0.1468095930232558,0.16541424418604628,0.1700654069767442,0.1715188953488372,0.19215843023255805,0.19332122093023238,0.18634447674418594,0.1700654069767442,0.1700654069767442,0.15146075581395355,0.1305305232558137,0.10960029069767421,0.09913517441860455,0.06832122093023255,0.03169331395348846,0.004367732558139363,-0.03691133720930247,-0.05987645348837233,-0.08691133720930243,-0.12208575581395366,-0.143888081395349,-0.16481831395348834,-0.1787718023255814,-0.1787718023255814
-0.1460101744186047,-0.1460101744186047,-0.1460101744186047,-0.1460101744186047,-0.1460101744186047,-0.1367078488372094,-0.12275436046511626,-0.1181031976744186,-0.0971729651162791,-0.0744985465116279,-0.03728924418604655,-0.01432412790697677,0.016780523255813893,0.047885174418604556,0.07085029069767443,0.10805959302325585,0.13073401162790688,0.15166424418604638,0.1580595930232558,0.17869912790697665,0.1795712209302325,0.1795712209302325,0.1795712209302325,0.17492005813953476,0.15398982558139526,0.13131540697674424,0.10864098837209303,0.0734665697674418,0.051664244186046454,0.03073401162790695,0.00980377906976753,-0.011417151162790724,-0.050661337209302354,-0.07159156976744185,-0.09252180232558144,-0.09949854651162797,-0.11112645348837198,-0.12275436046511626,-0.12275436046511626,-0.12275436046511626
0.0,0.0,0.0,0.0,0.0,0.0,0.0,0.0,0.0,0.0,0.0,0.0,0.0,0.0,0.0,0.0,0.0,0.0,0.0,0.0,0.0,0.0,0.0,0.0,0.0,0.0,0.0,0.0,0.0,0.0,0.0,0.0,0.0,0.0,0.0,0.0,0.0,0.0,0.0,0.0
-0.2032194767441858,-0.2011845930232556,-0.1805450581395346,-0.17996366279069742,-0.1683357558139534,-0.15583575581395337,-0.1346148255813952,-0.11194040697674416,-0.08694040697674393,-0.045370639534883433,-0.022405523255813735,0.020617732558139788,0.0525944767441863,0.08369912790697696,0.10608284883720932,0.12265261627906993,0.14329215116279093,0.16422238372093026,0.16887354651162817,0.16887354651162817,0.16887354651162817,0.16887354651162817,0.16887354651162817,0.1685828488372093,0.14794331395348867,0.1435828488372096,0.1211991279069769,0.09997819767441872,0.08631540697674434,0.05317587209302348,0.030501453488372444,0.003175872093023342,-0.038103197674418485,-0.06106831395348835,-0.08810319767441845,-0.12327761627906968,-0.14507994186046502,-0.15757994186046523,-0.1782194767441859,-0.1101962209302323
-0.13952034883720915,-0.13952034883720915,-0.1232412790697674,-0.11626453488372086,-0.11626453488372086,-0.11539244186046502,-0.0947529069767441,-0.08835755813953475,-0.06742732558139525,-0.04475290697674405,-0.022078488372092853,0.0005959302325581759,0.02327034883720937,0.054375000000000034,0.07675872093023273,0.09768895348837223,0.11629360465116285,0.13489825581395348,0.15582848837209315,0.1628052325581396,0.1628052325581396,0.1628052325581396,0.1628052325581396,0.15815406976744187,0.13722383720930237,0.11454941860465133,0.09187500000000014,0.07065406976744196,0.05815406976744193,0.03635174418604658,0.0011773255813955173,-0.026148255813953417,-0.06742732558139525,-0.08835755813953475,-0.0947529069767441,-0.11539244186046502,-0.11626453488372086,-0.11626453488372086,-0.11684593023255804,-0.17004360465116256
0.0,0.0,0.0,0.0,0.0,0.0,0.0,0.0,0.0,0.0,0.0,0.0,0.0,0.0,0.0,0.0,0.0,0.0,0.0,0.0,0.0,0.0,0.0,0.0,0.0,0.0,0.0,0.0,0.0,0.0,0.0,0.0,0.0,0.0,0.0,0.0,0.0,0.0,0.0,0.0
-0.19723837209302333,-0.19723837209302333,-0.19723837209302333,-0.19578488372093014,-0.1751453488372093,-0.16468023255813963,-0.14375000000000013,-0.1225290697674418,-0.08328488372093017,-0.06031976744186047,-0.017005813953488273,0.0251453488372094,0.048110465116278936,0.08124999999999996,0.10392441860465117,0.1265988372093022,0.14927325581395356,0.1702034883720929,0.17485465116279064,0.17485465116279064,0.18648255813953482,0.19723837209302333,0.176598837209302,0.17485465116279064,0.17252906976744176,0.15188953488372092,0.13531976744186067,0.114389534883721,0.09345930232558133,0.07165697674418597,0.030087209302325647,0.007122093023255946,-0.03444767441860472,-0.05944767441860478,-0.09665697674418589,-0.11962209302325574,-0.1507267441860466,-0.17252906976744192,-0.18095930232558138,-0.19723837209302333
-0.11986918604651176,-0.11986918604651176,-0.11986918604651176,-0.11986918604651176,-0.11986918604651176,-0.11986918604651176,-0.11289244186046522,-0.09632267441860479,-0.07568313953488387,-0.054752906976744294,-0.03382267441860479,-0.0114389534883721,0.019665697674418482,0.05077034883720915,0.07315406976744183,0.09408430232558133,0.11501453488372083,0.13565406976744168,0.15222383720930227,0.1592005813953487,0.1592005813953487,0.1592005813953487,0.1592005813953487,0.15454941860465096,0.13361918604651146,0.11094476744186044,0.08827034883720924,0.06704941860465108,0.05454941860465104,0.03361918604651154,0.012107558139534779,-0.02510174418604657,-0.05010174418604655,-0.07306686046511633,-0.08963662790697685,-0.11056686046511643,-0.11986918604651176,-0.11986918604651176,-0.11986918604651176,-0.11986918604651176
0.0,0.0,0.0,0.0,0.0,0.0,0.0,0.0,0.0,0.0,0.0,0.0,0.0,0.0,0.0,0.0,0.0,0.0,0.0,0.0,0.0,0.0,0.0,0.0,0.0,0.0,0.0,0.0,0.0,0.0,0.0,0.0,0.0,0.0,0.0,0.0,0.0,0.0,0.0,0.0
-0.8972297832980973,-0.8646716437632137,-0.8966483879492602,-0.3152530391120509,-0.773973969344609,0.12195626321353045,0.18881672832980953,0.18881672832980953,0.18881672832980953,0.18881672832980953,0.18881672832980953,0.18881672832980953,0.1431507663847777,0.1824742336152216,0.18881672832980953,0.18881672832980953,0.18881672832980953,0.18881672832980953,0.18881672832980953,0.18881672832980953,0.18881672832980953,0.18881672832980953,0.18881672832980953,0.18881672832980953,0.18881672832980953,0.18881672832980953,0.18881672832980953,0.18881672832980953,0.18881672832980953,0.18501123150105703,0.12539178118393215,0.18881672832980953,0.18881672832980953,0.18881672832980953,0.18881672832980953,-0.44374141120507427,-0.5507181553911207,-0.5364739693446091,-0.3885088530655394,0.18881672832980953
-0.6429426532769558,-0.32753567653276977,-0.5848031183932347,-0.25980311839323467,-0.2661984672304441,0.06490618393234684,0.0890340909090909,0.06868525369978824,0.0872899048625792,0.07101083509513695,0.08089455602536977,0.06723176532769522,0.01783958773784319,0.0689230972515854,0.08263874207188147,0.0663596723044392,0.0663596723044392,0.0663596723044392,0.0663596723044392,0.0663596723044392,0.0663596723044392,0.0663596723044392,0.0663596723044392,0.0663596723044392,0.0663596723044392,0.0663596723044392,0.06810385835095091,0.08874339323467223,0.08961548625792824,0.08525502114164918,0.01694106765327708,0.08961548625792824,0.08961548625792824,0.08961548625792824,0.08787130021141655,-0.003989164904862917,-0.07201242071881633,-0.06968683932346731,0.026824788583509243,0.0663596723044392
0.0,0.0,0.0,0.0,0.0,0.0,0.0,0.0,0.0,0.0,0.0,0.0,0.0,0.0,0.0,0.0,0.0,0.0,0.0,0.0,0.0,0.0,0.0,0.0,0.0,0.0,0.0,0.0,0.0,0.0,0.0,0.0,0.0,0.0,0.0,0.0,0.0,0.0,0.0,0.0
-0.888908562367865,-0.8360015856236788,-0.9203039112050742,-0.33251321353065555,-0.3098387949260045,0.17155655391120486,0.17155655391120486,0.17155655391120486,0.17155655391120486,0.17155655391120486,0.17155655391120486,0.17155655391120486,0.12589059196617305,0.16521405919661694,0.17155655391120486,0.17155655391120486,0.17155655391120486,0.17155655391120486,0.17155655391120486,0.17155655391120486,0.17155655391120486,0.17155655391120486,0.17155655391120486,0.17155655391120486,0.17155655391120486,0.17155655391120486,0.17155655391120486,0.17155655391120486,0.17155655391120486,0.1677510570824524,0.1081316067653275,0.17155655391120486,0.17155655391120486,0.17155655391120486,0.17155655391120486,-0.46100158562367893,-0.5679783298097253,-0.5493736786469346,-0.3330946088794929,0.17155655391120486
-0.6058232029598313,-0.33925343551797055,-0.8232650634249473,-0.25524180761099385,-0.0837301797040171,0.09417679704016907,0.0872000528541223,0.07092098308668005,0.07092098308668005,0.07092098308668005,0.08545586680761061,0.07179307610993606,0.02335227272727198,0.07361654334038002,0.09359540169133174,0.0729558668076104,0.07092098308668005,0.07092098308668005,0.07092098308668005,0.07092098308668005,0.07092098308668005,0.07092098308668005,0.07092098308668005,0.07092098308668005,0.07092098308668005,0.07092098308668005,0.07092098308668005,0.07092098308668005,0.07092098308668005,0.07554571881606735,0.016216966173361314,0.09417679704016907,0.09417679704016907,0.09417679704016907,0.09243261099365738,-0.003973308668076462,-0.06787394291754797,-0.06861390063424987,-0.026753435517970856,0.07092098308668005
0.0,0.0,0.0,0.0,0.0,0.0,0.0,0.0,0.0,0.0,0.0,0.0,0.0,0.0,0.0,0.0,0.0,0.0,0.0,0.0,0.0,0.0,0.0,0.0,0.0,0.0,0.0,0.0,0.0,0.0,0.0,0.0,0.0,0.0,0.0,0.0,0.0,0.0,0.0,0.0
0.018263081395348917,0.018263081395348917,0.01651889534883706,0.008379360465116259,-0.0038299418604652684,-0.004992732558139621,-0.004992732558139621,-0.004992732558139621,-0.004992732558139621,-0.004992732558139621,-0.004992732558139621,-0.004992732558139621,-0.004992732558139621,-0.004992732558139621,-0.004992732558139621,-0.004992732558139621,-0.004992732558139621,-0.004992732558139621,-0.004992732558139621,-0.004992732558139621,-0.004992732558139621,-0.004992732558139621,-0.004992732558139621,-0.004992732558139621,-0.004992732558139621,-0.004992732558139621,-0.004992732558139621,-0.004992732558139621,-0.004992732558139621,-0.004992732558139621,-0.004992732558139621,-0.004992732558139621,-0.004992732558139621,-0.004992732558139621,-0.003248546511627927,0.01739098837209307,0.018263081395348917,0.018263081395348917,0.018263081395348917,0.018263081395348917
0.006998546511627986,0.006998546511627986,0.006998546511627986,0.006998546511627986,0.006998546511627986,0.006998546511627986,0.006998546511627986,0.006998546511627986,0.006998546511627986,0.006998546511627986,0.006998546511627986,0.006998546511627986,0.006998546511627986,0.006998546511627986,2.180232558154076e-05,-0.016257267441860054,-0.016257267441860054,-0.016257267441860054,-0.016257267441860054,-0.016257267441860054,-0.016257267441860054,-0.016257267441860054,-0.016257267441860054,-0.016257267441860054,-0.016257267441860054,-0.016257267441860054,-0.0017223837209298229,-0.0014316860465114825,0.006998546511627986,0.006998546511627986,0.006998546511627986,0.006998546511627986,0.006998546511627986,0.006998546511627986,0.006998546511627986,0.006998546511627986,0.006998546511627986,0.006998546511627986,0.006998546511627986,0.006998546511627986
0.0,0.0,0.0,0.0,0.0,0.0,0.0,0.0,0.0,0.0,0.0,0.0,0.0,0.0,0.0,0.0,0.0,0.0,0.0,0.0,0.0,0.0,0.0,0.0,0.0,0.0,0.0,0.0,0.0,0.0,0.0,0.0,0.0,0.0,0.0,0.0,0.0,0.0,0.0,0.0
0.06030853594080339,0.06030853594080339,0.06030853594080339,0.06030853594080339,0.06030853594080339,0.06030853594080339,0.002750396405919639,0.04199458245243127,0.06030853594080339,0.06030853594080339,0.06030853594080339,0.06030853594080339,-0.07573797568710362,-0.16236588266384774,0.03588993128964058,-0.13998216173361513,-0.19085425475687104,-0.14957518498942912,-0.14899378964059196,-0.12284421247357291,-0.06754558668076105,-0.21076704545454544,-0.17602867336152223,0.0335643498942918,-0.13038913847780123,0.03632597780126851,0.0713550475687104,0.06074458245243131,0.061471326638477826,-0.004332056025370005,0.023469212473572993,0.06495969873150113,0.08356434989429176,0.06495969873150113,0.06205272198731509,0.06873876849894295,0.06030853594080339,0.06030853594080339,0.06030853594080339,0.08356434989429176
0.1847284619450321,0.1847284619450321,0.1847284619450321,0.1847284619450321,0.1847284619450321,0.1847284619450321,0.09519357822410165,0.15624008985200863,0.1847284619450321,0.1847284619450321,0.1847284619450321,0.1847284619450321,0.05333311310782265,-0.4446320031712473,0.08530985729386917,-0.3056785147991541,-0.9362017706131077,-0.15393432875264265,-0.16352735200845647,-0.05480642177589841,-0.21992270084566606,-0.9955040961945031,-0.7623645613107821,-0.04405060782240991,-0.18038781712473542,0.09606567124735733,0.16147264799154337,0.16147264799154337,0.17310055496828758,0.0613140856236789,0.0704578488372095,0.1847284619450321,0.1847284619450321,0.1847284619450321,0.1847284619450321,0.1847284619450321,0.1847284619450321,0.1847284619450321,0.1847284619450321,-0.17806223572938673
0.0,0.0,0.0,0.0,0.0,0.0,0.0,0.0,0.0,0.0,0.0,0.0,0.0,0.0,0.0,0.0,0.0,0.0,0.0,0.0,0.0,0.0,0.0,0.0,0.0,0.0,0.0,0.0,0.0,0.0,0.0,0.0,0.0,0.0,0.0,0.0,0.0,0.0,0.0,0.0
0.07088266384778019,0.07088266384778019,0.07088266384778019,0.07088266384778019,0.07088266384778019,0.0624524312896408,0.011580338266384905,0.052568710359408063,0.07088266384778019,0.05867336152219899,-0.14190803382663839,0.042975687103594236,-0.190745243128964,-0.1602219873150105,0.04530126849894294,-0.11312896405919659,-0.1988847780126849,-0.139291754756871,-0.13841966173361517,-0.1139746300211416,-0.05713002114164889,-0.20528012684989425,-0.11051268498942914,0.06652219873150111,-0.11981501057082444,0.029312896405919688,0.07088266384778019,0.07088266384778019,0.07088266384778019,-0.006654334038054865,0.027436575052854205,0.07088266384778019,0.07088266384778019,0.07088266384778019,0.07088266384778019,0.07088266384778019,0.07088266384778019,0.07088266384778019,0.07088266384778019,0.09413847780126856
0.23552655919661777,0.23552655919661777,0.23552655919661777,0.23552655919661777,0.23552655919661777,0.23552655919661777,0.14599167547568734,0.2070381871035943,0.23552655919661777,0.1826195824524316,-0.6865664640591965,0.11459632663847817,-0.8691246035940803,-0.45342692917547556,0.13610795454545485,-0.2548804175475684,-0.885403673361522,-0.10313623150105697,-0.1109850687103591,0.02796841966173379,-0.17726413847780115,-0.9447059989429174,-0.6598222780126847,0.03959632663847798,-0.12958971987314974,0.14686376849894303,0.21227074524312908,0.21227074524312908,0.21343353594080375,0.11057941331923896,0.11993459302325596,0.23552655919661777,0.23552655919661777,0.23552655919661777,0.23552655919661777,0.23552655919661777,0.23552655919661777,0.23552655919661777,0.23552655919661777,-0.12726413847780102
0.0,0.0,0.0,0.0,0.0,0.0,0.0,0.0,0.0,0.0,0.0,0.0,0.0,0.0,0.0,0.0,0.0,0.0,0.0,0.0,0.0,0.0,0.0,0.0,0.0,0.0,0.0,0.0,0.0,0.0,0.0,0.0,0.0,0.0,0.0,0.0,0.0,0.0,0.0,0.0
0.08328818710359401,0.08328818710359401,0.08328818710359401,0.08328818710359401,0.08328818710359401,0.08328818710359401,0.006544001057082284,0.007706791754756719,-0.17252576638477815,0.03212539640591953,0.062357954545454425,-0.03386297568710378,-0.1911304175475688,-0.1777583245243131,-0.12310716173361537,-0.152758324524313,-0.2097350687103596,-0.17310716173361534,-0.1533397198731502,0.07369516384777994,0.07049748942917539,-0.15915367336152236,-0.13938623150105714,0.08328818710359401,0.05073004756871024,0.02224167547568695,-0.1056653012684991,0.07195097780126841,0.08328818710359401,-0.011426400634249573,0.03106831395348829,0.08328818710359401,0.08328818710359401,0.08328818710359401,0.08328818710359401,0.08328818710359401,0.08328818710359401,0.08328818710359401,0.08328818710359401,0.041427721987314925
0.1025516692729712,0.1025516692729712,0.1025516692729712,0.1025516692729712,0.1025516692729712,0.1025516692729712,0.03220283206366907,0.029005157645064356,-0.15326228421540056,0.014179576249715782,0.04034236694739053,-0.034366935378190994,-0.12302972607586542,-0.16983205165726084,-0.09163437723865625,-0.15453078315831828,-0.20188807702723963,-0.17691450408855064,-0.15907623770377266,0.04731911113343698,0.04441213438925093,-0.16230033918368814,-0.11203606857058009,0.056040041365995115,0.033975847631610864,0.01466967811402481,-0.01727867336152218,0.051640918482344124,0.05720283206366947,-0.011137548486013381,-0.022501184849649657,0.08191213438925053,0.1025516692729712,0.1025516692729712,0.1025516692729712,0.1025516692729712,0.09092376229622734,0.07929585531948316,0.08627259950552961,-0.1951227493316799
0.0,0.0,0.0,0.0,0.0,0.0,0.0,0.0,0.0,0.0,0.0,0.0,0.0,0.0,0.0,0.0,0.0,0.0,0.0,0.0,0.0,0.0,0.0,0.0,0.0,0.0,0.0,0.0,0.0,0.0,0.0,0.0,0.0,0.0,0.0,0.0,0.0,0.0,0.0,0.0
