0.6942129629629634,0.6890277777777782,0.6501388888888892,0.5775462962962966,0.5112500000000003,0.4627314814814817,0.38569444444444473,0.2621759259259264,0.14384259259259322,0.012916666666667024,-0.0835648148148146,-0.17800925925925895,-0.2539351851851849,-0.32986111111111077,-0.38134259259259223,-0.415972222222222,-0.47467592592592556,-0.553194444444444,-0.5283796296296294,-0.5244907407407405,-0.5243055555555554,-0.49449074074074056,-0.49097222222222203,-0.48282407407407385,-0.453935185185185,-0.45300925925925906,-0.4057870370370368,-0.32986111111111105,-0.25393518518518526,-0.16097222222222213,-0.06504629629629621,0.030879629629629837,0.1260648148148149,0.23791666666666647,0.3486574074074074,0.42569444444444465,0.4742129629629633,0.5405092592592595,0.6131018518518516,0.6519907407407409
-0.4769583333333336,-0.4769583333333336,-0.4769583333333336,-0.46881018518518547,-0.43992129629629656,-0.4288101851851854,-0.3902916666666669,-0.3504768518518521,-0.27695833333333364,-0.19936574074074095,-0.07140277777777805,0.026930555555555326,0.157856481481481,0.2713749999999997,0.3767453703703695,0.4767453703703701,0.49785648148148126,0.5224861111111109,0.5263749999999999,0.5598935185185182,0.5600787037037035,0.5548935185185182,0.5226712962962962,0.4810046296296295,0.43859722222222247,0.3647083333333334,0.25526388888888873,0.17544907407407417,0.08156018518518514,0.02489351851851843,-0.0676990740740739,-0.1286250000000002,-0.20288425925925915,-0.2558472222222225,-0.29325462962962984,-0.3306620370370373,-0.3651064814814817,-0.36899537037037067,-0.40251388888888906,-0.4028842592592595
0.0,0.0,0.0,0.0,0.0,0.0,0.0,0.0,0.0,0.0,0.0,0.0,0.0,0.0,0.0,0.0,0.0,0.0,0.0,0.0,0.0,0.0,0.0,0.0,0.0,0.0,0.0,0.0,0.0,0.0,0.0,0.0,0.0,0.0,0.0,0.0,0.0,0.0,0.0,0.0
0.5320370370370372,0.5281481481481483,0.49425925925925907,0.44870370370370366,0.38240740740740736,0.33388888888888907,0.26944444444444426,0.18444444444444447,0.10611111111111106,0.030185185185184968,-0.04759259259259273,-0.15499999999999994,-0.17759259259259266,-0.21592592592592585,-0.2650000000000002,-0.3244444444444445,-0.3598148148148149,-0.3894444444444442,-0.39759259259259255,-0.4046296296296298,-0.43462962962962975,-0.42592592592592604,-0.39759259259259255,-0.39814814814814814,-0.4124074074074077,-0.34851851851851867,-0.28796296296296303,-0.2505555555555557,-0.21166666666666678,-0.1237037037037037,-0.06425925925925936,0.011111111111110874,0.09203703703703663,0.1820370370370366,0.25796296296296245,0.33388888888888907,0.4068518518518517,0.44925925925925925,0.5212962962962963,0.5283333333333334
-0.3409074074074075,-0.3409074074074075,-0.3409074074074075,-0.3409074074074075,-0.3401666666666668,-0.3066481481481482,-0.2912777777777779,-0.2527592592592594,-0.21275925925925934,-0.1407222222222223,-0.07979629629629638,0.03279629629629631,0.1257592592592592,0.20168518518518502,0.25575925925925913,0.326685185185185,0.36205555555555535,0.39168518518518514,0.3998333333333332,0.4033518518518517,0.4331666666666665,0.4281666666666666,0.39316666666666655,0.36224074074074036,0.32798148148148143,0.27946296296296336,0.21612962962962948,0.16464814814814824,0.08872222222222242,0.012796296296296342,-0.0612777777777776,-0.10368518518518526,-0.1564629629629628,-0.19387037037037053,-0.23127777777777786,-0.2659074074074076,-0.2942407407407408,-0.30387037037037046,-0.30387037037037046,-0.30387037037037046
0.0,0.0,0.0,0.0,0.0,0.0,0.0,0.0,0.0,0.0,0.0,0.0,0.0,0.0,0.0,0.0,0.0,0.0,0.0,0.0,0.0,0.0,0.0,0.0,0.0,0.0,0.0,0.0,0.0,0.0,0.0,0.0,0.0,0.0,0.0,0.0,0.0,0.0,0.0,0.0
0.4758101851851855,0.4719212962962967,0.43803240740740784,0.39247685185185216,0.32692129629629646,0.31192129629629645,0.23877314814814848,0.16284722222222267,0.08543981481481501,-0.006967592592592177,-0.048263888888888544,-0.17307870370370312,-0.1264120370370368,-0.1671527777777776,-0.2064120370370368,-0.3019675925925926,-0.3871527777777774,-0.3073379629629628,-0.3056712962962959,-0.3515972222222217,-0.35752314814814784,-0.36585648148148125,-0.3056712962962959,-0.3230787037037033,-0.40196759259259296,-0.3269675925925931,-0.2190046296296294,-0.19326388888888865,-0.214560185185184,-0.1290046296296294,-0.08159722222222196,0.009328703703703771,0.08692129629629632,0.16284722222222214,0.2143287037037039,0.2776620370370373,0.3506250000000002,0.3930324074074077,0.43469907407407465,0.46692129629629653
-0.3308194444444443,-0.3306342592592594,-0.3271157407407409,-0.3271157407407409,-0.3263750000000002,-0.29285648148148163,-0.2774861111111113,-0.23767129629629652,-0.16563425925925945,-0.12322685185185207,-0.03267129629629637,0.04825462962962938,0.14177314814814784,0.20769907407407381,0.24658796296296312,0.33955092592592573,0.39436574074074043,0.30732870370370385,0.3391805555555557,0.35010648148148116,0.35066203703703674,0.3960324074074077,0.30547685185185214,0.2849212962962958,0.32103240740740724,0.27751388888888934,0.21473611111111102,0.1554768518518517,0.10399537037037047,0.04455092592592588,-0.030819444444444625,-0.0861898148148149,-0.12859722222222217,-0.18007870370370394,-0.21748611111111127,-0.2548935185185187,-0.28933796296296316,-0.29007870370370387,-0.29007870370370387,-0.29007870370370387
0.0,0.0,0.0,0.0,0.0,0.0,0.0,0.0,0.0,0.0,0.0,0.0,0.0,0.0,0.0,0.0,0.0,0.0,0.0,0.0,0.0,0.0,0.0,0.0,0.0,0.0,0.0,0.0,0.0,0.0,0.0,0.0,0.0,0.0,0.0,0.0,0.0,0.0,0.0,0.0
0.16851409932659941,0.16481039562289565,0.1577733585858587,0.09332891414141418,0.05592150673400685,0.018514099326599382,-0.018893308080808083,-0.0703747895622892,-0.14630071548821527,-0.22222664141414136,-0.2851896043771043,-0.4016710858585859,0.11248716329966275,0.28369928451178456,0.2770326178451179,0.15740298821548868,0.22406965488215497,0.022032617845118254,0.135921506734007,0.14869928451178446,0.12221780303030311,0.05388446969696982,0.07406965488215533,0.030736321548821673,-0.015930345117845184,0.08795854377104396,0.09388446969696976,-0.2849118265993249,-0.47815256734006717,-0.3781525673400673,-0.2981525673400673,-0.22222664141414136,-0.1463007154882154,-0.07037478956228972,-0.018893308080808083,0.04166224747474753,0.08110669191919202,0.12277335858585843,0.16444002525252535,0.16481039562289565
-0.11869907407407412,-0.11869907407407412,-0.11869907407407412,-0.11055092592592615,-0.08166203703703721,-0.07055092592592607,-0.03203240740740759,0.007782407407407198,0.0657453703703702,0.11852314814814802,0.1757453703703703,0.19926388888888874,0.019078703703704143,-0.12906944444444465,-0.08536574074074058,-0.09184722222222234,-0.10906944444444443,-0.0929583333333335,-0.11832870370370369,-0.11869907407407412,-0.11869907407407412,-0.08536574074074098,-0.1149953703703705,-0.09240277777777779,-0.09425462962962954,-0.10851388888888912,-0.10943981481481499,0.1722268518518505,0.2753750000000001,0.2500046296296294,0.1979675925925927,0.15759722222222208,0.13833796296296283,0.10481944444444427,0.07907870370370391,0.04056018518518503,0.029449074074073895,0.029449074074073895,0.029449074074073895,0.029449074074073895
0.0,0.0,0.0,0.0,0.0,0.0,0.0,0.0,0.0,0.0,0.0,0.0,0.0,0.0,0.0,0.0,0.0,0.0,0.0,0.0,0.0,0.0,0.0,0.0,0.0,0.0,0.0,0.0,0.0,0.0,0.0,0.0,0.0,0.0,0.0,0.0,0.0,0.0,0.0,0.0
0.23852735690235696,0.22963846801346802,0.19741624579124575,0.15519402356902365,0.08889772727272724,0.051490319865319906,0.0003792087542088304,-0.10906523569023555,-0.18739856902356897,-0.2633244949494949,-0.33739856902356896,-0.37980597643097624,-0.4111022727272727,0.1024162457912449,0.4892680976430976,0.2838135521885529,0.3004802188552189,0.2529718013468014,0.3211199494949497,-0.2579541245791219,0.2348236531986532,-0.33110227272727394,-0.17073190235690455,0.23408291245791263,-0.1273985690235705,0.29315698653198663,0.2818606902356904,-0.45165782828282786,-0.454065235690236,-0.3781393097643099,-0.3022133838383841,-0.22628745791245788,-0.15036153198653193,-0.07443560606060623,0.0014903198653194573,0.07741624579124594,0.12593476430976427,0.18908291245791237,0.22815698653198643,0.2348236531986532
-0.3728706268166261,-0.3715743305203298,-0.3665743305203298,-0.33898173792773717,-0.30546321940921867,-0.2913891453351446,-0.25175951570551497,-0.17842618237218158,-0.10250025644625577,-0.009537293483292752,0.08824048429448504,0.1976849287389293,0.2774997435537443,0.22861085466485578,0.11342566947967062,0.02073206678606762,0.18813947419347501,0.022870113924114657,-0.005833589779588995,0.3122686446862803,0.033496070459162114,0.6807610063191406,0.2906811443384523,0.025443050907269452,0.11515341525700348,0.003981225035225577,0.01898122503522575,0.32712937318337393,0.2752775213315224,0.1993515954055963,0.12342566947967047,0.06749974355374422,0.008610854664855734,-0.044352108298107616,-0.08175951570551494,-0.14231507126107043,-0.18175951570551493,-0.19138914533514462,-0.19138914533514462,-0.19138914533514462
0.0,0.0,0.0,0.0,0.0,0.0,0.0,0.0,0.0,0.0,0.0,0.0,0.0,0.0,0.0,0.0,0.0,0.0,0.0,0.0,0.0,0.0,0.0,0.0,0.0,0.0,0.0,0.0,0.0,0.0,0.0,0.0,0.0,0.0,0.0,0.0,0.0,0.0,0.0,0.0
0.5902407407407411,0.5813518518518521,0.5424629629629634,0.4698703703703707,0.4035740740740745,0.36616666666666686,0.3150555555555559,0.20561111111111152,0.12727777777777813,0.051351851851852044,-0.026425925925925523,-0.1358703703703699,-0.21346296296296272,-0.28938888888888853,-0.34087037037037005,-0.3754999999999998,-0.4067962962962959,-0.44994444444444415,-0.45383333333333303,-0.483833333333333,-0.483833333333333,-0.4875370370370366,-0.4871666666666663,-0.4530925925925923,-0.4164259259259256,-0.40142592592592563,-0.34087037037037005,-0.2893888888888888,-0.21346296296296285,-0.12049999999999983,-0.026425925925925523,0.035981481481481704,0.12727777777777813,0.22616666666666654,0.31616666666666654,0.3920925925925929,0.44061111111111173,0.5069074074074078,0.5794999999999999,0.6183888888888892
-0.3505092592592597,-0.3505092592592597,-0.3505092592592597,-0.3499537037037041,-0.31643518518518554,-0.31347222222222265,-0.30087962962963005,-0.2623611111111116,-0.22384259259259295,-0.18365740740740774,-0.09125000000000043,0.005231481481481197,0.11467592592592558,0.2126388888888884,0.26912037037036984,0.34393518518518473,0.39245370370370336,0.4267129629629625,0.4576388888888887,0.46430555555555536,0.46430555555555536,0.46412037037037013,0.43023148148148127,0.39282407407407366,0.3554166666666663,0.306898148148148,0.23097222222222188,0.15374999999999991,0.04430555555555552,-0.03384259259259287,-0.10791666666666681,-0.1303240740740745,-0.18532407407407422,-0.22532407407407415,-0.24199074074074117,-0.27550925925925973,-0.30384259259259294,-0.31347222222222265,-0.31013888888888935,-0.3084722222222223
0.0,0.0,0.0,0.0,0.0,0.0,0.0,0.0,0.0,0.0,0.0,0.0,0.0,0.0,0.0,0.0,0.0,0.0,0.0,0.0,0.0,0.0,0.0,0.0,0.0,0.0,0.0,0.0,0.0,0.0,0.0,0.0,0.0,0.0,0.0,0.0,0.0,0.0,0.0,0.0
0.602027777777778,0.5931388888888891,0.5542500000000001,0.4816574074074075,0.41610185185185206,0.40017592592592616,0.29350925925925936,0.20091666666666705,0.08647222222222248,-0.027972222222222096,-0.1257499999999999,-0.2351944444444443,-0.29130555555555565,-0.3492685185185184,-0.3890833333333332,-0.4276018518518517,-0.4416759259259256,-0.4751944444444443,-0.4757499999999999,-0.5040833333333331,-0.5053796296296296,-0.4757499999999999,-0.4757499999999999,-0.4757499999999999,-0.4661203703703703,-0.42667592592592596,-0.3661203703703703,-0.3146388888888891,-0.23723148148148182,-0.12612037037037047,-0.014638888888888786,0.08313888888888901,0.17832407407407394,0.2901759259259259,0.40091666666666675,0.4779537037037037,0.5538796296296296,0.6298055555555556,0.6753611111111111,0.7092499999999999
-0.4786111111111111,-0.4786111111111111,-0.4782407407407407,-0.44416666666666665,-0.4074999999999999,-0.3934259259259259,-0.3537962962962962,-0.2817592592592593,-0.2393518518518518,-0.14861111111111122,-0.05268518518518516,0.043240740740740885,0.15768518518518493,0.2491666666666669,0.3250925925925927,0.40101851851851855,0.4739814814814817,0.5132407407407408,0.5213888888888889,0.5213888888888889,0.5213888888888889,0.5213888888888889,0.5147222222222223,0.476203703703704,0.43694444444444497,0.36398148148148174,0.2869444444444448,0.1775000000000004,0.099166666666667,0.023240740740741183,-0.07120370370370316,-0.16564814814814802,-0.22009259259259242,-0.2780555555555553,-0.31787037037036997,-0.35638888888888887,-0.3675,-0.3675,-0.36416666666666664,-0.36249999999999966
0.0,0.0,0.0,0.0,0.0,0.0,0.0,0.0,0.0,0.0,0.0,0.0,0.0,0.0,0.0,0.0,0.0,0.0,0.0,0.0,0.0,0.0,0.0,0.0,0.0,0.0,0.0,0.0,0.0,0.0,0.0,0.0,0.0,0.0,0.0,0.0,0.0,0.0,0.0,0.0
0.8467731481481485,0.8376990740740743,0.7715879629629635,0.6925138888888893,0.6223287037037042,0.539365740740741,0.4260324074074078,0.2986250000000002,0.14677314814814857,-0.005078703703703348,-0.3235972222222219,-0.30544907407407346,-0.37841203703703674,-0.46081944444444406,-0.5147083333333329,-0.5532268518518514,-0.5673009259259256,-0.6297083333333328,-0.6384120370370368,-0.6384120370370368,-0.6384120370370368,-0.6384120370370368,-0.6384120370370368,-0.6302638888888886,-0.600634259259259,-0.5550787037037037,-0.4791527777777774,-0.40193055555555546,-0.29100462962962936,-0.17767129629629608,-0.06248611111111118,0.08436574074074106,0.19936574074074068,0.33566203703703673,0.4630694444444443,0.5995509259259261,0.6875138888888891,0.7923287037037041,0.8730694444444443,0.9119583333333336
-0.6739768518518522,-0.6687916666666669,-0.6365694444444449,-0.6024953703703707,-0.565828703703704,-0.5508287037037038,-0.47768055555555583,-0.4004583333333336,-0.2910138888888892,-0.19582870370370387,-0.14619907407407423,0.06380092592592543,0.22231944444444426,0.351208333333333,0.46454166666666646,0.5491712962962962,0.6149120370370367,0.6876898148148145,0.6963935185185185,0.6963935185185185,0.7297268518518517,0.699912037037037,0.6897268518518518,0.6512083333333331,0.6023194444444444,0.5010231481481484,0.3789861111111111,0.2747268518518519,0.16380092592592607,0.0350972222222223,-0.08138425925925917,-0.19582870370370362,-0.2887916666666666,-0.36471759259259257,-0.4380509259259258,-0.47768055555555583,-0.5161990740740743,-0.5226805555555558,-0.48916203703703737,-0.48879166666666696
0.0,0.0,0.0,0.0,0.0,0.0,0.0,0.0,0.0,0.0,0.0,0.0,0.0,0.0,0.0,0.0,0.0,0.0,0.0,0.0,0.0,0.0,0.0,0.0,0.0,0.0,0.0,0.0,0.0,0.0,0.0,0.0,0.0,0.0,0.0,0.0,0.0,0.0,0.0,0.0
0.19336111111111173,0.19336111111111173,0.19299074074074143,0.1594722222222226,0.15558333333333357,0.12206481481481528,0.10669444444444467,0.06687962962963001,0.010398148148148849,0.006509259259259813,-0.02700925925925901,-0.048861111111110724,-0.0681203703703701,-0.10163888888888867,-0.08367592592592546,-0.13812037037037012,-0.1429351851851845,-0.17645370370370334,-0.1770092592592589,-0.1770092592592589,-0.1770092592592589,-0.1770092592592589,-0.1770092592592589,-0.1770092592592589,-0.1770092592592589,-0.1658981481481479,-0.1399722222222216,-0.1386759259259257,-0.10367592592592569,-0.06626851851851809,-0.028861111111110758,0.02650925925925978,0.06669444444444474,0.10762037037037081,0.15521296296296327,0.18225000000000047,0.19632407407407462,0.22984259259259318,0.23373148148148223,0.26373148148148207
-0.14923148148148113,-0.1442314814814812,-0.1396018518518513,-0.13793518518518486,-0.11293518518518494,-0.13534259259259224,-0.11219444444444383,-0.11219444444444383,-0.0966388888888882,-0.05812037037036972,-0.019601851851851235,0.018916666666666988,0.03817592592592636,0.07410185185185252,0.11150925925925985,0.1461388888888893,0.17447222222222264,0.1841018518518522,0.18743518518518568,0.21743518518518548,0.21373148148148172,0.18391666666666692,0.15039814814814864,0.14706481481481518,0.13743518518518588,0.09891666666666739,0.060398148148148374,0.02187962962963015,-0.0010833333333329796,-0.018120370370369784,-0.03812037037037002,-0.040157407407407045,-0.07367592592592534,-0.07756481481481411,-0.11108333333333267,-0.11219444444444383,-0.11219444444444383,-0.11219444444444383,-0.13923148148148076,-0.11237962962962911
0.0,0.0,0.0,0.0,0.0,0.0,0.0,0.0,0.0,0.0,0.0,0.0,0.0,0.0,0.0,0.0,0.0,0.0,0.0,0.0,0.0,0.0,0.0,0.0,0.0,0.0,0.0,0.0,0.0,0.0,0.0,0.0,0.0,0.0,0.0,0.0,0.0,0.0,0.0,0.0
0.19801388888888896,0.192828703703704,0.16097685185185245,0.15282870370370435,0.1239398148148154,0.12301388888888953,0.08838425925925956,0.050976851851852224,0.015050925925926342,0.011162037037037307,-0.022356481481481255,-0.044208333333332704,-0.06346759259259234,-0.09698611111111065,-0.10087499999999967,-0.11124537037037009,-0.13754166666666615,-0.17180092592592558,-0.14531944444444397,-0.17217129629629588,-0.17235648148148114,-0.17235648148148114,-0.17235648148148114,-0.17235648148148114,-0.1634675925925922,-0.15846759259259227,-0.1353194444444441,-0.12124537037037021,-0.09680092592592562,-0.06161574074074033,-0.024208333333333002,0.031162037037037276,0.05208796296296338,0.10856944444444482,0.126532407407408,0.1859768518518521,0.19801388888888896,0.22690277777777815,0.23505092592592625,0.23505092592592625
-0.1786111111111113,-0.17361111111111138,-0.16898148148148148,-0.16731481481481503,-0.141574074074074,-0.141574074074074,-0.14046296296296285,-0.10694444444444429,-0.10305555555555551,-0.06787037037037022,-0.030462962962963153,0.024907407407407125,0.04583333333333349,0.08175925925925938,0.11916666666666671,0.17972222222222192,0.19472222222222196,0.2282407407407408,0.22879629629629636,0.22879629629629636,0.22879629629629636,0.22361111111111118,0.19138888888888878,0.15787037037037022,0.14509259259259247,0.10657407407407425,0.07953703703703707,0.0319444444444446,0.006574074074073884,-0.01046296296296292,-0.0323148148148149,-0.06583333333333347,-0.06972222222222223,-0.10324074074074054,-0.10453703703703697,-0.13046296296296273,-0.141574074074074,-0.141574074074074,-0.141574074074074,-0.141574074074074
0.0,0.0,0.0,0.0,0.0,0.0,0.0,0.0,0.0,0.0,0.0,0.0,0.0,0.0,0.0,0.0,0.0,0.0,0.0,0.0,0.0,0.0,0.0,0.0,0.0,0.0,0.0,0.0,0.0,0.0,0.0,0.0,0.0,0.0,0.0,0.0,0.0,0.0,0.0,0.0
0.26294444444444465,0.25775925925925947,0.22553703703703706,0.19146296296296295,0.1547962962962962,0.1407222222222223,0.10109259259259265,0.04183333333333334,0.005907407407407324,0.0020185185185184196,-0.033351851851851626,-0.08872222222222216,-0.1289074074074074,-0.16742592592592587,-0.18150000000000002,-0.1842777777777778,-0.21779629629629635,-0.24427777777777757,-0.22224074074074043,-0.25187037037037024,-0.25187037037037036,-0.22224074074074082,-0.24557407407407414,-0.21853703703703709,-0.20890740740740738,-0.18150000000000002,-0.16890740740740745,-0.14316666666666655,-0.09409259259259291,-0.05168518518518526,0.0036851851851851494,0.059055555555555556,0.10146296296296295,0.17590740740740707,0.22738888888888883,0.2620185185185188,0.2903518518518519,0.32887037037037037,0.3370185185185185,0.3370185185185185
-0.08081018518518511,-0.10914351851851846,-0.08118055555555541,-0.10710648148148144,-0.11488425925925926,-0.10673611111111088,-0.08081018518518511,-0.08081018518518511,-0.07932870370370367,-0.04581018518518536,-0.04192129629629659,-0.008402777777777768,0.014745370370370117,0.030300925925925735,0.054745370370370056,0.0932638888888888,0.10437499999999982,0.10437499999999982,0.10770833333333327,0.14122685185185183,0.14141203703703684,0.14122685185185183,0.10770833333333327,0.10437499999999982,0.10363425925925922,0.07011574074074066,0.05474537037037058,0.029004629629629568,-0.004513888888888994,-0.023773148148148106,-0.04377314814814834,-0.04377314814814834,-0.04377314814814834,-0.04377314814814834,-0.04377314814814834,-0.04377314814814834,-0.04377314814814834,-0.04377314814814834,-0.04377314814814834,-0.04377314814814834
0.0,0.0,0.0,0.0,0.0,0.0,0.0,0.0,0.0,0.0,0.0,0.0,0.0,0.0,0.0,0.0,0.0,0.0,0.0,0.0,0.0,0.0,0.0,0.0,0.0,0.0,0.0,0.0,0.0,0.0,0.0,0.0,0.0,0.0,0.0,0.0,0.0,0.0,0.0,0.0
0.0,0.0,0.0,0.0,0.0,0.0,0.0,0.0,0.0,0.0,0.0,0.0,0.0,0.0,0.0,0.0,0.0,0.0,0.0,0.0,0.0,0.0,0.0,0.0,0.0,0.0,0.0,0.0,0.0,0.0,0.0,0.0,0.0,0.0,0.0,0.0,0.0,0.0,0.0,0.0
-0.035708333333333175,-0.035708333333333175,-0.035708333333333175,-0.035708333333333175,-0.035708333333333175,-0.035708333333333175,-0.035708333333333175,-0.035708333333333175,-0.03422685185185146,-0.0007083333333328996,0.00132870370370439,0.00132870370370439,0.00132870370370439,0.00132870370370439,0.00132870370370439,0.00132870370370439,0.00132870370370439,0.00132870370370439,0.00132870370370439,0.00132870370370439,0.00132870370370439,0.00132870370370439,0.00132870370370439,0.00132870370370439,0.00132870370370439,0.00132870370370439,0.00132870370370439,0.00132870370370439,0.00132870370370439,0.00132870370370439,0.00132870370370439,0.00132870370370439,0.02281018518518528,0.0383657407407409,0.0383657407407409,0.0383657407407409,0.0383657407407409,0.0383657407407409,0.0383657407407409,0.0383657407407409
0.0,0.0,0.0,0.0,0.0,0.0,0.0,0.0,0.0,0.0,0.0,0.0,0.0,0.0,0.0,0.0,0.0,0.0,0.0,0.0,0.0,0.0,0.0,0.0,0.0,0.0,0.0,0.0,0.0,0.0,0.0,0.0,0.0,0.0,0.0,0.0,0.0,0.0,0.0,0.0
0.20500925925925945,0.17167592592592615,0.17760185185185196,0.1490833333333336,0.1709351851851853,0.13649074074074086,0.0990833333333338,0.04889814814814873,0.023527777777778012,0.021861111111111282,-0.01165740740740728,-0.033509259259258996,-0.07424999999999979,-0.10276851851851816,-0.10165740740740727,-0.12647222222222163,-0.1638796296296295,-0.19499074074074046,-0.16202777777777747,-0.16517592592592564,-0.1986944444444442,-0.1986944444444442,-0.1986944444444442,-0.1986944444444442,-0.18906481481481466,-0.16165740740740717,-0.1501759259259256,-0.14517592592592568,-0.10906481481481452,-0.07054629629629604,-0.03202777777777781,0.026490740740740912,0.08204629629629673,0.12297222222222254,0.170564814814815,0.1976018518518522,0.2116759259259261,0.2451944444444449,0.24908333333333396,0.2790833333333338
-0.10254166666666667,-0.12717129629629628,-0.12254166666666638,-0.12087499999999991,-0.09513425925925889,-0.09513425925925889,-0.09513425925925889,-0.09513425925925889,-0.07957870370370328,-0.04106018518518479,-0.019208333333333338,0.016347222222222513,0.05153240740740754,0.07597685185185211,0.11449537037037034,0.12708796296296332,0.13005092592592624,0.16356944444444452,0.16745833333333382,0.19745833333333337,0.1641250000000001,0.16393981481481482,0.13042129629629678,0.12653240740740776,0.09301388888888919,0.07893981481481528,0.05190277777777784,0.017087962962963107,-0.01883796296296278,-0.02272685185185155,-0.05624537037036985,-0.058097222222221856,-0.058097222222221856,-0.08106018518518446,-0.09513425925925889,-0.09513425925925889,-0.0980972222222218,-0.1027268518518517,-0.09513425925925889,-0.09513425925925889
0.0,0.0,0.0,0.0,0.0,0.0,0.0,0.0,0.0,0.0,0.0,0.0,0.0,0.0,0.0,0.0,0.0,0.0,0.0,0.0,0.0,0.0,0.0,0.0,0.0,0.0,0.0,0.0,0.0,0.0,0.0,0.0,0.0,0.0,0.0,0.0,0.0,0.0,0.0,0.0
0.06226388888888921,0.058375000000000433,0.05485648148148196,0.054300925925926384,0.020782407407407822,0.017819444444444922,0.01670833333333377,-0.016810185185185053,-0.019217592592592377,-0.019217592592592377,-0.019217592592592377,-0.019217592592592377,-0.019217592592592377,-0.0216249999999997,-0.030699074074073945,-0.019217592592592377,-0.022180555555555276,-0.05569907407407384,-0.05625462962962941,-0.05625462962962941,-0.05625462962962941,-0.05625462962962941,-0.05625462962962941,-0.05625462962962941,-0.05625462962962941,-0.05625462962962941,-0.05736574074074057,-0.07681018518518495,-0.05477314814814797,-0.03662499999999974,-0.021069444444444124,-0.017180555555555352,0.018560185185185516,0.05356018518518552,0.05744907407407456,0.09096759259259286,0.09189351851851874,0.12078240740740766,0.12893055555555577,0.12893055555555577
-0.04890740740740724,-0.04890740740740724,-0.04890740740740724,-0.04890740740740724,-0.04890740740740724,-0.04890740740740724,-0.04890740740740724,-0.04890740740740724,-0.04890740740740724,-0.047240740740740514,-0.013722222222222216,-0.00983333333333318,0.023685185185185118,0.025166666666666566,0.049611111111110884,0.06498148148148096,0.09850000000000005,0.09924074074074064,0.09924074074074064,0.09924074074074064,0.09924074074074064,0.09924074074074064,0.09257407407407425,0.0622037037037036,0.0622037037037036,0.0510925925925926,0.024055555555555413,-0.009462962962962883,-0.011870370370370469,-0.02890740740740701,-0.04890740740740724,-0.04890740740740724,-0.04890740740740724,-0.04890740740740724,-0.04890740740740724,-0.04890740740740724,-0.04890740740740724,-0.04890740740740724,-0.04890740740740724,-0.04890740740740724
0.0,0.0,0.0,0.0,0.0,0.0,0.0,0.0,0.0,0.0,0.0,0.0,0.0,0.0,0.0,0.0,0.0,0.0,0.0,0.0,0.0,0.0,0.0,0.0,0.0,0.0,0.0,0.0,0.0,0.0,0.0,0.0,0.0,0.0,0.0,0.0,0.0,0.0,0.0,0.0
-0.0065794689317423645,-0.0065794689317423645,-0.0065794689317423645,-0.0065794689317423645,-0.0065794689317423645,-0.0065794689317423645,-0.0065794689317423645,-0.0065794689317423645,-0.0065794689317423645,-0.0065794689317423645,-0.0065794689317423645,-0.0065794689317423645,0.014902012549739054,0.007494605142331541,0.015272382920109615,0.020272382920109803,0.027494605142331773,-0.006023913376186788,-0.0065794689317423645,-0.00593973829201178,-0.005906068258341777,-0.003535391796756084,-0.0065794689317423645,-0.0065794689317423645,-0.0065794689317423645,-0.0065794689317423645,-0.0065794689317423645,-0.0065794689317423645,-0.0065794689317423645,-0.0065794689317423645,-0.0065794689317423645,-0.0065794689317423645,-0.0065794689317423645,-0.006141758494031798,-0.00449192684420007,0.016568679216405785,-0.002875765228038871,0.029902012549739097,0.030457568105294673,0.030457568105294673
-0.0076157407407406565,-0.0076157407407406565,-0.0076157407407406565,-0.0076157407407406565,-0.0076157407407406565,-0.008541666666666793,-0.04094907407407367,-0.011319444444444675,-0.04094907407407367,-0.009652777777777946,-0.0076157407407406565,-0.0076157407407406565,-0.0076157407407406565,-0.0076157407407406565,-0.0076157407407406565,0.018310185185185374,0.02942129629629638,0.026273148148148465,-0.007245370370370097,-0.0076157407407406565,-0.0076157407407406565,-0.0076157407407406565,-0.0076157407407406565,-0.0076157407407406565,-0.0076157407407406565,-0.0076157407407406565,-0.0076157407407406565,-0.0076157407407406565,-0.0076157407407406565,-0.0076157407407406565,-0.0076157407407406565,-0.0076157407407406565,0.013865740740740762,0.02942129629629638,0.02942129629629638,0.02942129629629638,0.02942129629629638,0.02942129629629638,0.02942129629629638,0.02942129629629638
0.0,0.0,0.0,0.0,0.0,0.0,0.0,0.0,0.0,0.0,0.0,0.0,0.0,0.0,0.0,0.0,0.0,0.0,0.0,0.0,0.0,0.0,0.0,0.0,0.0,0.0,0.0,0.0,0.0,0.0,0.0,0.0,0.0,0.0,0.0,0.0,0.0,0.0,0.0,0.0
0.4957617845117851,0.46224326599326654,0.45168771043771083,0.3790951178451182,0.31279882154882194,0.2642803030303033,0.18724326599326635,0.06372474747474807,-0.05312710437710369,-0.16923821548821513,-0.30053451178451146,0.0552062289562273,0.23576178451178312,0.8488930976430988,0.5157954545454548,0.9800210437710426,0.40465067340067445,-0.22841329966330154,-0.7195580808080804,-0.7264604377104374,-0.7146759259259257,-0.7152651515151512,-0.726090067340067,-0.6925715488215486,-0.6894234006734004,-0.6783122895622895,-0.32868265993266166,-0.4551641414141414,0.3640446127946121,-0.12667929292929087,-0.2653493265993266,-0.16757154882154854,-0.07238636363636346,0.03946548821548811,0.12576178451178474,0.2161321548821553,0.2757617845117849,0.34205808080808114,0.3876136363636366,0.42150252525252546
-0.3357861952861955,-0.3357861952861955,-0.3357861952861955,-0.3357861952861955,-0.33504545454545476,-0.3006010101010102,-0.26319360269360287,-0.21300841750841767,-0.17060101010101028,-0.07986026936026958,0.03458417508417487,-0.0665269360269356,-0.07652693602693558,-0.1826380471380473,-0.04245286195286,-0.26171212121212145,-0.19060101010101066,0.024954545454548206,0.6553249158249153,0.6925471380471376,0.6554595959595956,0.6558973063973058,0.6575471380471378,0.618473063973064,0.5553249158249157,0.49476936026936075,0.17569528619528724,0.23828787878787872,-0.22837878787878763,-0.09300841750841905,0.05310269360269365,-0.022823232323232304,-0.07726767676767697,-0.1352306397306396,-0.17504545454545437,-0.21356397306397326,-0.25208249158249174,-0.26171212121212145,-0.26171212121212145,-0.26523063973063976
0.0,0.0,0.0,0.0,0.0,0.0,0.0,0.0,0.0,0.0,0.0,0.0,0.0,0.0,0.0,0.0,0.0,0.0,0.0,0.0,0.0,0.0,0.0,0.0,0.0,0.0,0.0,0.0,0.0,0.0,0.0,0.0,0.0,0.0,0.0,0.0,0.0,0.0,0.0,0.0
0.6992222222222224,0.6953333333333331,0.6614444444444447,0.6158888888888894,0.5488518518518519,0.46681481481481507,0.3870000000000002,0.26348148148148176,0.1466296296296299,0.03051851851851871,-0.10077777777777765,-0.19411111111111085,-0.288185185185185,-0.36559259259259236,-0.41707407407407376,-0.45170370370370355,-0.48299999999999976,-0.526148148148148,-0.5267037037037036,-0.5267037037037036,-0.5267037037037036,-0.5267037037037036,-0.5200370370370371,-0.48911111111111094,-0.4555925925925925,-0.45170370370370355,-0.4044814814814815,-0.32855555555555566,-0.2526296296296297,-0.15966666666666665,-0.06374074074074061,0.03218518518518531,0.1273703703703705,0.23922222222222195,0.34996296296296264,0.4270000000000001,0.502925925925926,0.5788518518518521,0.6244074074074077,0.6618148148148151
-0.45618518518518547,-0.45618518518518547,-0.45618518518518547,-0.45618518518518547,-0.4554444444444447,-0.42100000000000015,-0.3835925925925928,-0.33340740740740765,-0.29100000000000026,-0.20025925925925953,-0.08581481481481508,0.028629629629629356,0.14529629629629584,0.2702962962962958,0.350111111111111,0.45955555555555533,0.5089999999999998,0.5432592592592587,0.5438148148148143,0.5438148148148143,0.5438148148148143,0.543629629629629,0.5097407407407407,0.4723333333333333,0.4349259259259257,0.38548148148148154,0.2645555555555556,0.19381481481481497,0.08825925925925936,0.02659259259259259,-0.0672962962962963,-0.14322222222222225,-0.21692592592592602,-0.2593333333333333,-0.30692592592592616,-0.33674074074074095,-0.38137037037037064,-0.3821111111111114,-0.3821111111111114,-0.3856296296296297
0.0,0.0,0.0,0.0,0.0,0.0,0.0,0.0,0.0,0.0,0.0,0.0,0.0,0.0,0.0,0.0,0.0,0.0,0.0,0.0,0.0,0.0,0.0,0.0,0.0,0.0,0.0,0.0,0.0,0.0,0.0,0.0,0.0,0.0,0.0,0.0,0.0,0.0,0.0,0.0
-0.7625092592592595,-0.734916666666667,-0.8406574074074078,-0.7291759259259263,-0.7291759259259263,-0.6875092592592595,0.8197129629629627,0.8210092592592594,0.7152685185185182,0.6295277777777776,0.6986018518518514,0.2626759259259267,0.07452777777777758,0.2398981481481486,0.030824074074074146,-0.027324074074074015,-0.03436111111111123,0.5150833333333301,-0.021027777777777652,-0.03399074074074093,-0.029175925925926022,-0.06917592592592622,-0.1206574074074072,-0.023620370370370784,-0.08250925925925927,-0.12732407407407517,-0.07250925925925968,-0.09825000000000043,-0.04769444444444507,0.3519351851851827,0.7689722222222225,0.7523055555555556,0.7523055555555556,0.787305555555555,0.8689722222222237,-0.7189907407407411,-0.7573240740740741,-0.7662129629629632,-0.7865833333333335,-0.7882499999999995
0.2837870370370369,0.26174999999999965,0.42971296296296274,0.2911944444444443,0.29045370370370355,0.2652685185185184,0.07452777777777785,-0.16732407407407432,-0.20436111111111122,-0.19232407407407434,-0.1902870370370373,-0.1902870370370373,-0.1902870370370373,-0.18787962962962987,-0.1788055555555555,-0.16436111111111143,-0.18065740740740763,-0.1902870370370373,-0.19362037037037053,-0.1952870370370375,-0.1902870370370373,-0.21862037037037066,-0.18399074074074095,-0.18713888888888913,-0.1902870370370373,-0.18936111111111145,-0.16843518518518533,-0.20306481481481492,-0.19250925925925963,-0.1902870370370373,-0.17176851851851893,-0.1552870370370373,-0.16732407407407446,-0.17380555555555569,-0.09213888888889027,0.7152685185185184,0.7148981481481488,0.5563796296296287,0.6704537037037035,0.5463796296296342
0.0,0.0,0.0,0.0,0.0,0.0,0.0,0.0,0.0,0.0,0.0,0.0,0.0,0.0,0.0,0.0,0.0,0.0,0.0,0.0,0.0,0.0,0.0,0.0,0.0,0.0,0.0,0.0,0.0,0.0,0.0,0.0,0.0,0.0,0.0,0.0,0.0,0.0,0.0,0.0
0.7101898148148149,0.70500462962963,0.6661157407407411,0.5935231481481482,0.527226851851852,0.4787083333333334,0.39018981481481485,0.27574537037037056,0.15981944444444476,0.011856481481481647,-0.08610648148148144,-0.18203240740740723,-0.27499537037037036,-0.3509212962962962,-0.4242546296296294,-0.4638842592592591,-0.47795833333333326,-0.5403657407407405,-0.5490694444444443,-0.5490694444444443,-0.5490694444444443,-0.5490694444444443,-0.5424027777777779,-0.5114768518518518,-0.47721759259259255,-0.43981018518518517,-0.3898101851851851,-0.31388425925925945,-0.23943981481481505,-0.17832870370370385,-0.05092129629629654,0.028893518518518582,0.14056018518518487,0.25389351851851827,0.3427824074074074,0.44074537037037076,0.5175972222222222,0.5935231481481482,0.6357453703703707,0.6679675925925926
-0.4312777777777782,-0.4312777777777782,-0.4312777777777782,-0.4307222222222226,-0.39720370370370406,-0.3933148148148153,-0.35868518518518555,-0.3212777777777782,-0.2683148148148153,-0.1907222222222226,-0.07942592592592634,0.033907407407406935,0.14501851851851805,0.24538888888888857,0.33538888888888857,0.4113148148148144,0.459833333333333,0.4940925925925924,0.49798148148148147,0.5314999999999998,0.531685185185185,0.5314999999999998,0.49761111111111117,0.4602037037037033,0.4131666666666661,0.3483518518518513,0.2857592592592591,0.1853888888888887,0.09538888888888895,0.014462962962962941,-0.07942592592592608,-0.15535185185185216,-0.2097962962962967,-0.24720370370370418,-0.2846111111111115,-0.322018518518519,-0.3564629629629634,-0.3829444444444446,-0.35757407407407454,-0.38905555555555554
0.0,0.0,0.0,0.0,0.0,0.0,0.0,0.0,0.0,0.0,0.0,0.0,0.0,0.0,0.0,0.0,0.0,0.0,0.0,0.0,0.0,0.0,0.0,0.0,0.0,0.0,0.0,0.0,0.0,0.0,0.0,0.0,0.0,0.0,0.0,0.0,0.0,0.0,0.0,0.0
-0.014421296296296602,-0.014421296296296602,-0.014421296296296602,-0.014421296296296602,-0.014421296296296602,-0.014421296296296602,-0.014421296296296602,-0.014421296296296602,-0.014421296296296602,-0.014421296296296602,-0.014421296296296602,-0.012384259259259576,0.02113425925925872,0.0020601851851848904,0.02150462962962902,0.022615740740740173,0.022615740740740173,0.022615740740740173,0.022615740740740173,0.022615740740740173,0.022615740740740173,0.022615740740740173,0.022615740740740173,0.022615740740740173,0.022615740740740173,0.021689814814814298,-0.011828703703703999,-0.014421296296296602,-0.014421296296296602,-0.014421296296296602,-0.014421296296296602,-0.014421296296296602,-0.014421296296296602,-0.012013888888889279,-0.0029398148148147727,-0.014421296296296602,-0.014421296296296602,-0.014421296296296602,0.015949074074073515,0.01909722222222196
-0.012162037037037344,-0.012162037037037344,-0.012162037037037344,-0.012162037037037344,-0.012162037037037344,-0.012162037037037344,-0.012162037037037344,-0.012162037037037344,-0.012162037037037344,-0.012162037037037344,-0.012162037037037344,-0.012162037037037344,-0.012162037037037344,-0.012162037037037344,-0.012162037037037344,0.010986111111110804,0.015986111111110465,0.024874999999999692,-0.005495370370370425,0.01617129629629601,0.01746759259259218,-0.012162037037037344,-0.012162037037037344,-0.012162037037037344,-0.012162037037037344,-0.012162037037037344,-0.012162037037037344,-0.012162037037037344,-0.012162037037037344,-0.012162037037037344,-0.010310185185185597,0.023208333333332963,0.024874999999999692,0.024874999999999692,0.024874999999999692,0.024874999999999692,0.024874999999999692,0.024874999999999692,0.024874999999999692,0.024874999999999692
0.0,0.0,0.0,0.0,0.0,0.0,0.0,0.0,0.0,0.0,0.0,0.0,0.0,0.0,0.0,0.0,0.0,0.0,0.0,0.0,0.0,0.0,0.0,0.0,0.0,0.0,0.0,0.0,0.0,0.0,0.0,0.0,0.0,0.0,0.0,0.0,0.0,0.0,0.0,0.0
-0.024162037037037273,-0.024162037037037273,-0.024162037037037273,-0.024162037037037273,-0.024162037037037273,-0.023236111111111138,-0.002310185185185295,-0.024162037037037273,-0.024162037037037273,-0.007124999999999941,0.012874999999999763,0.012874999999999763,0.012874999999999763,0.012874999999999763,0.012874999999999763,0.012874999999999763,0.012874999999999763,0.012874999999999763,0.012874999999999763,0.012874999999999763,0.012874999999999763,0.012874999999999763,0.012874999999999763,0.012874999999999763,0.012874999999999763,0.012874999999999763,0.012874999999999763,-0.0011990740740741414,-0.02268055555555582,-0.006199074074074331,-0.024162037037037273,-0.006199074074074331,-0.020458333333333252,0.011578703703703595,0.012874999999999763,0.012874999999999763,-0.011569444444444554,0.012319444444444187,0.012874999999999763,0.012874999999999763
-0.010571759259259276,-0.010571759259259276,-0.010571759259259276,-0.010571759259259276,-0.010571759259259276,-0.010571759259259276,-0.010571759259259276,-0.010571759259259276,-0.010571759259259276,-0.010571759259259276,-0.010571759259259276,-0.010571759259259276,-0.012793981481481583,-0.023349537037037012,-0.010571759259259276,0.015354166666666228,0.02646527777777776,0.02646527777777776,-0.003905092592592357,-0.008812500000000037,0.02090972222222252,-0.010571759259259276,-0.010571759259259276,-0.010571759259259276,-0.010571759259259276,-0.010571759259259276,-0.023164351851851468,-0.03353472222222241,-0.010571759259259276,-0.010571759259259276,-0.00871990740740753,0.024798611111111032,0.02646527777777776,0.02646527777777776,0.02646527777777776,0.02646527777777776,0.02646527777777776,0.02646527777777776,0.02646527777777776,0.02646527777777776
0.0,0.0,0.0,0.0,0.0,0.0,0.0,0.0,0.0,0.0,0.0,0.0,0.0,0.0,0.0,0.0,0.0,0.0,0.0,0.0,0.0,0.0,0.0,0.0,0.0,0.0,0.0,0.0,0.0,0.0,0.0,0.0,0.0,0.0,0.0,0.0,0.0,0.0,0.0,0.0
-0.017925925925925727,-0.017925925925925727,-0.017925925925925727,-0.017925925925925727,-0.017925925925925727,-0.017925925925925727,-0.006444444444444163,-0.015518518518517878,-0.017925925925925727,-0.002555555555555126,0.0024444444444450633,0.019111111111111308,0.019111111111111308,0.019111111111111308,0.019111111111111308,0.019111111111111308,0.019111111111111308,-0.006629629629629179,0.01874074074074075,0.019111111111111308,0.019111111111111308,0.018925925925926294,-0.014222222222221708,0.015962962962963394,0.01022222222222261,0.0052222222222224205,-0.017925925925925727,-0.017925925925925727,-0.017925925925925727,-0.017925925925925727,-0.017925925925925727,-0.017925925925925727,-0.017925925925925727,0.005037037037037403,-0.002740740740740143,0.018185185185185172,-0.005333333333333009,0.01855555555555573,0.019111111111111308,0.019111111111111308
-0.01206481481481479,-0.01206481481481479,-0.01206481481481479,-0.01206481481481479,-0.01206481481481479,-0.01206481481481479,-0.01206481481481479,-0.01206481481481479,-0.01206481481481479,-0.01206481481481479,-0.01206481481481479,-0.01206481481481479,-0.01206481481481479,-0.01206481481481479,-0.009472222222221924,0.02404629629629611,0.024972222222222246,0.024972222222222246,-0.0020648148148144107,0.021268518518518756,0.017564814814815262,-0.01206481481481479,-0.01206481481481479,-0.01206481481481479,-0.01206481481481479,-0.01206481481481479,-0.01206481481481479,-0.01206481481481479,-0.01206481481481479,-0.01206481481481479,-0.01206481481481479,-0.0100277777777775,0.023490740740741062,0.024972222222222246,0.024972222222222246,0.024972222222222246,0.024972222222222246,0.024972222222222246,0.024972222222222246,0.024972222222222246
0.0,0.0,0.0,0.0,0.0,0.0,0.0,0.0,0.0,0.0,0.0,0.0,0.0,0.0,0.0,0.0,0.0,0.0,0.0,0.0,0.0,0.0,0.0,0.0,0.0,0.0,0.0,0.0,0.0,0.0,0.0,0.0,0.0,0.0,0.0,0.0,0.0,0.0,0.0,0.0
0.002991372053872491,0.0013247053872056298,-0.03404566498316468,-0.03404566498316468,-0.03404566498316468,-0.03404566498316468,-0.02145307239057209,-0.009786405723905376,0.0007691498316501848,0.002991372053872491,0.002991372053872491,0.002991372053872491,0.002991372053872491,0.002991372053872491,0.002991372053872491,0.002991372053872491,0.002991372053872491,0.002991372053872491,-0.0003419612794609685,-0.00200862794612783,0.002991372053872491,0.002991372053872491,0.002991372053872491,0.002991372053872491,0.002991372053872491,0.002991372053872491,0.002991372053872491,-0.011082702020201547,-0.01849010942760932,0.002991372053872491,0.002991372053872491,0.002991372053872491,0.002991372053872491,0.002991372053872491,0.002991372053872491,0.004506523569024075,0.035247264309764624,0.0400284090909094,0.011324705387206271,0.03734322390572415
-0.056483796296296455,-0.05500231481481474,-0.016854166666667076,-0.02000231481481499,-0.023150462962963435,-0.023150462962963435,-0.023150462962963435,-0.023150462962963435,-0.023150462962963435,-0.023150462962963435,-0.023150462962963435,-0.003150462962963203,-0.005372685185184983,0.012590277777778484,0.013886574074074655,0.013886574074074655,0.013886574074074655,0.03962731481481514,0.01759027777777815,0.01888657407407432,0.04351620370370418,0.013886574074074655,0.013886574074074655,0.013886574074074655,0.013886574074074655,0.013886574074074655,0.013886574074074655,0.013886574074074655,0.013886574074074655,-0.0031504629629626768,-0.00463194444444439,0.013886574074074655,0.013886574074074655,0.03684953703703726,0.026479166666667373,0.011108796296296772,-0.02240972222222284,-0.023150462962963435,0.005553240740741006,-0.020465277777777534
0.0,0.0,0.0,0.0,0.0,0.0,0.0,0.0,0.0,0.0,0.0,0.0,0.0,0.0,0.0,0.0,0.0,0.0,0.0,0.0,0.0,0.0,0.0,0.0,0.0,0.0,0.0,0.0,0.0,0.0,0.0,0.0,0.0,0.0,0.0,0.0,0.0,0.0,0.0,0.0
-0.0029652777777777915,0.028886574074074304,-0.00963194444444458,-0.04000231481481496,-0.04000231481481496,-0.04000231481481496,-0.027409722222222373,-0.014446759259259357,0.014071759259259277,-0.0029652777777777915,-0.0029652777777777915,-0.0029652777777777915,-0.0029652777777777915,-0.0029652777777777915,-0.0029652777777777915,-0.0029652777777777915,-0.0029652777777777915,-0.0029652777777777915,-0.0029652777777777915,-0.0029652777777777915,-0.0029652777777777915,-0.0029652777777777915,-0.0029652777777777915,-0.0029652777777777915,0.006664351851851764,0.022960648148148504,-0.0029652777777777915,-0.0029652777777777915,-0.01703935185185183,-0.00500231481481495,-0.0029652777777777915,-0.0029652777777777915,-0.0029652777777777915,-0.0029652777777777915,-0.0029652777777777915,0.025738425925926123,0.04592361111111111,0.07055324074074057,0.012034722222222514,0.03490509259259248
-0.04670601851851778,-0.07855787037036908,-0.04003935185185138,-0.009668981481481266,-0.009668981481481266,-0.009668981481481266,-0.009668981481481266,-0.010965277777777437,-0.02892824074074038,-0.009668981481481266,-0.009668981481481266,-0.009668981481481266,-0.009668981481481266,-0.009668981481481266,-0.007076388888888401,0.026442129629630686,0.02736805555555682,0.02736805555555682,0.02736805555555682,0.02736805555555682,0.02736805555555682,0.02736805555555682,0.02736805555555682,0.02736805555555682,0.017738425925927004,0.0014421296296302654,0.014775462962964104,-0.009668981481481266,0.004405092592593165,-0.007631944444443977,-0.00781712962962952,0.025701388888890092,0.02736805555555682,0.02736805555555682,0.02736805555555682,-0.0013356481481476177,-0.021520833333332864,-0.0461504629629622,0.012368055555556255,-0.010502314814813842
0.0,0.0,0.0,0.0,0.0,0.0,0.0,0.0,0.0,0.0,0.0,0.0,0.0,0.0,0.0,0.0,0.0,0.0,0.0,0.0,0.0,0.0,0.0,0.0,0.0,0.0,0.0,0.0,0.0,0.0,0.0,0.0,0.0,0.0,0.0,0.0,0.0,0.0,0.0,0.0
-0.029476545760636616,-0.029442875726966616,-0.02388425925925896,-0.02913831496786025,-0.029476545760636616,-0.01836543464952561,0.00756049127640042,0.00756049127640042,0.00756049127640042,0.00756049127640042,0.00756049127640042,0.00756049127640042,0.00756049127640042,0.00756049127640042,0.00756049127640042,0.00756049127640042,0.00756049127640042,0.00756049127640042,0.00756049127640042,0.00756049127640042,0.00756049127640042,0.00756049127640042,0.00756049127640042,0.00756049127640042,0.00756049127640042,0.00756049127640042,0.00756049127640042,0.006264194980104249,-0.011698767982858956,-0.009476545760636387,-0.027624693908784873,0.0058938246097336895,-0.011698767982858429,0.006264194980104249,0.00756049127640042,0.00756049127640042,0.005338269054178113,0.007509986225895415,0.00756049127640042,0.00756049127640042
0.003958333333333418,-0.0293749999999996,-0.0293749999999996,-0.0293749999999996,-0.0293749999999996,-0.0293749999999996,-0.0293749999999996,-0.0293749999999996,-0.0293749999999996,-0.0293749999999996,-0.0293749999999996,-0.02733796296296284,-0.015300925925925694,-0.0293749999999996,-0.02678240740740726,0.006736111111110775,0.007662037037036911,0.007662037037036911,0.007662037037036911,0.007662037037036911,0.007662037037036911,0.007662037037036911,0.0009953703703705177,-0.028819444444444023,0.004699074074074011,0.007662037037036911,0.007662037037036911,0.007662037037036911,0.007662037037036911,0.007662037037036911,0.007662037037036911,0.007662037037036911,0.029143518518517802,0.04469907407407342,0.04469907407407342,0.04469907407407342,0.04173611111111052,0.011365740740740404,0.044328703703702864,0.04469907407407342
0.0,0.0,0.0,0.0,0.0,0.0,0.0,0.0,0.0,0.0,0.0,0.0,0.0,0.0,0.0,0.0,0.0,0.0,0.0,0.0,0.0,0.0,0.0,0.0,0.0,0.0,0.0,0.0,0.0,0.0,0.0,0.0,0.0,0.0,0.0,0.0,0.0,0.0,0.0,0.0
