-0.3508055555555557,-0.43191666666666645,-0.466916666666667,-0.5174722222222223,-0.5174722222222223,-0.5174722222222223,-0.5174722222222223,-0.5174722222222223,-0.48525000000000024,-0.4616388888888889,-0.40636111111111123,-0.35108333333333364,-0.2963611111111114,-0.19719444444444414,-0.1135833333333333,-0.029972222222222438,0.05363888888888921,0.15086111111111145,0.2558611111111115,0.3164166666666664,0.37697222222222254,0.4294722222222226,0.4869722222222228,0.5380833333333332,0.5791944444444445,0.5936388888888887,0.5936388888888887,0.5936388888888887,0.5936388888888887,0.543361111111111,0.5075277777777778,0.4219722222222219,0.29363888888888884,0.15752777777777716,0.0214166666666659,-0.11052777777777775,-0.194138888888889,-0.2741388888888889,-0.34636111111111134,-0.40386111111111117
-0.4326319444444443,-0.4326319444444443,-0.4326319444444443,-0.4326319444444443,-0.4326319444444443,-0.4326319444444443,-0.4326319444444443,-0.43179861111111095,-0.3792986111111109,-0.4195763888888886,-0.37707638888888856,-0.371798611111111,-0.29818749999999977,-0.22263194444444423,-0.1381874999999996,-0.006243055555555365,0.07847916666666717,0.21097916666666705,0.29514583333333394,0.4012569444444445,0.46181250000000024,0.5373680555555561,0.5673680555555557,0.5673680555555557,0.5718125000000001,0.6243125,0.6729236111111112,0.6107013888888891,0.5318124999999997,0.4482013888888885,0.3173680555555557,0.18125694444444462,0.09736805555555567,-0.030687500000000274,-0.11429861111111153,-0.15902083333333314,-0.22485416666666602,-0.30040972222222234,-0.3215208333333332,-0.3515208333333337
0.0,0.0,0.0,0.0,0.0,0.0,0.0,0.0,0.0,0.0,0.0,0.0,0.0,0.0,0.0,0.0,0.0,0.0,0.0,0.0,0.0,0.0,0.0,0.0,0.0,0.0,0.0,0.0,0.0,0.0,0.0,0.0,0.0,0.0,0.0,0.0,0.0,0.0,0.0,0.0
-0.3703819444444447,-0.4203819444444446,-0.4253819444444448,-0.4759375000000002,-0.4759375000000002,-0.4759375000000002,-0.4759375000000002,-0.4759375000000002,-0.4759375000000002,-0.4256597222222223,-0.39260416666666687,-0.35954861111111136,-0.2837152777777775,-0.1942708333333335,-0.08927083333333306,0.006006944444444113,0.08961805555555537,0.17322916666666702,0.2468402777777779,0.3023958333333334,0.3629513888888888,0.4385069444444447,0.47350694444444485,0.5240625000000002,0.5285069444444446,0.5796180555555553,0.5429513888888889,0.5240625000000002,0.5240625000000002,0.4737847222222224,0.43795138888888885,0.35239583333333296,0.22406249999999991,0.13128472222222204,0.009062499999999259,-0.07454861111111082,-0.15815972222222247,-0.2517708333333337,-0.3042708333333333,-0.33927083333333347
-0.42011805555555587,-0.42011805555555587,-0.42011805555555587,-0.3681736111111117,-0.3645625000000005,-0.3645625000000005,-0.3645625000000005,-0.3637291666666671,-0.3112291666666671,-0.30900694444444476,-0.30622916666666694,-0.2537291666666671,-0.19900694444444492,-0.13845138888888936,-0.06622916666666691,0.027104166666666017,0.13210416666666605,0.22349305555555551,0.30710416666666634,0.38765972222222206,0.4187708333333333,0.46877083333333325,0.46877083333333325,0.46877083333333325,0.46877083333333325,0.470159722222222,0.5226597222222212,0.47265972222222175,0.412104166666666,0.3496041666666656,0.22154861111111046,0.1379374999999996,0.025437499999999683,-0.03511805555555606,-0.10567361111111219,-0.1465069444444449,-0.21234027777777836,-0.2534513888888894,-0.25400694444444505,-0.3065069444444448
0.0,0.0,0.0,0.0,0.0,0.0,0.0,0.0,0.0,0.0,0.0,0.0,0.0,0.0,0.0,0.0,0.0,0.0,0.0,0.0,0.0,0.0,0.0,0.0,0.0,0.0,0.0,0.0,0.0,0.0,0.0,0.0,0.0,0.0,0.0,0.0,0.0,0.0,0.0,0.0
-0.3986875000000004,-0.45424305555555594,-0.45924305555555556,-0.5097986111111114,-0.5097986111111114,-0.5097986111111114,-0.5097986111111114,-0.5097986111111114,-0.5097986111111114,-0.45952083333333366,-0.4264652777777782,-0.35090972222222266,-0.2675763888888889,-0.18396527777777807,-0.06757638888888924,0.031868055555555545,0.11686805555555521,0.21409027777777784,0.2785347222222221,0.37659027777777726,0.4290902777777773,0.46020138888888895,0.4952013888888891,0.5457569444444444,0.5502013888888888,0.6013124999999996,0.5646458333333331,0.5457569444444444,0.5457569444444444,0.5379791666666662,0.4624236111111107,0.3815902777777775,0.24575694444444413,0.10964583333333246,-0.024798611111112083,-0.10840972222222255,-0.1920208333333338,-0.289243055555556,-0.353131944444445,-0.3986875000000004
-0.5076458333333331,-0.5076458333333331,-0.5076458333333331,-0.45570138888888895,-0.45209027777777777,-0.45209027777777777,-0.4482013888888889,-0.396534722222222,-0.396534722222222,-0.3962569444444443,-0.34097916666666667,-0.2804236111111109,-0.20431249999999976,-0.0762569444444444,0.009020833333333577,0.10624305555555541,0.22457638888888887,0.3081875000000005,0.39124305555555555,0.4667986111111115,0.4979097222222223,0.5479097222222222,0.5479097222222222,0.5479097222222222,0.5479097222222222,0.549298611111111,0.6017986111111114,0.5517986111111112,0.49124305555555536,0.38596527777777784,0.2729097222222221,0.16179861111111096,0.027909722222221864,-0.05570138888888939,-0.13931250000000064,-0.23264583333333336,-0.2998680555555556,-0.34097916666666667,-0.3509791666666666,-0.396534722222222
0.0,0.0,0.0,0.0,0.0,0.0,0.0,0.0,0.0,0.0,0.0,0.0,0.0,0.0,0.0,0.0,0.0,0.0,0.0,0.0,0.0,0.0,0.0,0.0,0.0,0.0,0.0,0.0,0.0,0.0,0.0,0.0,0.0,0.0,0.0,0.0,0.0,0.0,0.0,0.0
-0.48091666666666655,-0.5120277777777775,-0.5420277777777778,-0.5939722222222221,-0.5975833333333332,-0.5975833333333332,-0.5975833333333332,-0.5975833333333332,-0.5942499999999998,-0.5420277777777778,-0.51425,-0.43341666666666634,-0.29758333333333337,-0.15674999999999942,0.03019444444444493,0.1663055555555556,0.2513055555555559,0.3485277777777779,0.4124166666666667,0.48797222222222264,0.5190833333333335,0.5690833333333338,0.6146388888888894,0.624638888888889,0.624638888888889,0.6760277777777777,0.6801944444444445,0.6679722222222223,0.624638888888889,0.6168611111111107,0.5385277777777779,0.40519444444444436,0.24574999999999944,0.07741666666666625,-0.11036111111111167,-0.2114722222222222,-0.3309166666666666,-0.4325833333333333,-0.49647222222222237,-0.5420277777777778
-0.8286805555555559,-0.8286805555555559,-0.7831250000000003,-0.7731250000000001,-0.7686805555555559,-0.7175694444444447,-0.7175694444444447,-0.7167361111111114,-0.6642361111111114,-0.6114583333333337,-0.5231250000000003,-0.3870138888888886,-0.22756944444444432,-0.01590277777777792,0.1324305555555551,0.3032638888888886,0.404652777777778,0.5407638888888889,0.6668750000000002,0.7274305555555556,0.7824305555555553,0.8349305555555553,0.8379861111111109,0.8379861111111109,0.8379861111111109,0.8393749999999996,0.8918750000000001,0.8813194444444442,0.8024305555555549,0.6685416666666657,0.5046527777777775,0.2929861111111107,0.0735416666666657,-0.10284722222222303,-0.28979166666666756,-0.42173611111111126,-0.5064583333333336,-0.6045138888888891,-0.6575694444444449,-0.7150694444444446
0.0,0.0,0.0,0.0,0.0,0.0,0.0,0.0,0.0,0.0,0.0,0.0,0.0,0.0,0.0,0.0,0.0,0.0,0.0,0.0,0.0,0.0,0.0,0.0,0.0,0.0,0.0,0.0,0.0,0.0,0.0,0.0,0.0,0.0,0.0,0.0,0.0,0.0,0.0,0.0
-0.44952777777777797,-0.4520277777777781,-0.5045277777777779,-0.5570277777777779,-0.5606388888888891,-0.5606388888888891,-0.5606388888888891,-0.5484166666666669,-0.5050833333333333,-0.4973055555555557,-0.44675000000000015,-0.38897222222222205,-0.26063888888888914,-0.1678611111111113,-0.04397222222222198,0.0921388888888887,0.22713888888888867,0.3107499999999999,0.39380555555555535,0.4693611111111113,0.5449166666666664,0.576027777777778,0.6110277777777782,0.6615833333333335,0.6615833333333335,0.6615833333333335,0.6249166666666667,0.6051944444444446,0.5526944444444442,0.5001944444444442,0.46436111111111106,0.3788055555555552,0.22936111111111046,0.10880555555555481,-0.07730555555555618,-0.21341666666666687,-0.34952777777777794,-0.4511944444444447,-0.5150833333333337,-0.5636944444444446
-0.8666458333333334,-0.8641458333333334,-0.8066458333333335,-0.7555347222222224,-0.7555347222222224,-0.7555347222222224,-0.7188680555555556,-0.6999791666666668,-0.6677569444444446,-0.6441458333333335,-0.561090277777778,-0.42497916666666646,-0.28664583333333327,-0.09803472222222215,0.09057638888888893,0.2305763888888887,0.3666875,0.5027986111111112,0.6294652777777779,0.7394652777777774,0.7944652777777775,0.8525208333333332,0.8555763888888888,0.886409722222222,0.8966875000000003,0.9277986111111116,0.9705763888888891,0.9714097222222224,0.9311319444444442,0.7969652777777773,0.6055763888888888,0.35585416666666625,0.08557638888888815,-0.1738680555555564,-0.3222013888888892,-0.4444236111111112,-0.5444236111111113,-0.6460902777777778,-0.7005347222222225,-0.7530347222222225
0.0,0.0,0.0,0.0,0.0,0.0,0.0,0.0,0.0,0.0,0.0,0.0,0.0,0.0,0.0,0.0,0.0,0.0,0.0,0.0,0.0,0.0,0.0,0.0,0.0,0.0,0.0,0.0,0.0,0.0,0.0,0.0,0.0,0.0,0.0,0.0,0.0,0.0,0.0,0.0
-0.3423819444444444,-0.3734930555555553,-0.4034930555555552,-0.4034930555555552,-0.4034930555555552,-0.4034930555555552,-0.4401597222222221,-0.40904861111111085,-0.42460416666666645,-0.4034930555555552,-0.37571527777777747,-0.3001597222222223,-0.2668263888888889,-0.18210416666666676,-0.12793749999999962,-0.06738194444444387,0.037618055555555766,0.1326180555555562,0.20817361111111132,0.26067361111111137,0.31317361111111136,0.3967847222222226,0.4348402777777783,0.4853958333333337,0.489840277777778,0.5409513888888888,0.5370625000000003,0.4853958333333337,0.45650694444444423,0.4351180555555558,0.39928472222222233,0.3137291666666664,0.20872916666666677,0.10956249999999951,0.02595138888888826,-0.05349305555555498,-0.1357152777777778,-0.2157152777777777,-0.24682638888888933,-0.2923819444444449
-0.30909722222222236,-0.30909722222222236,-0.30909722222222236,-0.3071527777777779,-0.25465277777777806,-0.253541666666667,-0.253541666666667,-0.253541666666667,-0.253541666666667,-0.253541666666667,-0.253541666666667,-0.24826388888888928,-0.19798611111111125,-0.19326388888888898,-0.12354166666666681,-0.04798611111111148,0.03423611111111116,0.11423611111111104,0.19590277777777765,0.24951388888888854,0.3075694444444442,0.3575694444444441,0.3981249999999995,0.3575694444444441,0.3575694444444441,0.35895833333333294,0.4114583333333329,0.4122916666666663,0.3564583333333328,0.2939583333333328,0.19090277777777745,0.1303472222222221,0.02756944444444424,-0.019097222222222814,-0.03298611111111151,-0.08548611111111153,-0.13798611111111153,-0.1424305555555559,-0.1424305555555559,-0.17243055555555584
0.0,0.0,0.0,0.0,0.0,0.0,0.0,0.0,0.0,0.0,0.0,0.0,0.0,0.0,0.0,0.0,0.0,0.0,0.0,0.0,0.0,0.0,0.0,0.0,0.0,0.0,0.0,0.0,0.0,0.0,0.0,0.0,0.0,0.0,0.0,0.0,0.0,0.0,0.0,0.0
-0.24110416666666623,-0.2722152777777775,-0.3022152777777774,-0.3022152777777774,-0.3022152777777774,-0.31888194444444395,-0.3577708333333326,-0.3577708333333326,-0.3577708333333326,-0.3577708333333326,-0.35499305555555455,-0.30249305555555533,-0.3022152777777774,-0.2974930555555548,-0.22777083333333278,-0.15221527777777727,-0.06999305555555482,0.013618055555556433,0.09667361111111145,0.17222916666666777,0.2533402777777785,0.31139583333333376,0.3688958333333336,0.4200069444444448,0.4200069444444448,0.4200069444444448,0.4200069444444448,0.41917361111111145,0.366673611111111,0.3644513888888892,0.3366736111111115,0.303618055555556,0.2300069444444451,0.1930625000000007,0.12334027777777795,0.04361805555555599,-0.02554861111111093,-0.07804861111111094,-0.13054861111111016,-0.16554861111111072
-0.3213194444444443,-0.2688194444444445,-0.2113194444444447,-0.16020833333333329,-0.16020833333333329,-0.16020833333333329,-0.16020833333333329,-0.16020833333333329,-0.16020833333333329,-0.16020833333333329,-0.16020833333333329,-0.16020833333333329,-0.16020833333333329,-0.16020833333333329,-0.16020833333333329,-0.12131944444444463,-0.09020833333333339,-0.014652777777777674,0.05756944444444439,0.11812499999999994,0.17312499999999986,0.19868055555555586,0.22868055555555541,0.22868055555555541,0.23312499999999975,0.2856249999999998,0.3381249999999998,0.32756944444444397,0.28423611111111097,0.23368055555555559,0.17590277777777746,0.1253472222222221,0.065347222222222,0.018680555555555145,0.006458333333333183,0.006458333333333183,-0.007986111111110757,-0.049097222222222174,-0.049097222222222174,-0.049097222222222174
0.0,0.0,0.0,0.0,0.0,0.0,0.0,0.0,0.0,0.0,0.0,0.0,0.0,0.0,0.0,0.0,0.0,0.0,0.0,0.0,0.0,0.0,0.0,0.0,0.0,0.0,0.0,0.0,0.0,0.0,0.0,0.0,0.0,0.0,0.0,0.0,0.0,0.0,0.0,0.0
-0.31631944444444493,-0.37437500000000057,-0.3774305555555561,-0.3774305555555561,-0.3774305555555561,-0.3774305555555561,-0.3813194444444446,-0.382152777777778,-0.4063194444444452,-0.3774305555555561,-0.3746527777777785,-0.32215277777777845,-0.3196527777777784,-0.26715277777777835,-0.21465277777777794,-0.16770833333333357,-0.0852083333333332,-0.006041666666667093,0.07701388888888872,0.15256944444444465,0.233680555555555,0.3147916666666666,0.39034722222222207,0.4214583333333333,0.46034722222222235,0.5114583333333328,0.5114583333333328,0.5114583333333328,0.5114583333333328,0.5114583333333328,0.4809027777777782,0.3953472222222223,0.3192361111111101,0.1864583333333327,0.10368055555555482,0.02395833333333286,-0.05854166666666711,-0.13409722222222265,-0.20576388888888886,-0.2138194444444446
-0.4437638888888887,-0.3912638888888887,-0.3426527777777777,-0.3326527777777777,-0.3282083333333332,-0.27848611111111105,-0.29431944444444436,-0.2770972222222221,-0.2770972222222221,-0.2770972222222221,-0.2770972222222221,-0.2293194444444442,-0.2193194444444444,-0.16681944444444438,-0.14709722222222193,-0.07154166666666661,-0.002652777777777615,0.057902777777777935,0.16290277777777795,0.2234583333333335,0.27845833333333364,0.33095833333333347,0.37956944444444474,0.38956944444444475,0.38956944444444475,0.4423472222222223,0.4990138888888889,0.48845833333333327,0.441791666666667,0.38179166666666614,0.3062361111111112,0.22540277777777795,0.11290277777777785,0.052347222222222295,-0.018208333333333826,-0.059041666666666534,-0.124875,-0.16598611111111103,-0.21654166666666658,-0.22154166666666658
0.0,0.0,0.0,0.0,0.0,0.0,0.0,0.0,0.0,0.0,0.0,0.0,0.0,0.0,0.0,0.0,0.0,0.0,0.0,0.0,0.0,0.0,0.0,0.0,0.0,0.0,0.0,0.0,0.0,0.0,0.0,0.0,0.0,0.0,0.0,0.0,0.0,0.0,0.0,0.0
-0.3879930555555554,-0.41910416666666667,-0.44910416666666664,-0.44910416666666664,-0.44910416666666664,-0.4324375000000001,-0.39743749999999994,-0.39827083333333335,-0.39354861111111106,-0.3429930555555557,-0.28243749999999995,-0.2218819444444442,-0.14799305555555542,-0.06771527777777722,0.01422916666666691,0.09395138888888886,0.17645138888888923,0.25200694444444516,0.28311805555555597,0.32867361111111115,0.3786736111111115,0.38422916666666673,0.4297847222222223,0.43978472222222226,0.43978472222222226,0.45506250000000037,0.441451388888889,0.4389513888888889,0.38311805555555545,0.3208958333333334,0.24534027777777823,0.21228472222222272,0.13867361111111107,0.06311805555555515,-0.0024374999999999935,-0.06299305555555534,-0.16799305555555538,-0.22854861111111113,-0.282993055555555,-0.3354930555555554
-0.27641666666666687,-0.27641666666666687,-0.27641666666666687,-0.2553055555555556,-0.2208611111111113,-0.2208611111111113,-0.2208611111111113,-0.2208611111111113,-0.21752777777777788,-0.16530555555555615,-0.16530555555555615,-0.11225000000000031,-0.05419444444444505,-0.04947222222222278,0.0013611111111108995,0.04024999999999955,0.07136111111111118,0.116083333333333,0.17802777777777715,0.22358333333333272,0.22358333333333272,0.22358333333333272,0.22358333333333272,0.22163888888888847,0.2102499999999997,0.22497222222222155,0.27747222222222195,0.26691666666666614,0.22358333333333272,0.22358333333333272,0.19580555555555496,0.12024999999999943,0.058027777777777345,0.0021944444444442646,-0.017527777777778572,-0.05836111111111188,-0.10975000000000061,-0.10975000000000061,-0.16030555555555598,-0.13836111111111096
0.0,0.0,0.0,0.0,0.0,0.0,0.0,0.0,0.0,0.0,0.0,0.0,0.0,0.0,0.0,0.0,0.0,0.0,0.0,0.0,0.0,0.0,0.0,0.0,0.0,0.0,0.0,0.0,0.0,0.0,0.0,0.0,0.0,0.0,0.0,0.0,0.0,0.0,0.0,0.0
-0.3893124999999997,-0.41486805555555545,-0.4448680555555554,-0.4448680555555554,-0.4448680555555554,-0.4282013888888887,-0.4259791666666665,-0.39403472222222213,-0.3893124999999997,-0.33903472222222203,-0.3032013888888885,-0.22292361111111111,-0.14709027777777767,-0.0634791666666664,0.018465277777778115,0.09402083333333364,0.16290972222222264,0.223465277777778,0.2779097222222219,0.33040972222222226,0.3829097222222223,0.390965277777778,0.44346527777777844,0.4651319444444451,0.49957638888888944,0.49957638888888944,0.49957638888888944,0.44874305555555616,0.4084652777777775,0.282354166666667,0.22179861111111127,0.166520833333334,0.11179861111111143,0.05124305555555569,-0.019312500000000437,-0.09486805555555557,-0.16375694444444416,-0.22431249999999953,-0.28820138888888913,-0.33681249999999985
-0.23704861111111145,-0.28454861111111085,-0.2814930555555553,-0.22954861111111077,-0.2259374999999998,-0.2259374999999998,-0.2259374999999998,-0.2145486111111106,-0.19149305555555549,-0.1701041666666667,-0.11760416666666668,-0.06704861111111132,-0.057048611111111334,-0.004548611111110922,0.015173611111111521,0.056006944444444824,0.10739583333333316,0.11100694444444453,0.16350694444444416,0.21600694444444418,0.21850694444444427,0.21850694444444427,0.21850694444444427,0.19739583333333302,0.16295138888888872,0.1796180555555552,0.21850694444444427,0.21850694444444427,0.21850694444444427,0.21850694444444427,0.1907291666666665,0.11517361111111096,0.05295138888888889,-0.002881944444444192,-0.0053819444444442865,-0.057881944444444694,-0.11038194444444471,-0.11482638888888906,-0.15538194444444406,-0.11788194444444461
0.0,0.0,0.0,0.0,0.0,0.0,0.0,0.0,0.0,0.0,0.0,0.0,0.0,0.0,0.0,0.0,0.0,0.0,0.0,0.0,0.0,0.0,0.0,0.0,0.0,0.0,0.0,0.0,0.0,0.0,0.0,0.0,0.0,0.0,0.0,0.0,0.0,0.0,0.0,0.0
-0.24798611111111077,-0.24798611111111077,-0.24798611111111077,-0.24798611111111077,-0.24798611111111077,-0.24798611111111077,-0.24798611111111077,-0.24798611111111077,-0.24798611111111077,-0.24020833333333297,-0.19243055555555502,-0.14465277777777746,-0.08243055555555519,-0.026597222222221915,0.0259027777777781,0.06868055555555586,0.13645833333333376,0.17173611111111184,0.1509027777777781,0.19645833333333368,0.19645833333333368,0.19895833333333376,0.2514583333333338,0.2520138888888892,0.2520138888888892,0.2867361111111111,0.2520138888888892,0.2520138888888892,0.21979166666666672,0.19618055555555575,0.14368055555555573,0.1356250000000004,0.08312500000000039,0.03062500000000037,-0.021874999999999645,-0.025763888888888548,-0.07687499999999975,-0.1157638888888888,-0.14687499999999984,-0.19548611111111075
-0.1604409722222226,-0.19696874999999991,-0.18571875000000027,-0.15946875000000046,-0.157663194444445,-0.157663194444445,-0.13932986111111095,-0.10363541666666738,-0.04877430555555565,-0.05405208333333336,-0.049329861111111484,-0.04655208333333386,-0.04655208333333386,-0.0418298611111112,0.009003472222221691,0.013170138888888516,0.06567013888888813,0.09094791666666661,0.17567013888888836,0.17567013888888836,0.17567013888888836,0.17317013888888827,0.12067013888888864,0.1201145833333328,0.1201145833333328,0.1367812500000001,0.17567013888888836,0.17567013888888836,0.17567013888888836,0.12539236111111052,0.08955902777777819,0.009281249999999217,-0.0432187500000004,-0.04655208333333386,-0.013774305555556686,-0.050718749999999896,-0.1032187500000003,-0.12127430555555524,-0.10210763888888942,-0.09905208333333428
0.0,0.0,0.0,0.0,0.0,0.0,0.0,0.0,0.0,0.0,0.0,0.0,0.0,0.0,0.0,0.0,0.0,0.0,0.0,0.0,0.0,0.0,0.0,0.0,0.0,0.0,0.0,0.0,0.0,0.0,0.0,0.0,0.0,0.0,0.0,0.0,0.0,0.0,0.0,0.0
-0.05199305555555552,-0.05199305555555552,-0.05199305555555552,-0.05199305555555552,-0.05199305555555552,-0.05199305555555552,-0.05199305555555552,-0.05199305555555552,-0.05199305555555552,-0.05199305555555552,-0.05199305555555552,-0.04671527777777781,-0.02532638888888863,0.003562500000000234,0.003562500000000234,0.003562500000000234,0.003562500000000234,0.003562500000000234,0.003562500000000234,0.003562500000000234,0.05356249999999996,0.05911805555555559,0.05911805555555559,0.05911805555555559,0.05911805555555559,0.05911805555555559,0.05911805555555559,0.05911805555555559,0.05911805555555559,0.05911805555555559,0.031340277777777814,0.003562500000000234,0.003562500000000234,0.003562500000000234,0.003562500000000234,0.003562500000000234,0.003562500000000234,0.003562500000000234,0.003562500000000234,-0.02643750000000051
-0.043631944444443765,-0.04613194444444386,-0.053076388888887514,-0.043631944444443765,-0.002520833333332146,0.011923611111112583,0.011923611111112583,0.011923611111112583,0.015256944444446042,0.017201388888890296,0.014701388888890202,0.06192361111111211,0.011923611111112583,-0.03140972222222081,-0.024743055555553894,0.011923611111112583,0.011923611111112583,0.011923611111112583,0.011923611111112583,0.011923611111112583,0.011923611111112583,-0.04057638888888783,-0.043631944444443765,-0.045576388888888014,-0.09807638888888842,-0.0477986111111098,-0.043631944444443765,-0.03140972222222081,0.011923611111112583,0.011923611111112583,0.011923611111112583,0.011923611111112583,0.011923611111112583,0.011923611111112583,0.011923611111112583,0.05081250000000084,0.03081250000000087,0.06747916666666735,0.06747916666666735,0.06747916666666735
0.0,0.0,0.0,0.0,0.0,0.0,0.0,0.0,0.0,0.0,0.0,0.0,0.0,0.0,0.0,0.0,0.0,0.0,0.0,0.0,0.0,0.0,0.0,0.0,0.0,0.0,0.0,0.0,0.0,0.0,0.0,0.0,0.0,0.0,0.0,0.0,0.0,0.0,0.0,0.0
-0.3919861111111109,-0.4230972222222221,-0.4530972222222221,-0.45115277777777785,-0.40309722222222216,-0.45170833333333327,-0.40309722222222216,-0.4022638888888888,-0.3975416666666665,-0.34698611111111116,-0.286430555555555,-0.2258749999999997,-0.15198611111111088,-0.0717083333333331,0.011902777777778558,0.10523611111111188,0.21023611111111112,0.27079166666666726,0.3246805555555561,0.3246805555555561,0.374680555555556,0.3802361111111112,0.42579166666666723,0.4357916666666668,0.4357916666666668,0.4357916666666668,0.4357916666666668,0.42356944444444466,0.3769027777777782,0.31690277777777787,0.24134722222222235,0.20829166666666687,0.13468055555555558,0.059125000000000066,-0.006430555555555075,-0.06698611111111082,-0.17198611111111084,-0.2289305555555556,-0.28143055555555485,-0.3164305555555554
-0.2751180555555549,-0.2751180555555549,-0.2701180555555547,-0.25039583333333265,-0.21956249999999933,-0.21956249999999933,-0.21956249999999933,-0.21956249999999933,-0.21956249999999933,-0.21928472222222142,-0.1667847222222218,-0.15872916666666606,-0.10845138888888863,-0.06511805555555522,-0.03400694444444399,0.006826388888889707,0.05932638888888972,0.11543750000000072,0.17932638888888913,0.2248819444444447,0.269326388888889,0.27738194444444514,0.27543750000000006,0.2248819444444447,0.2248819444444447,0.241548611111112,0.2804375000000007,0.2796041666666673,0.22710416666666688,0.2248819444444447,0.19710416666666694,0.12154861111111141,0.08821527777777799,0.003493055555556247,-0.049006944444444166,-0.05706249999999989,-0.10956249999999991,-0.12761805555555483,-0.14900694444444362,-0.10845138888888863
0.0,0.0,0.0,0.0,0.0,0.0,0.0,0.0,0.0,0.0,0.0,0.0,0.0,0.0,0.0,0.0,0.0,0.0,0.0,0.0,0.0,0.0,0.0,0.0,0.0,0.0,0.0,0.0,0.0,0.0,0.0,0.0,0.0,0.0,0.0,0.0,0.0,0.0,0.0,0.0
-0.35070138888888874,-0.37625694444444435,-0.40625694444444466,-0.40625694444444466,-0.40625694444444466,-0.40625694444444466,-0.40625694444444466,-0.355423611111111,-0.35070138888888874,-0.3004236111111109,-0.2645902777777774,-0.17903472222222228,-0.1029236111111109,-0.013479166666666487,0.05874305555555597,0.1520763888888885,0.20596527777777812,0.2620763888888891,0.31596527777777755,0.31596527777777755,0.3215208333333336,0.3715208333333331,0.3715208333333331,0.3715208333333331,0.37596527777777744,0.42568749999999983,0.36929861111111095,0.31596527777777755,0.3126319444444445,0.2601319444444445,0.20763194444444485,0.1570763888888887,0.09707638888888878,0.05040972222222154,0.01929861111111069,-0.05625694444444404,-0.12514583333333343,-0.2165347222222225,-0.290145833333333,-0.3251458333333335
-0.13074305555555554,-0.1294930555555559,-0.1032430555555553,-0.07699305555555548,-0.07518749999999999,-0.07518749999999999,-0.07518749999999999,-0.07518749999999999,-0.07518749999999999,-0.0754652777777775,-0.10018749999999936,-0.07518749999999999,-0.07518749999999999,-0.07046527777777732,-0.01963194444444443,-0.015465277777777607,0.03592361111111112,0.07036805555555582,0.09147916666666668,0.09147916666666668,0.141479166666667,0.14703472222222225,0.10147916666666627,0.08953472222222242,0.03703472222222201,0.05259027777777842,0.09147916666666668,0.09147916666666668,0.09147916666666668,0.09147916666666668,0.0637013888888889,0.03592361111111112,0.03592361111111112,0.03592361111111112,0.03592361111111112,0.03592361111111112,-0.015187499999999292,-0.05407638888888834,-0.07518749999999999,-0.07518749999999999
0.0,0.0,0.0,0.0,0.0,0.0,0.0,0.0,0.0,0.0,0.0,0.0,0.0,0.0,0.0,0.0,0.0,0.0,0.0,0.0,0.0,0.0,0.0,0.0,0.0,0.0,0.0,0.0,0.0,0.0,0.0,0.0,0.0,0.0,0.0,0.0,0.0,0.0,0.0,0.0
-0.04290972222222243,-0.04290972222222243,-0.04290972222222243,-0.04290972222222243,-0.04290972222222243,-0.04290972222222243,-0.04290972222222243,0.007090277777777487,-0.04068750000000026,-0.042631944444444514,0.009868055555555108,0.012645833333332726,0.012645833333332726,0.012645833333332726,0.012645833333332726,0.012645833333332726,0.012645833333332726,0.012645833333332726,0.012645833333332726,0.012645833333332726,0.012645833333332726,0.012645833333332726,0.012645833333332726,0.012645833333332726,0.012645833333332726,0.012645833333332726,0.012645833333332726,0.012645833333332726,0.012645833333332726,0.012645833333332726,0.012645833333332726,0.012645833333332726,0.012645833333332726,0.012645833333332726,0.012645833333332726,0.012645833333332726,0.012645833333332726,0.012645833333332726,0.012645833333332726,0.012645833333332726
-0.043378472222222006,-0.043378472222222006,-0.043378472222222006,-0.043378472222222006,-0.043378472222222006,-0.0419895833333328,0.01051041666666603,0.012177083333332759,0.012177083333332759,0.012177083333332759,0.012177083333332759,0.012177083333332759,0.012177083333332759,0.012177083333332759,0.012177083333332759,0.012177083333332759,0.012177083333332759,0.012177083333332759,0.012177083333332759,-0.014767361111111654,0.006621527777777519,-0.043378472222222006,-0.043378472222222006,-0.06448958333333286,-0.09671180555555499,-0.07046180555555519,-0.0075451388888888955,0.012177083333332759,0.012177083333332759,0.012177083333332759,0.012177083333332759,0.012177083333332759,0.012177083333332759,0.012177083333332759,0.013843749999999488,0.06634375000000069,0.06773263888888989,0.06773263888888989,0.06773263888888989,0.06773263888888989
0.0,0.0,0.0,0.0,0.0,0.0,0.0,0.0,0.0,0.0,0.0,0.0,0.0,0.0,0.0,0.0,0.0,0.0,0.0,0.0,0.0,0.0,0.0,0.0,0.0,0.0,0.0,0.0,0.0,0.0,0.0,0.0,0.0,0.0,0.0,0.0,0.0,0.0,0.0,0.0
-0.34127777777777824,-0.40183333333333393,-0.4573888888888895,-0.5098888888888895,-0.5135000000000005,-0.5135000000000005,-0.5135000000000005,-0.5135000000000005,-0.5101666666666671,-0.45766666666666705,-0.405166666666667,-0.35461111111111165,-0.2923888888888896,-0.23183333333333384,-0.1268333333333338,-0.031555555555556225,0.05205555555555503,0.13566666666666627,0.2187222222222221,0.294277777777778,0.3698333333333331,0.4278888888888884,0.4764999999999999,0.5076111111111111,0.5831666666666666,0.5976111111111106,0.5976111111111106,0.5976111111111106,0.5976111111111106,0.5473333333333331,0.5114999999999996,0.42594444444444374,0.29761111111111066,0.161499999999999,0.025388888888887746,-0.0718333333333337,-0.19016666666666715,-0.27016666666666705,-0.34183333333333366,-0.3768333333333342
-0.4824097222222219,-0.4824097222222219,-0.4824097222222219,-0.4804652777777775,-0.42796527777777743,-0.42685416666666637,-0.42685416666666637,-0.42685416666666637,-0.42685416666666637,-0.42657638888888866,-0.3740763888888886,-0.3660208333333331,-0.29240972222222184,-0.21213194444444364,-0.12852083333333278,0.003701388888889391,0.12536805555555594,0.22036805555555639,0.34647916666666745,0.43397916666666725,0.5120347222222225,0.5700902777777785,0.573145833333334,0.573145833333334,0.6142569444444452,0.630090277777778,0.6787013888888891,0.616479166666667,0.5409236111111115,0.4592569444444441,0.32314583333333363,0.18703472222222256,0.05314583333333367,-0.03046527777777798,-0.11240972222222251,-0.18796527777777725,-0.25685416666666644,-0.3137986111111106,-0.32574305555555544,-0.3712986111111108
0.0,0.0,0.0,0.0,0.0,0.0,0.0,0.0,0.0,0.0,0.0,0.0,0.0,0.0,0.0,0.0,0.0,0.0,0.0,0.0,0.0,0.0,0.0,0.0,0.0,0.0,0.0,0.0,0.0,0.0,0.0,0.0,0.0,0.0,0.0,0.0,0.0,0.0,0.0,0.0
-0.29019444444444414,-0.3951944444444442,-0.4507499999999993,-0.45130555555555474,-0.4557499999999991,-0.5068611111111108,-0.5068611111111108,-0.49547222222222154,-0.47241666666666604,-0.45102777777777686,-0.3985277777777772,-0.34797222222222185,-0.3168611111111106,-0.2413055555555547,-0.1585277777777772,-0.07491666666666635,0.0086944444444453,0.10591666666666752,0.21091666666666756,0.2714722222222225,0.33202777777777864,0.4075833333333342,0.44258333333333433,0.49508333333333354,0.5475833333333335,0.6000833333333335,0.6042500000000008,0.6042500000000008,0.5720277777777782,0.5484166666666669,0.4931388888888893,0.3848055555555558,0.27202777777777837,0.1681388888888892,0.033694444444444666,-0.04991666666666619,-0.17019444444444393,-0.23074999999999926,-0.2946388888888889,-0.3432499999999996
-0.4420277777777781,-0.4420277777777781,-0.4420277777777781,-0.4420277777777781,-0.40091666666666703,-0.38647222222222255,-0.38647222222222255,-0.38647222222222255,-0.38647222222222255,-0.38647222222222255,-0.38647222222222255,-0.3386944444444448,-0.30758333333333354,-0.22730555555555534,-0.11091666666666693,-0.011472222222222526,0.07352777777777773,0.20519444444444465,0.2907499999999998,0.3918611111111111,0.45241666666666647,0.5049166666666665,0.5574166666666664,0.5579722222222219,0.5579722222222219,0.6093611111111107,0.6135277777777779,0.600472222222222,0.5013055555555551,0.43880555555555506,0.3079722222222219,0.17186111111111085,0.08797222222222187,-0.04008333333333406,-0.10647222222222237,-0.1670277777777781,-0.2342500000000004,-0.2753611111111112,-0.2853611111111116,-0.33091666666666697
0.0,0.0,0.0,0.0,0.0,0.0,0.0,0.0,0.0,0.0,0.0,0.0,0.0,0.0,0.0,0.0,0.0,0.0,0.0,0.0,0.0,0.0,0.0,0.0,0.0,0.0,0.0,0.0,0.0,0.0,0.0,0.0,0.0,0.0,0.0,0.0,0.0,0.0,0.0,0.0
-0.2983472222222214,-0.37390277777777725,-0.4089027777777772,-0.4594583333333326,-0.4594583333333326,-0.4594583333333326,-0.4594583333333326,-0.4594583333333326,-0.4594583333333326,-0.45918055555555487,-0.40668055555555505,-0.3561249999999991,-0.32501388888888827,-0.24945833333333273,-0.1650138888888885,-0.06779166666666628,0.03720833333333376,0.12859722222222322,0.20276388888888952,0.2633194444444449,0.32387500000000063,0.39943055555555657,0.4344305555555567,0.4869305555555559,0.539430555555556,0.5572083333333337,0.5960972222222227,0.5838750000000006,0.5405416666666673,0.532763888888889,0.45720833333333427,0.3763750000000006,0.2405416666666673,0.1477638888888898,0.04276388888888939,-0.056680555555555005,-0.14056944444444378,-0.2161249999999997,-0.28779166666666595,-0.3227916666666665
-0.4933888888888889,-0.4933888888888889,-0.4933888888888889,-0.49144444444444446,-0.4389444444444444,-0.43783333333333335,-0.43783333333333335,-0.43783333333333335,-0.4056111111111112,-0.3822777777777776,-0.3822777777777776,-0.3345,-0.25116666666666654,-0.16755555555555565,-0.03394444444444408,0.049666666666667164,0.18438888888888905,0.2860555555555556,0.39105555555555566,0.45161111111111096,0.5066111111111115,0.5591111111111111,0.5621666666666667,0.5621666666666667,0.5621666666666667,0.6135555555555554,0.6177222222222222,0.6055,0.5266111111111107,0.4429999999999994,0.31216666666666665,0.17605555555555558,0.03994444444444451,-0.052833333333333364,-0.12505555555555622,-0.21838888888888855,-0.2856111111111112,-0.32672222222222225,-0.3772777777777778,-0.3822777777777776
0.0,0.0,0.0,0.0,0.0,0.0,0.0,0.0,0.0,0.0,0.0,0.0,0.0,0.0,0.0,0.0,0.0,0.0,0.0,0.0,0.0,0.0,0.0,0.0,0.0,0.0,0.0,0.0,0.0,0.0,0.0,0.0,0.0,0.0,0.0,0.0,0.0,0.0,0.0,0.0
0.27977777777777785,0.20422222222222194,0.1692222222222218,0.11866666666666642,0.11866666666666642,0.11866666666666642,0.11866666666666642,0.11866666666666642,0.11866666666666642,0.11894444444444435,0.17144444444444437,0.22199999999999973,0.2181111111111108,0.20200000000000015,0.19672222222222244,0.24366666666666642,-0.6991111111111109,-0.6055000000000003,-0.6424444444444445,-0.5221666666666671,-0.3813333333333336,-0.39661111111111086,-0.37299999999999955,-0.28911111111111115,-0.12466666666666587,0.02283333333333341,0.04199999999999962,-0.004666666666667239,0.01311111111111174,-0.39494444444444493,-0.4924444444444447,-0.5530000000000003,-0.5402222222222218,0.7156111111111115,0.620888888888889,0.5214444444444442,0.4375555555555554,0.3619999999999999,0.29033333333333367,0.25533333333333313
-0.1384097222222225,-0.1384097222222225,-0.1384097222222225,-0.1384097222222225,-0.09729861111111147,-0.08285416666666695,-0.08285416666666695,-0.08285416666666695,-0.08285416666666695,-0.09035416666666703,-0.08563194444444476,-0.07757638888888924,0.019368055555555666,0.08381249999999991,0.20770138888888884,0.318534722222222,0.032701388888888516,0.19381249999999975,0.11492361111111135,0.0260347222222214,0.08381249999999991,-0.09813194444444445,0.007701388888889148,-0.02118750000000031,-0.0872986111111113,-0.1203541666666666,-0.09840972222222256,-0.08202083333333358,-0.03618750000000029,-0.06063194444444599,-0.09952083333333345,0.1932569444444441,0.08936805555555576,0.2440902777777776,0.17603472222222136,0.10047916666666662,0.0693680555555552,0.028256944444444168,-0.022298611111111397,-0.02729861111111119
0.0,0.0,0.0,0.0,0.0,0.0,0.0,0.0,0.0,0.0,0.0,0.0,0.0,0.0,0.0,0.0,0.0,0.0,0.0,0.0,0.0,0.0,0.0,0.0,0.0,0.0,0.0,0.0,0.0,0.0,0.0,0.0,0.0,0.0,0.0,0.0,0.0,0.0,0.0,0.0
-3.9474596431116675e-16,-3.9474596431116675e-16,-3.9474596431116675e-16,-3.9474596431116675e-16,-3.9474596431116675e-16,-3.9474596431116675e-16,-3.9474596431116675e-16,-3.9474596431116675e-16,-3.9474596431116675e-16,-3.9474596431116675e-16,-3.9474596431116675e-16,-3.9474596431116675e-16,-3.9474596431116675e-16,-3.9474596431116675e-16,-3.9474596431116675e-16,-3.9474596431116675e-16,-3.9474596431116675e-16,-3.9474596431116675e-16,-3.9474596431116675e-16,-3.9474596431116675e-16,-3.9474596431116675e-16,-3.9474596431116675e-16,-3.9474596431116675e-16,-3.9474596431116675e-16,-3.9474596431116675e-16,-3.9474596431116675e-16,-3.9474596431116675e-16,-3.9474596431116675e-16,-3.9474596431116675e-16,-3.9474596431116675e-16,-3.9474596431116675e-16,-3.9474596431116675e-16,-3.9474596431116675e-16,-3.9474596431116675e-16,-3.9474596431116675e-16,-3.9474596431116675e-16,-3.9474596431116675e-16,-3.9474596431116675e-16,-3.9474596431116675e-16,-3.9474596431116675e-16
-0.06230555555555463,-0.06230555555555463,-0.06230555555555463,-0.010361111111110845,-0.006749999999999861,-0.006749999999999861,-0.006749999999999861,-0.006749999999999861,-0.006749999999999861,-0.006749999999999861,-0.006749999999999861,-0.006749999999999861,-0.006749999999999861,-0.006749999999999861,-0.006749999999999861,-0.006749999999999861,-0.006749999999999861,-0.006749999999999861,-0.006749999999999861,-0.006749999999999861,-0.006749999999999861,-0.006749999999999861,-0.006749999999999861,-0.05869444444444364,-0.06008333333333285,-0.03452777777777685,-0.01619444444444361,-0.006749999999999861,0.025472222222222268,0.04880555555555491,0.04880555555555491,0.04880555555555491,0.027694444444444046,0.009361111111110019,0.04880555555555491,0.04880555555555491,0.04880555555555491,0.04880555555555491,0.04880555555555491,0.04880555555555491
0.0,0.0,0.0,0.0,0.0,0.0,0.0,0.0,0.0,0.0,0.0,0.0,0.0,0.0,0.0,0.0,0.0,0.0,0.0,0.0,0.0,0.0,0.0,0.0,0.0,0.0,0.0,0.0,0.0,0.0,0.0,0.0,0.0,0.0,0.0,0.0,0.0,0.0,0.0,0.0
-3.9474596431116675e-16,-3.9474596431116675e-16,-3.9474596431116675e-16,-3.9474596431116675e-16,-3.9474596431116675e-16,-3.9474596431116675e-16,-3.9474596431116675e-16,-3.9474596431116675e-16,-3.9474596431116675e-16,-3.9474596431116675e-16,-3.9474596431116675e-16,-3.9474596431116675e-16,-3.9474596431116675e-16,-3.9474596431116675e-16,-3.9474596431116675e-16,-3.9474596431116675e-16,-3.9474596431116675e-16,-3.9474596431116675e-16,-3.9474596431116675e-16,-3.9474596431116675e-16,-3.9474596431116675e-16,-3.9474596431116675e-16,-3.9474596431116675e-16,-3.9474596431116675e-16,-3.9474596431116675e-16,-3.9474596431116675e-16,-3.9474596431116675e-16,-3.9474596431116675e-16,-3.9474596431116675e-16,-3.9474596431116675e-16,-3.9474596431116675e-16,-3.9474596431116675e-16,-3.9474596431116675e-16,-3.9474596431116675e-16,-3.9474596431116675e-16,-3.9474596431116675e-16,-3.9474596431116675e-16,-3.9474596431116675e-16,-3.9474596431116675e-16,-3.9474596431116675e-16
-0.055416666666666003,-0.055416666666666003,-0.055416666666666003,-0.055416666666666003,-0.050972222222221655,0.00013888888888876258,0.00013888888888876258,0.00013888888888876258,0.00013888888888876258,0.00013888888888876258,0.00013888888888876258,0.00013888888888876258,0.00013888888888876258,0.00013888888888876258,0.00013888888888876258,0.00013888888888876258,0.00013888888888876258,0.00013888888888876258,0.00013888888888876258,0.00013888888888876258,0.00013888888888876258,0.00013888888888876258,0.00013888888888876258,-0.05180555555555502,-0.053194444444444225,-0.026944444444443622,-0.0006944444444446023,0.00013888888888876258,0.00013888888888876258,0.007916666666666572,0.055694444444443526,0.05041666666666581,0.00013888888888876258,0.00013888888888876258,0.010416666666666666,0.054999999999998925,0.055694444444443526,0.055694444444443526,0.055694444444443526,0.055694444444443526
0.0,0.0,0.0,0.0,0.0,0.0,0.0,0.0,0.0,0.0,0.0,0.0,0.0,0.0,0.0,0.0,0.0,0.0,0.0,0.0,0.0,0.0,0.0,0.0,0.0,0.0,0.0,0.0,0.0,0.0,0.0,0.0,0.0,0.0,0.0,0.0,0.0,0.0,0.0,0.0
-3.9474596431116675e-16,-3.9474596431116675e-16,-3.9474596431116675e-16,-3.9474596431116675e-16,-3.9474596431116675e-16,-3.9474596431116675e-16,-3.9474596431116675e-16,-3.9474596431116675e-16,-3.9474596431116675e-16,-3.9474596431116675e-16,-3.9474596431116675e-16,-3.9474596431116675e-16,-3.9474596431116675e-16,-3.9474596431116675e-16,-3.9474596431116675e-16,-3.9474596431116675e-16,-3.9474596431116675e-16,-3.9474596431116675e-16,-3.9474596431116675e-16,-3.9474596431116675e-16,-3.9474596431116675e-16,-3.9474596431116675e-16,-3.9474596431116675e-16,-3.9474596431116675e-16,-3.9474596431116675e-16,-3.9474596431116675e-16,-3.9474596431116675e-16,-3.9474596431116675e-16,-3.9474596431116675e-16,-3.9474596431116675e-16,-3.9474596431116675e-16,-3.9474596431116675e-16,-3.9474596431116675e-16,-3.9474596431116675e-16,-3.9474596431116675e-16,-3.9474596431116675e-16,-3.9474596431116675e-16,-3.9474596431116675e-16,-3.9474596431116675e-16,-3.9474596431116675e-16
-0.029510416666666747,-0.029510416666666747,-0.029510416666666747,-0.029510416666666747,-0.029510416666666747,-0.029510416666666747,-0.029510416666666747,-0.0172881944444438,0.026045138888890387,0.026045138888890387,0.026045138888890387,0.026045138888890387,0.026045138888890387,0.026045138888890387,0.026045138888890387,0.021878472222223562,-0.029510416666666747,-0.029510416666666747,0.011600694444444868,0.020489583333334355,-0.02395486111111072,0.02354513888889029,-0.02895486111111091,-0.050621527777777606,-0.08284374999999973,-0.05659374999999914,-0.030343750000000114,-0.029510416666666747,0.0027118055555569575,0.026045138888890387,0.026045138888890387,0.026045138888890387,0.026045138888890387,0.026045138888890387,0.026045138888890387,0.026045138888890387,0.06271180555555686,0.026045138888890387,0.026045138888890387,0.026045138888890387
0.0,0.0,0.0,0.0,0.0,0.0,0.0,0.0,0.0,0.0,0.0,0.0,0.0,0.0,0.0,0.0,0.0,0.0,0.0,0.0,0.0,0.0,0.0,0.0,0.0,0.0,0.0,0.0,0.0,0.0,0.0,0.0,0.0,0.0,0.0,0.0,0.0,0.0,0.0,0.0
-0.07618749999999982,-0.05063194444444422,-0.020631944444444272,-0.020631944444444272,-0.02507638888888862,-0.07479861111111102,-0.05507638888888877,-0.02146527777777764,-0.041743055555555325,-0.020631944444444272,-0.020631944444444272,-0.020631944444444272,-0.020631944444444272,-0.061604166666666536,-0.04063194444444424,-0.02965972222222213,-0.020631944444444272,-0.020631944444444272,-0.01063194444444409,0.03492361111111128,0.03492361111111128,0.03492361111111128,0.03492361111111128,0.03492361111111128,0.03492361111111128,0.03492361111111128,0.03492361111111128,0.03492361111111128,0.03492361111111128,0.03492361111111128,0.03492361111111128,0.03492361111111128,0.03492361111111128,0.03492361111111128,0.03492361111111128,0.03492361111111128,-0.016187499999999924,0.010201388888889242,0.02992361111111129,0.03492361111111128
-0.07636805555555526,-0.02386805555555564,-0.020812500000000494,-0.020812500000000494,-0.020812500000000494,-0.020812500000000494,-0.020812500000000494,0.030020833333333188,0.03474305555555585,0.03474305555555585,0.03474305555555585,0.03474305555555585,0.03474305555555585,-0.0062291666666670015,0.014743055555555095,0.021548611111109988,0.016409722222221826,0.00779861111111065,-0.015256944444444464,0.00224305555555541,-0.020812500000000494,-0.020812500000000494,-0.020812500000000494,-0.07275694444444428,-0.07636805555555526,-0.05970138888888875,-0.05747916666666697,-0.025534722222222368,-0.020812500000000494,-0.013034722222221894,0.03474305555555585,0.03474305555555585,0.03474305555555585,0.03474305555555585,0.03474305555555585,0.03474305555555585,0.03474305555555585,0.03474305555555585,0.03474305555555585,0.03474305555555585
0.0,0.0,0.0,0.0,0.0,0.0,0.0,0.0,0.0,0.0,0.0,0.0,0.0,0.0,0.0,0.0,0.0,0.0,0.0,0.0,0.0,0.0,0.0,0.0,0.0,0.0,0.0,0.0,0.0,0.0,0.0,0.0,0.0,0.0,0.0,0.0,0.0,0.0,0.0,0.0
-0.052250000000000005,-0.04974999999999991,0.002749999999999907,-0.04863888888888882,-0.052250000000000005,-0.052250000000000005,-0.052250000000000005,-0.0022500000000000853,-0.05002777777777783,-0.05197222222222228,0.000527777777777732,0.0033055555555555494,0.0033055555555555494,-0.04002777777777785,-0.052250000000000005,-0.052250000000000005,-0.0011388888888888005,0.0033055555555555494,0.0033055555555555494,0.0033055555555555494,0.05330555555555547,0.008861111111111184,0.058305555555555465,0.039694444444444504,0.05775000000000002,0.05886111111111111,0.05886111111111111,0.05886111111111111,0.05886111111111111,0.0510833333333327,0.0033055555555555494,0.0033055555555555494,0.0033055555555555494,0.0033055555555555494,0.0033055555555555494,0.0033055555555555494,0.0033055555555555494,0.0033055555555555494,0.0033055555555555494,0.0033055555555555494
-0.05889583333333251,-0.05889583333333251,-0.05389583333333311,-0.00334027777777774,-0.00334027777777774,-0.00334027777777774,-0.00334027777777774,-0.00334027777777774,-0.00334027777777774,-0.003062500000000215,0.04943750000000099,0.0522152777777786,0.0522152777777786,0.008881944444445209,-0.00334027777777774,-0.00334027777777774,0.033881944444444576,0.025270833333333402,0.0016597222222224496,-0.00334027777777774,-0.00334027777777774,-0.055840277777777364,-0.05889583333333251,-0.08000694444444416,-0.11445138888888964,-0.06306249999999933,-0.05889583333333251,-0.04667361111111035,-0.00334027777777774,-0.00334027777777774,-0.0005624999999993305,0.05193750000000108,0.0522152777777786,0.0522152777777786,0.0522152777777786,0.0522152777777786,0.0522152777777786,0.0522152777777786,0.0522152777777786,0.0522152777777786
0.0,0.0,0.0,0.0,0.0,0.0,0.0,0.0,0.0,0.0,0.0,0.0,0.0,0.0,0.0,0.0,0.0,0.0,0.0,0.0,0.0,0.0,0.0,0.0,0.0,0.0,0.0,0.0,0.0,0.0,0.0,0.0,0.0,0.0,0.0,0.0,0.0,0.0,0.0,0.0
-0.026375000000000013,-0.026375000000000013,-0.026375000000000013,-0.026375000000000013,-0.026375000000000013,-0.026375000000000013,-0.026375000000000013,0.012236111111111114,-0.026375000000000013,-0.02609722222222229,-0.0013749999999998546,-0.026375000000000013,-0.026375000000000013,-0.026375000000000013,-0.026375000000000013,-0.026375000000000013,-0.026375000000000013,0.008069444444444684,-0.02137500000000002,-0.026375000000000013,0.02362499999999991,0.02918055555555574,0.02918055555555574,0.02918055555555574,0.02918055555555574,0.02918055555555574,0.02918055555555574,0.02918055555555574,0.02918055555555574,0.02918055555555574,0.02918055555555574,-0.013319444444444488,0.02918055555555574,0.02918055555555574,0.02918055555555574,0.02918055555555574,0.028069444444444654,0.010013888888889136,-0.011930555555555087,-0.020819444444444377
-0.01282291666666661,-0.030322916666666484,-0.05226736111111071,-0.0017118055555545514,-0.0017118055555545514,-0.0017118055555545514,-0.0017118055555545514,0.04912152777777834,0.05384375000000022,0.05384375000000022,0.05384375000000022,0.0485659722222225,0.027177083333334115,-0.006434027777777216,-0.0056006944444438505,-0.0017118055555545514,-0.0017118055555545514,-0.0017118055555545514,-0.0017118055555545514,-0.0017118055555545514,-0.051711805555554866,-0.057267361111110894,-0.057267361111110894,-0.05921180555555515,-0.11171180555555556,-0.06143402777777693,-0.057267361111110894,-0.045878472222221314,-0.02282291666666541,-0.0017118055555545514,-0.0017118055555545514,-0.0017118055555545514,0.019399305555556308,0.0014826388888893563,0.03301041666666688,0.03717708333333371,0.05495486111111111,0.10745486111111073,0.05884374999999961,0.05384375000000022
0.0,0.0,0.0,0.0,0.0,0.0,0.0,0.0,0.0,0.0,0.0,0.0,0.0,0.0,0.0,0.0,0.0,0.0,0.0,0.0,0.0,0.0,0.0,0.0,0.0,0.0,0.0,0.0,0.0,0.0,0.0,0.0,0.0,0.0,0.0,0.0,0.0,0.0,0.0,0.0
