0.17572294372294375,0.17663982683982685,0.1785696969696969,0.1783774891774892,0.17830476190476183,0.17678787878787874,0.17544891774891772,0.17230476190476188,0.1718077922077922,0.168565367965368,0.16291991341991346,0.15709653679653676,0.15239134199134188,0.1454437229437229,0.13848917748917755,0.1336038961038961,0.12509610389610384,0.11671298701298699,0.11198398268398274,0.10861082251082252,0.10620779220779217,0.10426774891774888,0.10409783549783545,0.10535541125541126,0.10755151515151506,0.11019264069264062,0.1160640692640692,0.12295974025974017,0.13093506493506493,0.13721818181818177,0.14469756001574186,0.15362943722943717,0.15966107831562373,0.1646277056277055,0.16966623376623371,0.1740811688311689,0.1785558441558441,0.18363268398268406,0.18406450216450218,0.18655655253837075
0.01468398268398282,0.0207956709956711,0.02272554112554116,0.022533333333333447,0.022460606060606066,0.02094372294372298,0.01960476190476197,0.016460606060606117,0.01596363636363644,0.012721212121212248,0.010971861471861478,0.051317316017315935,0.08265108225108218,0.11570346320346317,0.14738528138528148,0.17840909090909096,0.2126285714285715,0.23814155844155835,0.26652943722943734,0.29234458874458885,0.30750649350649345,0.32111839826839833,0.3229939393939394,0.30892683982684,0.2937852813852813,0.2691212121212122,0.24184329004329003,0.21010259740259743,0.1771688311688314,0.13942597402597426,0.10833392365210553,0.07567489177489183,0.047972766627312216,0.019822510822510825,-0.007801298701298653,-0.028353896103896024,-0.040924675324675266,-0.05217900432900424,-0.06197445887445887,-0.060196694214875994
-0.5775238095238096,-0.5766069264069263,-0.5746770562770563,-0.5748692640692641,-0.5749419913419914,-0.5764588744588746,-0.5777978354978355,-0.5809419913419914,-0.5814389610389611,-0.5846813852813852,-0.5903268398268398,-0.5961502164502165,-0.6008554112554113,-0.6078030303030304,-0.6147575757575757,-0.6196428571428572,-0.6281506493506493,-0.6365337662337662,-0.6412627705627705,-0.6446359307359307,-0.6470389610389611,-0.6489790043290043,-0.6491489177489178,-0.647891341991342,-0.6456952380952382,-0.6430541125541126,-0.6371826839826841,-0.6302870129870131,-0.6223116883116883,-0.6160285714285715,-0.6085491932310114,-0.599617316017316,-0.5935856749311295,-0.5886190476190477,-0.5835805194805196,-0.5791655844155843,-0.5746909090909091,-0.5696140692640692,-0.5691822510822511,-0.5666902007083825
0.17572294372294375,0.17663982683982685,0.1785696969696969,0.1783774891774892,0.17830476190476183,0.17678787878787874,0.17544891774891772,0.17230476190476188,0.1718077922077922,0.168565367965368,0.16291991341991346,0.15709653679653676,0.15239134199134188,0.1454437229437229,0.13848917748917755,0.1336038961038961,0.12509610389610384,0.11671298701298699,0.11198398268398274,0.10861082251082252,0.10620779220779217,0.10426774891774888,0.10409783549783545,0.10535541125541126,0.10755151515151506,0.11019264069264062,0.1160640692640692,0.12295974025974017,0.13093506493506493,0.13721818181818177,0.14469756001574186,0.15362943722943717,0.15966107831562373,0.1646277056277055,0.16966623376623371,0.1740811688311689,0.1785558441558441,0.18363268398268406,0.18406450216450218,0.18655655253837075
0.05754112554112564,0.059756709956709966,0.061686580086580026,0.06149437229437232,0.06142164502164493,0.05990476190476185,0.058565800865800835,0.05542164502164498,0.05856103896103896,0.07114653679653685,0.08678354978354987,0.10643095238095238,0.1342095238095238,0.16037878787878782,0.18654112554112565,0.21737012987012994,0.2510701298701299,0.2687909090909092,0.2913346320346321,0.30830238095238094,0.32925974025974036,0.337595670995671,0.33773419913419905,0.32977099567099566,0.31482424242424245,0.2949329004329005,0.2680121212121212,0.24179090909090908,0.21664935064935076,0.18981558441558452,0.16417807949626134,0.13999307359307356,0.11290783156237715,0.08485497835497836,0.06206883116883125,0.04908116883116898,0.03699740259740256,0.028859956709956912,0.027635930735930816,0.02188122786304618
-0.5775238095238096,-0.5766069264069263,-0.5746770562770563,-0.5748692640692641,-0.5749419913419914,-0.5764588744588746,-0.5777978354978355,-0.5809419913419914,-0.5814389610389611,-0.5846813852813852,-0.5903268398268398,-0.5961502164502165,-0.6008554112554113,-0.6078030303030304,-0.6147575757575757,-0.6196428571428572,-0.6281506493506493,-0.6365337662337662,-0.6412627705627705,-0.6446359307359307,-0.6470389610389611,-0.6489790043290043,-0.6491489177489178,-0.647891341991342,-0.6456952380952382,-0.6430541125541126,-0.6371826839826841,-0.6302870129870131,-0.6223116883116883,-0.6160285714285715,-0.6085491932310114,-0.599617316017316,-0.5935856749311295,-0.5886190476190477,-0.5835805194805196,-0.5791655844155843,-0.5746909090909091,-0.5696140692640692,-0.5691822510822511,-0.5666902007083825
0.058839826839826866,0.059756709956709966,0.061686580086580026,0.06149437229437232,0.06155151515151504,0.06461255411255402,0.06304632034632031,0.055519047619047586,0.05492467532467531,0.05229913419913423,0.055127705627705706,0.05320043290043286,0.048495238095237994,0.041547619047619,0.034593073593073655,0.029707792207792225,0.021199999999999962,0.011940259740259689,-0.0030809523809523214,-0.004635930735930713,0.0016623376623376637,0.00037164502164499367,0.00020173160173156223,0.0014593073593073573,0.0036554112554111643,0.006296536796536717,0.012167965367965309,0.019063636363636276,0.02703896103896105,0.03332207792207787,0.04080145611963796,0.04905151515151506,0.046154584809130296,0.04774458874458864,0.05323766233766224,0.06499025974025982,0.0745298701298701,0.07973658008658016,0.07958398268398267,0.07477083825265654
0.021177489177489312,0.0207956709956711,0.02272554112554116,0.022533333333333447,0.0247982683982684,0.03311904761904765,0.03343593073593077,0.040356709956709966,0.045574025974026065,0.059084848484848525,0.08694588744588747,0.10706406926406932,0.1342095238095238,0.16037878787878782,0.18654112554112565,0.21477272727272728,0.23938181818181828,0.2641155844155843,0.2912696969696971,0.30633809523809535,0.32049350649350644,0.33410541125541127,0.3359809523809524,0.32191385281385276,0.30755151515151513,0.29249783549783537,0.2680121212121212,0.24179090909090908,0.21664935064935076,0.1885493506493507,0.15216509248327437,0.12700606060606057,0.09992081857536417,0.07186796536796537,0.04908181818181826,0.03609415584415591,0.024010389610389666,0.015872943722943834,0.015233333333333342,0.017725383707201926
-0.5775238095238096,-0.5766069264069263,-0.5746770562770563,-0.5748692640692641,-0.5749419913419914,-0.5764588744588746,-0.5777978354978355,-0.5809419913419914,-0.5814389610389611,-0.5846813852813852,-0.5903268398268398,-0.5961502164502165,-0.6008554112554113,-0.6078030303030304,-0.6147575757575757,-0.6196428571428572,-0.6281506493506493,-0.6365337662337662,-0.6412627705627705,-0.6446359307359307,-0.6470389610389611,-0.6489790043290043,-0.6491489177489178,-0.647891341991342,-0.6456952380952382,-0.6430541125541126,-0.6371826839826841,-0.6302870129870131,-0.6223116883116883,-0.6160285714285715,-0.6085491932310114,-0.599617316017316,-0.5935856749311295,-0.5886190476190477,-0.5835805194805196,-0.5791655844155843,-0.5746909090909091,-0.5696140692640692,-0.5691822510822511,-0.5666902007083825
-0.0067445887445886825,-0.009334199134199127,-0.015651082251082287,-0.016427705627705697,-0.016500432900433078,-0.018017316017316168,-0.017667965367965364,-0.0030848484848486468,-0.02091948051948058,-0.027473593073593025,-0.0500670995670995,-0.06215670995670991,-0.060335930735930784,-0.06825757575757578,-0.07852380952380938,-0.0753246753246752,-0.08321558441558435,-0.09939090909090903,-0.10873030303030286,-0.12336969696969684,-0.15807792207792204,-0.16816731601731594,-0.16856450216450208,-0.16143030303030298,-0.13011082251082257,-0.11107359307359307,-0.10185800865800863,-0.08613116883116885,-0.08451948051948037,-0.07210000000000005,-0.06699075167256979,-0.06653290043290042,-0.06007918142463593,-0.04624891774891782,-0.039944155844156,-0.013905844155844114,-0.002807792207792308,0.009103463203463289,0.008902164502164548,0.005095513577331842
-0.020380952380952375,-0.034366666666666594,-0.04162510822510817,-0.04240173160173149,-0.04013679653679653,-0.031816017316017284,-0.030654978354978348,-0.012467965367965394,0.00271688311688306,0.01843549783549784,0.0340238095238096,0.05384978354978347,0.08265108225108218,0.11570346320346317,0.14738528138528148,0.17840909090909096,0.2126285714285715,0.23814155844155835,0.26529567099567114,0.2764354978354978,0.275038961038961,0.2730989177489177,0.2728640692640693,0.2699333333333333,0.2706683982683982,0.26619913419913416,0.24203809523809522,0.215264935064935,0.18210389610389627,0.14962077922077943,0.11287937819756,0.08129177489177492,0.048232506887052426,0.019919913419913428,-0.003320779220779187,-0.023646103896103762,-0.040210389610389655,-0.04489004329004319,-0.05590303030303019,-0.06867072018890201
-0.5775238095238096,-0.5766069264069263,-0.5746770562770563,-0.5748692640692641,-0.5749419913419914,-0.5764588744588746,-0.5777978354978355,-0.5809419913419914,-0.5814389610389611,-0.5846813852813852,-0.5903268398268398,-0.5961502164502165,-0.6008554112554113,-0.6078030303030304,-0.6147575757575757,-0.6196428571428572,-0.6281506493506493,-0.6365337662337662,-0.6412627705627705,-0.6446359307359307,-0.6470389610389611,-0.6489790043290043,-0.6491489177489178,-0.647891341991342,-0.6456952380952382,-0.6430541125541126,-0.6371826839826841,-0.6302870129870131,-0.6223116883116883,-0.6160285714285715,-0.6085491932310114,-0.599617316017316,-0.5935856749311295,-0.5886190476190477,-0.5835805194805196,-0.5791655844155843,-0.5746909090909091,-0.5696140692640692,-0.5691822510822511,-0.5666902007083825
-0.09051082251082249,-0.08959393939393938,-0.08766406926406932,-0.08785627705627704,-0.09143549783549797,-0.10770887445887452,-0.10942121212121218,-0.1025004329004329,-0.10065974025974024,-0.09792813852813853,-0.09714502164502159,-0.1042670995670996,-0.12708917748917764,-0.1318290043290044,-0.142095238095238,-0.15073051948051944,-0.15230649350649345,-0.16716688311688305,-0.20347056277056272,-0.1910320346320346,-0.21651948051948047,-0.22040757575757577,-0.22233073593073593,-0.2263329004329004,-0.2101108225108226,-0.20165800865800879,-0.190104761904762,-0.16996233766233776,-0.16646753246753243,-0.14752207792207794,-0.12041460055096408,-0.11033160173160184,-0.11606501377410466,-0.09751515151515165,-0.09007402597402603,-0.08484740259740253,-0.07053506493506499,-0.06323419913419906,-0.06567575757575753,-0.06651162927981104
-0.08401731601731599,-0.08310043290043288,-0.08117056277056282,-0.08136277056277054,-0.0860458874458875,-0.10446212121212127,-0.09701861471861471,-0.062289393939393964,-0.05455584415584426,-0.03627229437229435,-0.008995670995670916,0.014888744588744509,0.04407965367965353,0.0832683982683982,0.11219047619047627,0.15146103896103907,0.1921090909090908,0.22385584415584414,0.23990606060606076,0.23789653679653677,0.22374025974025985,0.21809891774891774,0.2191627705627707,0.21012813852813866,0.2130060606060606,0.23259523809523797,0.21586926406926404,0.18412857142857153,0.1502857142857144,0.10328961038961056,0.08233038173947264,0.0666813852813853,0.021455647382920277,-0.019138528138528045,-0.046762337662337616,-0.0681266233766233,-0.08995064935064936,-0.0967244588744587,-0.10427965367965358,-0.10547266824085
-0.5775238095238096,-0.5766069264069263,-0.5746770562770563,-0.5748692640692641,-0.5749419913419914,-0.5764588744588746,-0.5777978354978355,-0.5809419913419914,-0.5814389610389611,-0.5846813852813852,-0.5903268398268398,-0.5961502164502165,-0.6008554112554113,-0.6078030303030304,-0.6147575757575757,-0.6196428571428572,-0.6281506493506493,-0.6365337662337662,-0.6412627705627705,-0.6446359307359307,-0.6470389610389611,-0.6489790043290043,-0.6491489177489178,-0.647891341991342,-0.6456952380952382,-0.6430541125541126,-0.6371826839826841,-0.6302870129870131,-0.6223116883116883,-0.6160285714285715,-0.6085491932310114,-0.599617316017316,-0.5935856749311295,-0.5886190476190477,-0.5835805194805196,-0.5791655844155843,-0.5746909090909091,-0.5696140692640692,-0.5691822510822511,-0.5666902007083825
0.27961904761904766,0.28053593073593075,0.2824658008658008,0.2822735930735931,0.28220086580086573,0.28068398268398265,0.2793450216450216,0.2762008658008658,0.27570389610389606,0.2724614718614719,0.26681601731601734,0.26099264069264067,0.2562874458874458,0.2493398268398268,0.24238528138528145,0.23750000000000002,0.22899220779220775,0.2206090909090909,0.21588008658008664,0.21250692640692642,0.21010389610389607,0.20816385281385277,0.20799393939393934,0.20925151515151516,0.21144761904761897,0.21408874458874452,0.22262251082251092,0.23338181818181805,0.23522077922077925,0.24238051948051956,0.2606066509248329,0.27051255411255404,0.2765441951987406,0.2815108225108224,0.2865493506493506,0.29015259740259747,0.2847896103896104,0.28752878787878794,0.2879606060606061,0.29045265643447465
0.05754112554112564,0.059756709956709966,0.061686580086580026,0.06149437229437232,0.06142164502164493,0.05990476190476185,0.058565800865800835,0.0566229437229437,0.06713246753246749,0.07213679653679661,0.09084199134199142,0.10706406926406932,0.1342095238095238,0.15963203463203468,0.17641125541125557,0.20438311688311703,0.2386025974025973,0.263238961038961,0.28133463203463216,0.30533160173160184,0.3198441558441558,0.32475476190476193,0.3248121212121212,0.32103722943722945,0.30755151515151513,0.29249783549783537,0.2680121212121212,0.24179090909090908,0.21574025974025995,0.17965324675324695,0.16320405352223533,0.13999307359307356,0.11290783156237715,0.08485497835497836,0.061614285714285746,0.042100649350649486,0.03478961038961042,0.028859956709956912,0.027635930735930816,0.02188122786304618
-0.5775238095238096,-0.5766069264069263,-0.5746770562770563,-0.5748692640692641,-0.5749419913419914,-0.5764588744588746,-0.5777978354978355,-0.5809419913419914,-0.5814389610389611,-0.5846813852813852,-0.5903268398268398,-0.5961502164502165,-0.6008554112554113,-0.6078030303030304,-0.6147575757575757,-0.6196428571428572,-0.6281506493506493,-0.6365337662337662,-0.6412627705627705,-0.6446359307359307,-0.6470389610389611,-0.6489790043290043,-0.6491489177489178,-0.647891341991342,-0.6456952380952382,-0.6430541125541126,-0.6371826839826841,-0.6302870129870131,-0.6223116883116883,-0.6160285714285715,-0.6085491932310114,-0.599617316017316,-0.5935856749311295,-0.5886190476190477,-0.5835805194805196,-0.5791655844155843,-0.5746909090909091,-0.5696140692640692,-0.5691822510822511,-0.5666902007083825
0.35754112554112555,0.35845800865800864,0.36038787878787876,0.360195670995671,0.3601229437229436,0.35860606060606054,0.35726709956709957,0.3541229437229437,0.353625974025974,0.3510004329004329,0.3538290043290044,0.35190173160173155,0.34719653679653667,0.3402489177489177,0.33329437229437237,0.32840909090909093,0.3204207792207793,0.3189532467532468,0.30854242424242434,0.3034160173160173,0.30101298701298695,0.2990729437229437,0.2989030303030303,0.30016060606060607,0.3023567099567099,0.30499783549783543,0.30840173160173157,0.3164012987012986,0.3302857142857144,0.3422181818181817,0.3408014561196381,0.35450606060606055,0.35758315623770176,0.36131601731601737,0.36719870129870136,0.3646655844155846,0.3720623376623377,0.3667495670995671,0.37185670995671005,0.38006304604486435
-0.0567445887445887,-0.057126406926406914,-0.055196536796536855,-0.05538874458874457,-0.05533160173160184,-0.051783549783549765,-0.04494069264069256,-0.036364069264069335,-0.02014025974025977,-0.000850216450216345,0.017465367965367972,0.04086277056277048,0.06927445887445888,0.09544372294372289,0.12326190476190482,0.16266233766233765,0.1776935064935064,0.21153441558441569,0.23932164502164516,0.25802640692640705,0.2802337662337663,0.2857937229437228,0.28585108225108224,0.2820761904761905,0.2678112554112554,0.24314718614718622,0.21872640692640707,0.19636883116883114,0.1641818181818184,0.12643896103896118,0.0989183392365211,0.06898658008658014,0.04485588351042907,0.01784199134199139,-0.015009090909090857,-0.029652597402597344,-0.051574025974026015,-0.06227640692640679,-0.06866277056277047,-0.07188500590318767
-0.5775238095238096,-0.5766069264069263,-0.5746770562770563,-0.5748692640692641,-0.5749419913419914,-0.5764588744588746,-0.5777978354978355,-0.5809419913419914,-0.5814389610389611,-0.5846813852813852,-0.5903268398268398,-0.5961502164502165,-0.6008554112554113,-0.6078030303030304,-0.6147575757575757,-0.6196428571428572,-0.6281506493506493,-0.6365337662337662,-0.6412627705627705,-0.6446359307359307,-0.6470389610389611,-0.6489790043290043,-0.6491489177489178,-0.647891341991342,-0.6456952380952382,-0.6430541125541126,-0.6371826839826841,-0.6302870129870131,-0.6223116883116883,-0.6160285714285715,-0.6085491932310114,-0.599617316017316,-0.5935856749311295,-0.5886190476190477,-0.5835805194805196,-0.5791655844155843,-0.5746909090909091,-0.5696140692640692,-0.5691822510822511,-0.5666902007083825
0.41468398268398277,0.42774372294372304,0.4759722943722944,0.48639696969696994,0.4480450216450215,0.4327943722943723,0.44239696969696973,0.42853852813852816,0.48998961038961036,0.48639004329004326,0.4638939393939396,0.4369991341991341,0.4565471861471861,0.4374242424242424,0.4288138528138529,0.46558441558441577,0.42509610389610414,0.3764857142857144,0.3939969696969698,0.3946173160173159,0.4003636363636364,0.4307287878787879,0.4362406926406928,0.40201125541125543,0.3930060606060606,0.38551731601731615,0.38879134199134213,0.3956870129870131,0.4054805194805195,0.4315363636363635,0.45054171585989766,0.4917138528138527,0.45914159779614344,0.4543030303030301,0.4693415584415586,0.4521655844155846,0.4442701298701299,0.4709054112554112,0.4758177489177488,0.5094461629279811
-0.13466666666666663,-0.19076277056277055,-0.3271445887445888,-0.3192523809523809,-0.3087082251082252,-0.2142835497835498,-0.2017588744588746,-0.12314978354978359,-0.26208831168831165,-0.20174307359307359,-0.04730735930735926,-0.0023839826839824646,-0.08929696969697007,0.07346320346320345,0.10900865800865803,-0.044642857142857054,0.07496623376623346,0.23830389610389585,0.2212047619047621,0.21555887445887445,0.20880519480519485,0.18540411255411254,0.17572121212121208,0.20746580086580083,0.2272917748917748,0.24671861471861467,0.21736277056277065,0.1950051948051947,0.16781818181818198,0.12393896103896125,0.008658598976780892,-0.15637056277056272,-0.046053207398662296,0.002452380952381066,-0.02913246753246746,-0.06333766233766228,-0.13488571428571422,-0.30045822510822545,-0.23768874458874403,-0.3237681227863044
-0.5775238095238096,-0.5766069264069263,-0.5746770562770563,-0.5748692640692641,-0.5749419913419914,-0.5764588744588746,-0.5777978354978355,-0.5809419913419914,-0.5814389610389611,-0.5846813852813852,-0.5903268398268398,-0.5961502164502165,-0.6008554112554113,-0.6078030303030304,-0.6147575757575757,-0.6196428571428572,-0.6281506493506493,-0.6365337662337662,-0.6412627705627705,-0.6446359307359307,-0.6470389610389611,-0.6489790043290043,-0.6491489177489178,-0.647891341991342,-0.6456952380952382,-0.6430541125541126,-0.6371826839826841,-0.6302870129870131,-0.6223116883116883,-0.6160285714285715,-0.6085491932310114,-0.599617316017316,-0.5935856749311295,-0.5886190476190477,-0.5835805194805196,-0.5791655844155843,-0.5746909090909091,-0.5696140692640692,-0.5691822510822511,-0.5666902007083825
0.17572294372294375,0.1728411255411256,0.1724658008658009,0.16828008658008675,0.16765541125541125,0.17597619047619042,0.17544891774891772,0.17230476190476188,0.1718077922077922,0.168565367965368,0.16291991341991346,0.15862251082251086,0.1600536796536796,0.1467424242424243,0.1486190476190477,0.1465909090909091,0.13808311688311684,0.12969999999999998,0.12497099567099572,0.12159783549783551,0.11984415584415577,0.12660541125541122,0.13000692640692632,0.12665411255411255,0.12105800865800856,0.12204329004328998,0.11716796536796532,0.12351168831168818,0.13950649350649347,0.15017272727272724,0.15768457300275485,0.16661645021645016,0.17264809130263672,0.1775173160173159,0.17817272727272723,0.1823603896103897,0.19024415584415577,0.18470411255411268,0.18406450216450218,0.18561499409681234
0.4224761904761905,0.4192372294372295,0.4129203463203463,0.412143722943723,0.4166164502164502,0.4301969696969697,0.43239696969696984,0.4537658008658008,0.4577818181818181,0.4611303030303031,0.4703874458874461,0.47034329004329006,0.47654718614718616,0.4781385281385282,0.4871904761904762,0.5016233766233765,0.5240571428571428,0.5332064935064934,0.5486722943722945,0.5457536796536796,0.5665974025974025,0.5808586580086581,0.5845523809523809,0.5807774891774892,0.5680709956709955,0.5626277056277056,0.540739393939394,0.5150701298701299,0.49976623376623386,0.49835454545454544,0.48008717040535226,0.4714865800865801,0.46095977961432505,0.4513484848484847,0.4455103896103897,0.43479545454545465,0.43595844155844143,0.416424891774892,0.40497359307359315,0.3975630460448643
-0.5775238095238096,-0.5766069264069263,-0.5746770562770563,-0.5748692640692641,-0.5749419913419914,-0.5764588744588746,-0.5777978354978355,-0.5809419913419914,-0.5814389610389611,-0.5846813852813852,-0.5903268398268398,-0.5961502164502165,-0.6008554112554113,-0.6078030303030304,-0.6147575757575757,-0.6196428571428572,-0.6281506493506493,-0.6365337662337662,-0.6412627705627705,-0.6446359307359307,-0.6470389610389611,-0.6489790043290043,-0.6491489177489178,-0.647891341991342,-0.6456952380952382,-0.6430541125541126,-0.6371826839826841,-0.6302870129870131,-0.6223116883116883,-0.6160285714285715,-0.6085491932310114,-0.599617316017316,-0.5935856749311295,-0.5886190476190477,-0.5835805194805196,-0.5791655844155843,-0.5746909090909091,-0.5696140692640692,-0.5691822510822511,-0.5666902007083825
0.11078787878787881,0.10790606060606066,0.10753073593073598,0.10334502164502181,0.10272034632034632,0.11104112554112548,0.11051385281385279,0.10736969696969693,0.103496103896104,0.09132510822510838,0.08499783549783563,0.08073290043290045,0.08654718614718614,0.08050865800865796,0.07355411255411261,0.06866883116883118,0.06068051948051952,0.06008961038961047,0.05997099567099569,0.056370562770562765,0.04841558441558434,0.048975541125541186,0.052084848484848414,0.04915411255411255,0.05066839826839824,0.05694588744588735,0.05223290043290038,0.058024675324675236,0.066,0.07354935064935074,0.09145080676898869,0.09492813852813842,0.0949857536402991,0.10167316017316011,0.11193896103896098,0.10963311688311696,0.11362077922077916,0.11869761904761912,0.11912943722943724,0.12162148760330582
0.4237748917748919,0.4229709956709957,0.4011021645021645,0.39915670995671,0.4036294372294372,0.4176969696969698,0.42661774891774895,0.44275930735930735,0.44791168831168837,0.4542147186147187,0.45869913419913433,0.46907705627705615,0.47654718614718616,0.4788852813852813,0.4962164502164501,0.50275974025974,0.5240571428571428,0.5332064935064934,0.5499060606060606,0.5574419913419913,0.5730909090909091,0.5811508658008657,0.5845523809523809,0.5807774891774892,0.5680709956709955,0.5637640692640692,0.5526225108225107,0.5275051948051948,0.5041818181818182,0.498387012987013,0.48008717040535226,0.4714865800865801,0.46095977961432505,0.4493679653679654,0.43830259740259736,0.4334967532467534,0.42647792207792207,0.41535346320346345,0.40497359307359315,0.3975630460448643
-0.5775238095238096,-0.5766069264069263,-0.5746770562770563,-0.5748692640692641,-0.5749419913419914,-0.5764588744588746,-0.5777978354978355,-0.5809419913419914,-0.5814389610389611,-0.5846813852813852,-0.5903268398268398,-0.5961502164502165,-0.6008554112554113,-0.6078030303030304,-0.6147575757575757,-0.6196428571428572,-0.6281506493506493,-0.6365337662337662,-0.6412627705627705,-0.6446359307359307,-0.6470389610389611,-0.6489790043290043,-0.6491489177489178,-0.647891341991342,-0.6456952380952382,-0.6430541125541126,-0.6371826839826841,-0.6302870129870131,-0.6223116883116883,-0.6160285714285715,-0.6085491932310114,-0.599617316017316,-0.5935856749311295,-0.5886190476190477,-0.5835805194805196,-0.5791655844155843,-0.5746909090909091,-0.5696140692640692,-0.5691822510822511,-0.5666902007083825
0.060138528138528186,0.06764632034632038,0.06227099567099564,0.06149437229437232,0.06142164502164493,0.05990476190476185,0.058565800865800835,0.05542164502164498,0.05466493506493501,0.045448484848484925,0.0333744588744589,0.027226406926406883,0.02252121212121202,0.015573593073593028,0.007515151515151656,-0.008116883116883024,-0.018280519480519418,-0.03445584415584409,-0.043795238095237915,-0.04723333333333323,-0.04963636363636358,-0.05157640692640686,-0.05174632034632029,-0.0504887445887445,-0.04829264069264069,-0.04565151515151514,-0.036922943722943705,-0.020644155844155902,-0.01192207792207782,-0.005638961038961001,0.005736521054703045,0.023142424242424183,0.02979094844549387,0.03683549783549768,0.051938961038961014,0.05719805194805201,0.06167272727272722,0.06674956709956717,0.06718138528138529,0.06967343565525387
0.693904761904762,0.6882307359307359,0.6974658008658008,0.6978580086580087,0.7001229437229437,0.7084437229437229,0.7079164502164502,0.7047722943722944,0.7079116883116883,0.7195718614718615,0.7220108225108225,0.7272588744588745,0.7238199134199134,0.7176190476190476,0.7200476190476192,0.7180194805194805,0.7100311688311689,0.7094402597402597,0.7099385281385282,0.7141140692640693,0.7227662337662336,0.7273521645021646,0.7274744588744588,0.7287320346320346,0.7309281385281384,0.7324329004329003,0.7273627705627704,0.7276350649350649,0.7278181818181817,0.7231922077922078,0.724892365210547,0.718921645021645,0.7173234159779613,0.711186147186147,0.7101857142857143,0.706224025974026,0.6992051948051948,0.6940872294372296,0.69685670995671,0.6943487603305785
-0.5775238095238096,-0.5766069264069263,-0.5746770562770563,-0.5748692640692641,-0.5749419913419914,-0.5764588744588746,-0.5777978354978355,-0.5809419913419914,-0.5814389610389611,-0.5846813852813852,-0.5903268398268398,-0.5961502164502165,-0.6008554112554113,-0.6078030303030304,-0.6147575757575757,-0.6196428571428572,-0.6281506493506493,-0.6365337662337662,-0.6412627705627705,-0.6446359307359307,-0.6470389610389611,-0.6489790043290043,-0.6491489177489178,-0.647891341991342,-0.6456952380952382,-0.6430541125541126,-0.6371826839826841,-0.6302870129870131,-0.6223116883116883,-0.6160285714285715,-0.6085491932310114,-0.599617316017316,-0.5935856749311295,-0.5886190476190477,-0.5835805194805196,-0.5791655844155843,-0.5746909090909091,-0.5696140692640692,-0.5691822510822511,-0.5666902007083825
0.03286580086580098,0.03378268398268409,0.03571255411255415,0.03552034632034643,0.035447619047619054,0.033930735930735964,0.032591774891774956,0.029447619047619104,0.028950649350649428,0.025708225108225236,0.0200627705627707,0.01423939393939399,0.009534199134199122,0.0025865800865801335,-0.004367965367965215,-0.009253246753246642,-0.017761038961038908,-0.026144155844155772,-0.030873160173160028,-0.03424632034632025,-0.03664935064935059,-0.038589393939393875,-0.038759307359307306,-0.03750173160173151,-0.0353056277056277,-0.03266450216450215,-0.02679307359307356,-0.019897402597402594,-0.01192207792207782,-0.005638961038961001,0.001840417158599093,0.010772294372294397,0.016803935458480974,0.021770562770562756,0.026809090909090946,0.031224025974026126,0.035698701298701334,0.040775541125541284,0.04120735930735941,0.04369940968122799
0.9263722943722944,0.9216398268398267,0.9242190476190476,0.9188645021645022,0.9209021645021646,0.9292229437229436,0.9286956709956711,0.9255515151515151,0.9250545454545454,0.9218121212121212,0.9161666666666668,0.91034329004329,0.905638095238095,0.898690476190476,0.8917359307359308,0.8868506493506493,0.878342857142857,0.8699597402597401,0.8652307359307361,0.8618575757575757,0.8594545454545455,0.8575145021645021,0.8573445887445887,0.8586021645021646,0.8607982683982683,0.8634393939393938,0.8693108225108225,0.8762064935064934,0.8841818181818181,0.890464935064935,0.8976196379378197,0.9001229437229437,0.9001805588351042,0.9048874458874459,0.9099259740259741,0.9143409090909091,0.9188155844155843,0.9238924242424243,0.9243242424242424,0.9258747343565525
-0.5775238095238096,-0.5766069264069263,-0.5746770562770563,-0.5748692640692641,-0.5749419913419914,-0.5764588744588746,-0.5777978354978355,-0.5809419913419914,-0.5814389610389611,-0.5846813852813852,-0.5903268398268398,-0.5961502164502165,-0.6008554112554113,-0.6078030303030304,-0.6147575757575757,-0.6196428571428572,-0.6281506493506493,-0.6365337662337662,-0.6412627705627705,-0.6446359307359307,-0.6470389610389611,-0.6489790043290043,-0.6491489177489178,-0.647891341991342,-0.6456952380952382,-0.6430541125541126,-0.6371826839826841,-0.6302870129870131,-0.6223116883116883,-0.6160285714285715,-0.6085491932310114,-0.599617316017316,-0.5935856749311295,-0.5886190476190477,-0.5835805194805196,-0.5791655844155843,-0.5746909090909091,-0.5696140692640692,-0.5691822510822511,-0.5666902007083825
0.24065800865800868,0.24157489177489178,0.24279047619047614,0.2334424242424244,0.23259047619047618,0.24091125541125535,0.24038398268398264,0.2372398268398268,0.23674285714285712,0.23411731601731614,0.23694588744588752,0.23501861471861468,0.2303134199134198,0.22336580086580082,0.21641125541125547,0.21152597402597403,0.2030181818181818,0.1946350649350649,0.18990606060606066,0.18682510822510834,0.19062337662337658,0.19488463203463208,0.19494199134199136,0.1915891774891775,0.1859930735930734,0.18811471861471854,0.1911290043290043,0.1891935064935064,0.2044415584415584,0.2151077922077922,0.22261963793781978,0.2315515151515151,0.23758315623770165,0.24254978354978343,0.24758831168831164,0.2520032467532468,0.2553090909090908,0.2496391774891776,0.2489995670995671,0.2514916174734357
0.4224761904761905,0.4150813852813853,0.4012320346320345,0.4090268398268399,0.4166164502164502,0.4301969696969697,0.43324112554112565,0.46347359307359287,0.45856103896103895,0.4548965367965368,0.45869913419913433,0.46910952380952387,0.4809627705627706,0.49057359307359305,0.49907359307359295,0.5025974025974025,0.5191220779220779,0.5280766233766233,0.5386722943722945,0.5447471861471861,0.5665974025974025,0.5798521645021645,0.5728640692640692,0.572043722943723,0.5600190476190477,0.5509393939393938,0.5396354978354977,0.5150701298701299,0.49976623376623386,0.49835454545454544,0.48008717040535226,0.4714865800865801,0.4619987406532861,0.4611536796536795,0.450835064935065,0.4395032467532468,0.43608831168831164,0.416424891774892,0.40497359307359315,0.3975630460448643
-0.5775238095238096,-0.5766069264069263,-0.5746770562770563,-0.5748692640692641,-0.5749419913419914,-0.5764588744588746,-0.5777978354978355,-0.5809419913419914,-0.5814389610389611,-0.5846813852813852,-0.5903268398268398,-0.5961502164502165,-0.6008554112554113,-0.6078030303030304,-0.6147575757575757,-0.6196428571428572,-0.6281506493506493,-0.6365337662337662,-0.6412627705627705,-0.6446359307359307,-0.6470389610389611,-0.6489790043290043,-0.6491489177489178,-0.647891341991342,-0.6456952380952382,-0.6430541125541126,-0.6371826839826841,-0.6302870129870131,-0.6223116883116883,-0.6160285714285715,-0.6085491932310114,-0.599617316017316,-0.5935856749311295,-0.5886190476190477,-0.5835805194805196,-0.5791655844155843,-0.5746909090909091,-0.5696140692640692,-0.5691822510822511,-0.5666902007083825
0.29260606060606065,0.29352294372294374,0.2954528138528138,0.29526060606060606,0.2951878787878787,0.29367099567099564,0.2923320346320346,0.28918787878787877,0.29206753246753253,0.29775367965367977,0.2927900432900433,0.28852510822510824,0.29472900432900434,0.29557359307359304,0.2952424242424242,0.30146103896103915,0.29938181818181797,0.2981090909090909,0.29380216450216456,0.2904290043290043,0.28802597402597396,0.2860859307359307,0.2859160173160173,0.2871735930735931,0.2893696969696969,0.29201082251082244,0.297882251082251,0.304777922077922,0.3118441558441559,0.3076077922077924,0.3132040535222353,0.31570735930735927,0.3147260133805588,0.3086861471861471,0.31206883116883116,0.30914610389610403,0.30738701298701293,0.30158722943722965,0.3009476190476191,0.30343966942148765
0.6965021645021644,0.6961203463203464,0.6980502164502164,0.698393722943723,0.7037593073593071,0.7053593073593073,0.7076891774891775,0.7047722943722944,0.7042753246753246,0.7010329004329005,0.6963614718614719,0.7028432900432899,0.7099238095238095,0.7038852813852814,0.696930735930736,0.6946428571428573,0.6957454545454544,0.6881415584415584,0.6834125541125542,0.6836757575757576,0.689974025974026,0.6886833333333333,0.6885134199134199,0.6897709956709956,0.6919670995670995,0.6946082251082251,0.6976225108225108,0.6951350649350649,0.7023636363636364,0.7073805194805196,0.7037884691066509,0.7053177489177489,0.7043364029909484,0.6982965367965367,0.7021337662337662,0.7057370129870131,0.700374025974026,0.7031132034632035,0.7035450216450216,0.7060370720188902
-0.5775238095238096,-0.5766069264069263,-0.5746770562770563,-0.5748692640692641,-0.5749419913419914,-0.5764588744588746,-0.5777978354978355,-0.5809419913419914,-0.5814389610389611,-0.5846813852813852,-0.5903268398268398,-0.5961502164502165,-0.6008554112554113,-0.6078030303030304,-0.6147575757575757,-0.6196428571428572,-0.6281506493506493,-0.6365337662337662,-0.6412627705627705,-0.6446359307359307,-0.6470389610389611,-0.6489790043290043,-0.6491489177489178,-0.647891341991342,-0.6456952380952382,-0.6430541125541126,-0.6371826839826841,-0.6302870129870131,-0.6223116883116883,-0.6160285714285715,-0.6085491932310114,-0.599617316017316,-0.5935856749311295,-0.5886190476190477,-0.5835805194805196,-0.5791655844155843,-0.5746909090909091,-0.5696140692640692,-0.5691822510822511,-0.5666902007083825
0.34455411255411256,0.3454709956709957,0.34740086580086577,0.347208658008658,0.34713593073593063,0.34561904761904755,0.3442800865800866,0.3411359307359307,0.340638961038961,0.3373965367965368,0.3317510822510823,0.32592770562770557,0.32122251082251074,0.3142748917748917,0.3073203463203464,0.30243506493506495,0.2939272727272727,0.2855441558441558,0.2808151515151516,0.2774419913419913,0.275038961038961,0.2730989177489177,0.2729290043290043,0.2741865800865801,0.2763826839826839,0.27902380952380945,0.28489523809523803,0.291790909090909,0.2997662337662338,0.30604935064935057,0.3135287288469107,0.322460606060606,0.3284922471467926,0.33345887445887434,0.3384974025974025,0.3429123376623377,0.3473870129870129,0.3524638528138529,0.352895670995671,0.3553877213695396
0.9159826839826839,0.9168995670995672,0.9188294372294372,0.9186372294372295,0.9185645021645021,0.9170476190476189,0.9157086580086581,0.9125645021645021,0.9118077922077923,0.9025913419913419,0.8905173160173162,0.8858952380952381,0.8873264069264067,0.8740151515151513,0.8758917748917749,0.8738636363636363,0.865355844155844,0.8569727272727271,0.8522437229437231,0.8488705627705628,0.8464675324675325,0.8445274891774891,0.8443575757575759,0.8456151515151517,0.8478112554112553,0.8504523809523808,0.8563238095238095,0.8626675324675325,0.8626233766233766,0.8645233766233765,0.8719702872884691,0.8809021645021644,0.886933805588351,0.8919978354978354,0.901874025974026,0.9138538961038962,0.917646753246753,0.9119768398268399,0.9113372294372295,0.9147708382526566
-0.5775238095238096,-0.5766069264069263,-0.5746770562770563,-0.5748692640692641,-0.5749419913419914,-0.5764588744588746,-0.5777978354978355,-0.5809419913419914,-0.5814389610389611,-0.5846813852813852,-0.5903268398268398,-0.5961502164502165,-0.6008554112554113,-0.6078030303030304,-0.6147575757575757,-0.6196428571428572,-0.6281506493506493,-0.6365337662337662,-0.6412627705627705,-0.6446359307359307,-0.6470389610389611,-0.6489790043290043,-0.6491489177489178,-0.647891341991342,-0.6456952380952382,-0.6430541125541126,-0.6371826839826841,-0.6302870129870131,-0.6223116883116883,-0.6160285714285715,-0.6085491932310114,-0.599617316017316,-0.5935856749311295,-0.5886190476190477,-0.5835805194805196,-0.5791655844155843,-0.5746909090909091,-0.5696140692640692,-0.5691822510822511,-0.5666902007083825
0.14974891774891785,0.15066580086580098,0.15259567099567103,0.15240346320346332,0.15233073593073593,0.15081385281385284,0.14947489177489184,0.14633073593073598,0.14583376623376632,0.14259134199134213,0.1369458874458876,0.13112251082251086,0.126417316017316,0.11946969696969702,0.11251515151515167,0.10762987012987024,0.09912207792207797,0.09073896103896112,0.08600995670995686,0.08263679653679663,0.0802337662337663,0.07829372294372301,0.07812380952380958,0.07938138528138537,0.08157748917748918,0.08421861471861473,0.09009004329004332,0.09698571428571429,0.10496103896103906,0.11124415584415588,0.11872353404171597,0.12765541125541127,0.13368705234159786,0.13865367965367964,0.14369220779220784,0.14810714285714302,0.1525818181818182,0.15765865800865816,0.15809047619047628,0.16058252656434488
-0.06973160173160169,-0.0638796536796537,-0.04957965367965386,-0.048895238095238165,-0.04896796536796555,-0.05048484848484863,-0.05182380952380965,-0.05316601731601733,-0.033906493506493565,-0.01945411255411251,0.0009069264069265234,0.027875757575757495,0.05667705627705621,0.0897294372294372,0.1214112554112555,0.1524350649350651,0.18665454545454543,0.21216753246753256,0.24055541125541138,0.26637056277056287,0.2808831168831167,0.2868002164502165,0.2957861471861474,0.2829528138528138,0.2678112554112554,0.24314718614718622,0.21586926406926404,0.18412857142857153,0.1511948051948054,0.1134519480519482,0.08235989767807955,0.04970086580086586,0.02199874065328615,-0.006151515151515149,-0.033775324675324625,-0.054327922077921996,-0.06689870129870133,-0.07526341991341978,-0.08164978354978346,-0.08581357733175907
-0.5775238095238096,-0.5766069264069263,-0.5746770562770563,-0.5748692640692641,-0.5749419913419914,-0.5764588744588746,-0.5777978354978355,-0.5809419913419914,-0.5814389610389611,-0.5846813852813852,-0.5903268398268398,-0.5961502164502165,-0.6008554112554113,-0.6078030303030304,-0.6147575757575757,-0.6196428571428572,-0.6281506493506493,-0.6365337662337662,-0.6412627705627705,-0.6446359307359307,-0.6470389610389611,-0.6489790043290043,-0.6491489177489178,-0.647891341991342,-0.6456952380952382,-0.6430541125541126,-0.6371826839826841,-0.6302870129870131,-0.6223116883116883,-0.6160285714285715,-0.6085491932310114,-0.599617316017316,-0.5935856749311295,-0.5886190476190477,-0.5835805194805196,-0.5791655844155843,-0.5746909090909091,-0.5696140692640692,-0.5691822510822511,-0.5666902007083825
0.20169696969696974,0.20261385281385283,0.2045437229437229,0.20435151515151517,0.20427878787878778,0.2027619047619047,0.2014229437229437,0.19827878787878783,0.19778181818181817,0.19453939393939398,0.18889393939393945,0.18307056277056272,0.17836536796536787,0.17141774891774889,0.16446320346320353,0.1595779220779221,0.15107012987012983,0.14268701298701297,0.13795800865800872,0.1345848484848485,0.13218181818181815,0.13024177489177485,0.13007186147186142,0.13132943722943724,0.13352554112554105,0.13616666666666657,0.14203809523809519,0.14893376623376614,0.15690909090909091,0.16319220779220775,0.17067158598976784,0.17960346320346313,0.18563510428964972,0.1906017316017315,0.1956402597402597,0.20005519480519487,0.20452987012987006,0.20960670995671002,0.21003852813852814,0.21253057851239673
0.052995670995670985,0.06625021645021656,0.06818008658008662,0.0679878787878789,0.06791515151515153,0.06639826839826843,0.06505930735930743,0.06191515151515157,0.06141818181818189,0.0581757575757577,0.05253030303030316,0.046706926406926454,0.04200173160173159,0.0350541125541126,0.038586580086580204,0.1439123376623378,0.18769350649350647,0.2270376623376622,0.2415943722943724,0.23848095238095238,0.23607792207792205,0.23413787878787876,0.24117575757575743,0.278569696969697,0.2678112554112554,0.24314718614718622,0.21586926406926404,0.18412857142857153,0.1511948051948054,0.1134519480519482,0.08235989767807955,0.04970086580086586,0.02199874065328615,-0.006151515151515149,-0.033775324675324625,-0.054327922077921996,-0.06689870129870133,-0.07503614718614708,-0.07626017316017317,-0.08201487603305771
-0.5775238095238096,-0.5766069264069263,-0.5746770562770563,-0.5748692640692641,-0.5749419913419914,-0.5764588744588746,-0.5777978354978355,-0.5809419913419914,-0.5814389610389611,-0.5846813852813852,-0.5903268398268398,-0.5961502164502165,-0.6008554112554113,-0.6078030303030304,-0.6147575757575757,-0.6196428571428572,-0.6281506493506493,-0.6365337662337662,-0.6412627705627705,-0.6446359307359307,-0.6470389610389611,-0.6489790043290043,-0.6491489177489178,-0.647891341991342,-0.6456952380952382,-0.6430541125541126,-0.6371826839826841,-0.6302870129870131,-0.6223116883116883,-0.6160285714285715,-0.6085491932310114,-0.599617316017316,-0.5935856749311295,-0.5886190476190477,-0.5835805194805196,-0.5791655844155843,-0.5746909090909091,-0.5696140692640692,-0.5691822510822511,-0.5666902007083825
0.11078787878787881,0.11170476190476192,0.11363463203463198,0.11344242424242426,0.11336969696969688,0.1118528138528138,0.11051385281385279,0.10736969696969693,0.10687272727272726,0.10363030303030306,0.09798484848484852,0.09216147186147182,0.08745627705627695,0.08050865800865796,0.07355411255411261,0.06866883116883118,0.06016103896103892,0.05177792207792206,0.0470489177489178,0.04367575757575758,0.04127272727272724,0.039332683982683955,0.039162770562770524,0.040420346320346315,0.04261645021645012,0.04525757575757568,0.05112900432900427,0.058024675324675236,0.066,0.07228311688311682,0.07976249508067693,0.08869437229437223,0.0947260133805588,0.09969264069264058,0.10473116883116877,0.10914610389610396,0.11362077922077916,0.11869761904761912,0.11912943722943724,0.12162148760330582
-0.0567445887445887,-0.057126406926406914,-0.055196536796536855,-0.05538874458874457,-0.053123809523809615,-0.04480303030303027,-0.04448614718614715,-0.036364069264069335,-0.020010389610389666,0.001649783549783596,0.015192640692640735,0.04022965367965362,0.06927445887445888,0.09544372294372289,0.1216060606060607,0.1524350649350651,0.18665454545454543,0.21216753246753256,0.24055541125541138,0.26637056277056287,0.2808831168831167,0.2857937229437228,0.28403290043290047,0.26996580086580085,0.25560346320346317,0.24054978354978357,0.21606406926406924,0.18929090909090912,0.1561298701298704,0.12364675324675335,0.08723002754820942,0.06207099567099564,0.03498575364029923,0.006932900432900439,-0.016307792207792174,-0.036633116883116844,-0.052612987012987035,-0.053250432900432854,-0.06197445887445887,-0.06113825265643441
-0.5775238095238096,-0.5766069264069263,-0.5746770562770563,-0.5748692640692641,-0.5749419913419914,-0.5764588744588746,-0.5777978354978355,-0.5809419913419914,-0.5814389610389611,-0.5846813852813852,-0.5903268398268398,-0.5961502164502165,-0.6008554112554113,-0.6078030303030304,-0.6147575757575757,-0.6196428571428572,-0.6281506493506493,-0.6365337662337662,-0.6412627705627705,-0.6446359307359307,-0.6470389610389611,-0.6489790043290043,-0.6491489177489178,-0.647891341991342,-0.6456952380952382,-0.6430541125541126,-0.6371826839826841,-0.6302870129870131,-0.6223116883116883,-0.6160285714285715,-0.6085491932310114,-0.599617316017316,-0.5935856749311295,-0.5886190476190477,-0.5835805194805196,-0.5791655844155843,-0.5746909090909091,-0.5696140692640692,-0.5691822510822511,-0.5666902007083825
0.2276709956709958,0.2285878787878789,0.23051774891774895,0.23032554112554124,0.23025281385281385,0.22873593073593076,0.22739696969696976,0.2242528138528139,0.22375584415584424,0.22051341991342005,0.2148679653679655,0.20904458874458878,0.20433939393939393,0.19739177489177495,0.1904372294372296,0.18555194805194816,0.1770441558441559,0.16866103896103904,0.1639320346320348,0.16055887445887457,0.15815584415584422,0.15621580086580092,0.1560458874458875,0.1573034632034633,0.1594995670995671,0.16327705627705627,0.17723290043290046,0.1808168831168831,0.18781818181818194,0.20062727272727268,0.20963262495080678,0.2185645021645021,0.22459614325068866,0.22956277056277047,0.23460129870129864,0.23901623376623382,0.24232207792207783,0.2366521645021647,0.2360125541125542,0.2385046044864228
-0.04505627705627694,-0.04413939393939384,-0.04220952380952377,-0.04240173160173149,-0.042474458874458866,-0.04350432900432895,-0.037278354978354945,-0.03438354978354981,-0.02039999999999998,-0.006467099567099521,0.013893939393939419,0.03930432900432905,0.05719653679653672,0.0832034632034632,0.11874891774891777,0.14983766233766244,0.17496623376623377,0.2074922077922077,0.23925670995671017,0.25802640692640705,0.2802337662337663,0.2857937229437228,0.28403290043290047,0.26996580086580085,0.2548242424242424,0.23016017316017323,0.20307705627705624,0.17685584415584424,0.15080519480519503,0.1134519480519482,0.0862560015741835,0.06138917748917753,0.02641432506887061,0.0056341991341992146,-0.020788311688311547,-0.04052922077922061,-0.043262337662337606,-0.04928939393939381,-0.05567575757575748,-0.05983955135773309
-0.5775238095238096,-0.5766069264069263,-0.5746770562770563,-0.5748692640692641,-0.5749419913419914,-0.5764588744588746,-0.5777978354978355,-0.5809419913419914,-0.5814389610389611,-0.5846813852813852,-0.5903268398268398,-0.5961502164502165,-0.6008554112554113,-0.6078030303030304,-0.6147575757575757,-0.6196428571428572,-0.6281506493506493,-0.6365337662337662,-0.6412627705627705,-0.6446359307359307,-0.6470389610389611,-0.6489790043290043,-0.6491489177489178,-0.647891341991342,-0.6456952380952382,-0.6430541125541126,-0.6371826839826841,-0.6302870129870131,-0.6223116883116883,-0.6160285714285715,-0.6085491932310114,-0.599617316017316,-0.5935856749311295,-0.5886190476190477,-0.5835805194805196,-0.5791655844155843,-0.5746909090909091,-0.5696140692640692,-0.5691822510822511,-0.5666902007083825
0.37052813852813854,0.37144502164502163,0.3733748917748917,0.373182683982684,0.37090216450216457,0.3646125541125541,0.3689554112554113,0.35740216450216444,0.365574025974026,0.3633705627705628,0.3586991341991343,0.3635900432900433,0.3557679653679654,0.3415476190476191,0.34121645021645025,0.3176948051948052,0.3079532467532467,0.31427792207792216,0.30971125541125577,0.3117601731601731,0.30231168831168836,0.3074170995670995,0.30013679653679665,0.30016060606060607,0.30313593073593065,0.31425108225108206,0.31444069264069285,0.3185766233766233,0.3153506493506494,0.3418935064935065,0.3518404171585992,0.34859696969696985,0.35057016922471484,0.3497251082251081,0.3636272727272727,0.3688863636363637,0.3745298701298701,0.387463852813853,0.3855580086580089,0.3939916174734358
0.9809177489177489,0.9818346320346322,0.984478787878788,0.9934424242424243,0.9918112554112553,0.9706190476190475,0.9668125541125542,0.9536034632034631,0.9510285714285713,0.9477861471861472,0.9431147186147186,0.9495640692640692,0.9522614718614717,0.9389502164502163,0.9397229437229437,0.9267857142857144,0.9128883116883115,0.9121025974025974,0.9058800865800867,0.9008186147186147,0.8984155844155843,0.8964755411255411,0.8963056277056277,0.8975632034632035,0.8997593073593073,0.9035367965367965,0.919765367965368,0.9167259740259739,0.9118441558441557,0.9278675324675324,0.9365806768988587,0.9390839826839826,0.9391415977961431,0.9438484848484848,0.9488870129870131,0.9533019480519481,0.9589454545454544,0.9747690476190477,0.9762722943722943,0.9787643447461629
-0.5775238095238096,-0.5766069264069263,-0.5746770562770563,-0.5748692640692641,-0.5749419913419914,-0.5764588744588746,-0.5777978354978355,-0.5809419913419914,-0.5814389610389611,-0.5846813852813852,-0.5903268398268398,-0.5961502164502165,-0.6008554112554113,-0.6078030303030304,-0.6147575757575757,-0.6196428571428572,-0.6281506493506493,-0.6365337662337662,-0.6412627705627705,-0.6446359307359307,-0.6470389610389611,-0.6489790043290043,-0.6491489177489178,-0.647891341991342,-0.6456952380952382,-0.6430541125541126,-0.6371826839826841,-0.6302870129870131,-0.6223116883116883,-0.6160285714285715,-0.6085491932310114,-0.599617316017316,-0.5935856749311295,-0.5886190476190477,-0.5835805194805196,-0.5791655844155843,-0.5746909090909091,-0.5696140692640692,-0.5691822510822511,-0.5666902007083825
0.3835151515151517,0.38443203463203485,0.3863619047619049,0.38616969696969716,0.38375930735930736,0.37289177489177494,0.37746190476190483,0.3690904761904762,0.366612987012987,0.3639874458874459,0.3668160173160174,0.3648887445887447,0.35979393939393944,0.34670995670995686,0.3414112554112555,0.3176948051948052,0.3079532467532467,0.31515454545454546,0.3196463203463205,0.31305887445887454,0.3081558441558443,0.31176774891774894,0.31189004329004344,0.31314761904761923,0.31534372294372304,0.3179848484848486,0.323661471861472,0.3244857142857144,0.3193766233766234,0.341925974025974,0.3518404171585992,0.34859696969696985,0.3516091302636757,0.3595303030303028,0.36940649350649357,0.3805746753246755,0.3768675324675325,0.3903534632034633,0.3918567099567101,0.39434876033057875
0.9809177489177489,0.9818346320346322,0.9837645021645021,0.9835722943722944,0.9788242424242423,0.9581190476190474,0.9610333333333332,0.9437982683982684,0.9466129870129869,0.9360978354978354,0.9382445887445887,0.93784329004329,0.9396640692640691,0.9332359307359306,0.9384242424242425,0.9150974025974027,0.9048363636363638,0.9033688311688313,0.8929580086580087,0.8881238095238094,0.8912727272727273,0.8868326839826839,0.8851367965367964,0.8962645021645024,0.8930060606060608,0.8999653679653679,0.9080770562770563,0.9094532467532466,0.9105454545454544,0.9164389610389609,0.9235936639118457,0.9260969696969696,0.9261545848091302,0.9309588744588744,0.940835064935065,0.9520032467532469,0.9482961038961039,0.9648989177489178,0.9755580086580086,0.9787643447461629
-0.5775238095238096,-0.5766069264069263,-0.5746770562770563,-0.5748692640692641,-0.5749419913419914,-0.5764588744588746,-0.5777978354978355,-0.5809419913419914,-0.5814389610389611,-0.5846813852813852,-0.5903268398268398,-0.5961502164502165,-0.6008554112554113,-0.6078030303030304,-0.6147575757575757,-0.6196428571428572,-0.6281506493506493,-0.6365337662337662,-0.6412627705627705,-0.6446359307359307,-0.6470389610389611,-0.6489790043290043,-0.6491489177489178,-0.647891341991342,-0.6456952380952382,-0.6430541125541126,-0.6371826839826841,-0.6302870129870131,-0.6223116883116883,-0.6160285714285715,-0.6085491932310114,-0.599617316017316,-0.5935856749311295,-0.5886190476190477,-0.5835805194805196,-0.5791655844155843,-0.5746909090909091,-0.5696140692640692,-0.5691822510822511,-0.5666902007083825
0.33156709956709957,0.3324839826839827,0.3344138528138528,0.33636450216450225,0.35310995670995654,0.3342554112554112,0.3312930735930736,0.3281489177489177,0.327651948051948,0.32440952380952387,0.3187640692640693,0.3129406926406926,0.30823549783549775,0.3012878787878787,0.2943333333333334,0.28944805194805195,0.2809402597402597,0.27255714285714283,0.2678281385281386,0.26416277056277065,0.25555844155844154,0.24741709956709945,0.24695497835497832,0.2482125541125541,0.2504086580086579,0.25304978354978347,0.2617783549783551,0.2780571428571429,0.2867792207792208,0.29306233766233764,0.3005417158598977,0.309473593073593,0.3155052341597796,0.32047186147186135,0.3255103896103896,0.32992532467532476,0.3343999999999999,0.3394768398268399,0.339908658008658,0.3424007083825266
0.9289696969696969,0.9298865800865802,0.9318164502164502,0.9316242424242425,0.9315515151515151,0.9300346320346319,0.9286956709956711,0.9255515151515151,0.9250545454545454,0.9211952380952382,0.9080497835497837,0.9090445887445887,0.9012225108225106,0.8870021645021643,0.8888787878787879,0.8866883116883117,0.8734077922077922,0.8657064935064935,0.8651658008658011,0.8618575757575757,0.8594545454545455,0.8575145021645021,0.8573445887445887,0.8586021645021646,0.8607982683982683,0.8634393939393938,0.8693108225108225,0.8756545454545454,0.8756103896103896,0.8775103896103895,0.8885287288469108,0.9001878787878788,0.9097909484454939,0.9178744588744588,0.9229129870129871,0.9273279220779221,0.9318025974025973,0.9368794372294373,0.9367268398268398,0.9319136953955136
-0.5775238095238096,-0.5766069264069263,-0.5746770562770563,-0.5748692640692641,-0.5749419913419914,-0.5764588744588746,-0.5777978354978355,-0.5809419913419914,-0.5814389610389611,-0.5846813852813852,-0.5903268398268398,-0.5961502164502165,-0.6008554112554113,-0.6078030303030304,-0.6147575757575757,-0.6196428571428572,-0.6281506493506493,-0.6365337662337662,-0.6412627705627705,-0.6446359307359307,-0.6470389610389611,-0.6489790043290043,-0.6491489177489178,-0.647891341991342,-0.6456952380952382,-0.6430541125541126,-0.6371826839826841,-0.6302870129870131,-0.6223116883116883,-0.6160285714285715,-0.6085491932310114,-0.599617316017316,-0.5935856749311295,-0.5886190476190477,-0.5835805194805196,-0.5791655844155843,-0.5746909090909091,-0.5696140692640692,-0.5691822510822511,-0.5666902007083825
-0.00609523809523807,-0.005178354978354968,-0.003248484848484906,-0.003440692640692619,-0.003513419913419999,-0.005030303030303088,-0.006369264069264097,-0.00951341991341995,-0.010010389610389627,-0.013252813852813818,-0.018898268398268355,-0.024721645021645065,-0.02942683982683993,-0.03637445887445892,-0.043329004329004266,-0.048214285714285696,-0.05672207792207796,-0.06510519480519482,-0.06983419913419908,-0.0732073593073593,-0.07561038961038964,-0.07755043290043293,-0.07772034632034636,-0.07646277056277057,-0.07426666666666676,-0.0716255411255412,-0.06575411255411262,-0.05885844155844165,-0.05088311688311687,-0.044600000000000056,-0.03712062180243996,-0.028188744588744655,-0.02215710350255808,-0.017190476190476298,-0.012151948051948106,-0.007737012987012927,-0.0032623376623377182,0.0018145021645022343,0.0022463203463203556,0.005679929161747356
0.9809177489177489,0.9818346320346322,0.9837645021645021,0.9835722943722944,0.9834995670995671,0.9819826839826838,0.980643722943723,0.9774995670995671,0.9770025974025973,0.97314329004329,0.9590238095238094,0.950830303030303,0.9522614718614717,0.9382034632034633,0.9306969696969698,0.9258116883116883,0.917303896103896,0.9089207792207791,0.904191774891775,0.9008186147186147,0.8984155844155843,0.8964755411255411,0.8963056277056277,0.8975632034632035,0.8997593073593073,0.9024004329004328,0.9082718614718615,0.9151675324675322,0.923142857142857,0.9294259740259739,0.9369053522235341,0.9458372294372294,0.951868870523416,0.9568354978354978,0.961874025974026,0.9662889610389611,0.9707636363636362,0.9758404761904763,0.9762722943722943,0.9777371900826448
-0.5775238095238096,-0.5766069264069263,-0.5746770562770563,-0.5748692640692641,-0.5749419913419914,-0.5764588744588746,-0.5777978354978355,-0.5809419913419914,-0.5814389610389611,-0.5846813852813852,-0.5903268398268398,-0.5961502164502165,-0.6008554112554113,-0.6078030303030304,-0.6147575757575757,-0.6196428571428572,-0.6281506493506493,-0.6365337662337662,-0.6412627705627705,-0.6446359307359307,-0.6470389610389611,-0.6489790043290043,-0.6491489177489178,-0.647891341991342,-0.6456952380952382,-0.6430541125541126,-0.6371826839826841,-0.6302870129870131,-0.6223116883116883,-0.6160285714285715,-0.6085491932310114,-0.599617316017316,-0.5935856749311295,-0.5886190476190477,-0.5835805194805196,-0.5791655844155843,-0.5746909090909091,-0.5696140692640692,-0.5691822510822511,-0.5666902007083825
-0.00609523809523807,-0.005178354978354968,-0.003248484848484906,-0.003440692640692619,-0.003513419913419999,-0.005030303030303088,-0.006369264069264097,-0.00951341991341995,-0.010010389610389627,-0.013252813852813818,-0.018898268398268355,-0.024721645021645065,-0.02942683982683993,-0.03637445887445892,-0.043329004329004266,-0.048214285714285696,-0.05672207792207796,-0.06510519480519482,-0.06983419913419908,-0.0732073593073593,-0.07561038961038964,-0.07755043290043293,-0.07772034632034636,-0.07646277056277057,-0.07426666666666676,-0.0716255411255412,-0.06575411255411262,-0.05885844155844165,-0.05088311688311687,-0.044600000000000056,-0.03712062180243996,-0.028188744588744655,-0.02215710350255808,-0.017190476190476298,-0.012151948051948106,-0.007737012987012927,-0.0032623376623377182,0.0018145021645022343,0.0022463203463203556,0.005679929161747356
0.9679307359307359,0.9709255411255412,0.9769787878787879,0.9776145021645023,0.9805774891774892,0.9698073593073592,0.96765670995671,0.9645125541125541,0.9640155844155843,0.9607731601731602,0.9551277056277058,0.9493043290043288,0.944599134199134,0.937651515151515,0.9306969696969698,0.9258116883116883,0.917303896103896,0.9089207792207791,0.904191774891775,0.9008186147186147,0.8984155844155843,0.8964755411255411,0.8963056277056277,0.8975632034632035,0.8993696969696968,0.8972056277056275,0.9017783549783549,0.9086740259740258,0.9166493506493506,0.9229324675324675,0.9302495080676899,0.9359670995670994,0.9400506887052342,0.9556341991341991,0.961874025974026,0.9662889610389611,0.9707636363636362,0.9756132034632036,0.9702982683982685,0.9633097992916175
-0.5775238095238096,-0.5766069264069263,-0.5746770562770563,-0.5748692640692641,-0.5749419913419914,-0.5764588744588746,-0.5777978354978355,-0.5809419913419914,-0.5814389610389611,-0.5846813852813852,-0.5903268398268398,-0.5961502164502165,-0.6008554112554113,-0.6078030303030304,-0.6147575757575757,-0.6196428571428572,-0.6281506493506493,-0.6365337662337662,-0.6412627705627705,-0.6446359307359307,-0.6470389610389611,-0.6489790043290043,-0.6491489177489178,-0.647891341991342,-0.6456952380952382,-0.6430541125541126,-0.6371826839826841,-0.6302870129870131,-0.6223116883116883,-0.6160285714285715,-0.6085491932310114,-0.599617316017316,-0.5935856749311295,-0.5886190476190477,-0.5835805194805196,-0.5791655844155843,-0.5746909090909091,-0.5696140692640692,-0.5691822510822511,-0.5666902007083825
0.04585281385281388,0.04676969696969698,0.04869956709956704,0.048507359307359325,0.04843463203463195,0.04691774891774886,0.04557878787878785,0.042434632034632,0.04193766233766232,0.03869523809523813,0.03304978354978359,0.027226406926406883,0.02252121212121202,0.015573593073593028,0.008619047619047679,0.0037337662337662524,-0.004774025974026014,-0.013157142857142876,-0.017886147186147134,-0.02125930735930735,-0.023662337662337697,-0.02560238095238098,-0.02577229437229441,-0.024514718614718618,-0.02231861471861481,-0.019677489177489255,-0.013806060606060665,-0.0069103896103897,0.0010649350649350746,0.007348051948051894,0.014827430145611989,0.023759307359307293,0.02979094844549387,0.03475757575757565,0.03979610389610384,0.04421103896103902,0.04868571428571423,0.053762554112554185,0.0541943722943723,0.056686422668240886
0.9289696969696969,0.9298865800865802,0.9318164502164502,0.9316242424242425,0.9316813852813852,0.9352294372294375,0.9412281385281387,0.9385385281385281,0.9380415584415583,0.9347991341991342,0.9291536796536798,0.923330303030303,0.918625108225108,0.911677489177489,0.9047229437229438,0.8998376623376623,0.8908103896103896,0.8755116883116887,0.8764645021645021,0.8748445887445887,0.8724415584415584,0.8705015151515151,0.8703316017316017,0.8715891774891775,0.8730060606060605,0.8671731601731604,0.8811939393939394,0.8891935064935063,0.8962597402597406,0.8932896103896105,0.9060611963793782,0.9074930735930735,0.912907831562377,0.9178744588744588,0.9229129870129871,0.9273279220779221,0.9318025974025973,0.9368794372294373,0.9367268398268398,0.9309721369539551
-0.5775238095238096,-0.5766069264069263,-0.5746770562770563,-0.5748692640692641,-0.5749419913419914,-0.5764588744588746,-0.5777978354978355,-0.5809419913419914,-0.5814389610389611,-0.5846813852813852,-0.5903268398268398,-0.5961502164502165,-0.6008554112554113,-0.6078030303030304,-0.6147575757575757,-0.6196428571428572,-0.6281506493506493,-0.6365337662337662,-0.6412627705627705,-0.6446359307359307,-0.6470389610389611,-0.6489790043290043,-0.6491489177489178,-0.647891341991342,-0.6456952380952382,-0.6430541125541126,-0.6371826839826841,-0.6302870129870131,-0.6223116883116883,-0.6160285714285715,-0.6085491932310114,-0.599617316017316,-0.5935856749311295,-0.5886190476190477,-0.5835805194805196,-0.5791655844155843,-0.5746909090909091,-0.5696140692640692,-0.5691822510822511,-0.5666902007083825
